1,0.1346304899371583,1,0.3279829119726682,0.4956786339339705,0.1676957219613024
2,0.1676957219613024,1,0.3523254691442212,0.5352820674243594,0.1829565982801381
3,0.1829565982801381,1,0.3638074340787385,0.5518509911318218,0.1880435570530833
4,0.1880435570530833,0.9556772691957369,0.3520649394501326,0.532478058343798,0.1804131188936655
5,0.1804131188936655,1,0.3636535287492602,0.5491536064158709,0.1855000776666107
6,0.1855000776666107,1,0.3664805530231208,0.5545241100762041,0.1880435570530833
7,0.1880435570530833,1,0.366586473391762,0.557173509831318,0.1905870364395559
8,0.1905870364395559,1,0.369212681032517,0.5597997174720729,0.1905870364395559
9,0.1905870364395559,1,0.369212681032517,0.5597997174720729,0.1905870364395559
10,0.1905870364395559,1,0.369212681032517,0.5597997174720729,0.1905870364395559
11,0.1905870364395559,1,0.369212681032517,0.5597997174720729,0.1905870364395559
12,0.1905870364395559,1,0.369212681032517,0.5597997174720729,0.1905870364395559
13,0.1905870364395559,1,0.369212681032517,0.5597997174720729,0.1905870364395559
14,0.1905870364395559,1,0.369212681032517,0.5597997174720729,0.1905870364395559
15,0.1905870364395559,1,0.369212681032517,0.5597997174720729,0.1905870364395559
16,0.1905870364395559,1,0.369212681032517,0.5597997174720729,0.1905870364395559
17,0.1905870364395559,1,0.369212681032517,0.5597997174720729,0.1905870364395559
18,0.1905870364395559,0.9556772691957369,0.3545747463965902,0.5349878652902557,0.1804131188936655
19,0.1804131188936655,1,0.3636535287492602,0.5491536064158709,0.1855000776666107
20,0.1855000776666107,0.9556772691957369,0.3495329683271575,0.5299460872208229,0.1804131188936655
21,0.1804131188936655,0.9556772691957369,0.3469439794413172,0.52481361894851,0.1778696395071928
22,0.1778696395071928,1,0.3609313111635144,0.5464313888301251,0.1855000776666107
23,0.1855000776666107,0.9556772691957369,0.3495329683271575,0.5299460872208229,0.1804131188936655
24,0.1804131188936655,1,0.3636535287492602,0.5491536064158709,0.1855000776666107
25,0.1855000776666107,0.9556772691957369,0.3495329683271575,0.5299460872208229,0.1804131188936655
26,0.1804131188936655,0.9556772691957369,0.3469439794413172,0.52481361894851,0.1778696395071928
27,0.1778696395071928,1,0.3609313111635144,0.5464313888301251,0.1855000776666107
28,0.1855000776666107,1,0.3664805530231208,0.5545241100762041,0.1880435570530833
29,0.1880435570530833,0.9556772691957369,0.3520649394501326,0.532478058343798,0.1804131188936655
30,0.1804131188936655,0.9556772691957369,0.3469439794413172,0.52481361894851,0.1778696395071928
31,0.1778696395071928,1.046378345737535,0.3786434568771014,0.57177397270313,0.1931305158260286
32,0.1931305158260286,1,0.3718162050726434,0.5624032415121993,0.1905870364395559
33,0.1905870364395559,1,0.369212681032517,0.5597997174720729,0.1905870364395559
34,0.1905870364395559,0.9556772691957369,0.3545747463965902,0.5349878652902557,0.1804131188936655
35,0.1804131188936655,1,0.3636535287492602,0.5491536064158709,0.1855000776666107
36,0.1855000776666107,1,0.3664805530231208,0.5545241100762041,0.1880435570530833
37,0.1880435570530833,1.046378345737535,0.3847968209070969,0.5830142955060706,0.1982174745989738
38,0.1982174745989738,1,0.3744136694911249,0.5675441853171534,0.1931305158260286
39,0.1931305158260286,1.046378345737535,0.387725619505516,0.5884865734909625,0.2007609539854464
40,0.2007609539854464,1.046378345737535,0.393217588666246,0.5965220220381651,0.203304433371919
41,0.203304433371919,1,0.379469554763155,0.5726000705891836,0.1931305158260286
42,0.1931305158260286,1,0.3718162050726434,0.5624032415121993,0.1905870364395559
43,0.1905870364395559,1,0.369212681032517,0.5597997174720729,0.1905870364395559
44,0.1905870364395559,1,0.369212681032517,0.5597997174720729,0.1905870364395559
45,0.1905870364395559,1.046378345737535,0.3875448277137933,0.585762302312767,0.1982174745989738
46,0.1982174745989738,1,0.3744136694911249,0.5675441853171534,0.1931305158260286
47,0.1931305158260286,1,0.3718162050726434,0.5624032415121993,0.1905870364395559
48,0.1905870364395559,1,0.369212681032517,0.5597997174720729,0.1905870364395559
49,0.1905870364395559,1.046378345737535,0.3875448277137933,0.585762302312767,0.1982174745989738
50,0.1982174745989738,1,0.3744136694911249,0.5675441853171534,0.1931305158260286
51,0.1931305158260286,0.9556772691957369,0.3545193957550711,0.5374759940352092,0.1829565982801381
52,0.1829565982801381,1,0.3638074340787385,0.5518509911318218,0.1880435570530833
53,0.1880435570530833,1,0.366586473391762,0.557173509831318,0.1905870364395559
54,0.1905870364395559,1,0.369212681032517,0.5597997174720729,0.1905870364395559
55,0.1905870364395559,1,0.369212681032517,0.5597997174720729,0.1905870364395559
56,0.1905870364395559,0.9556772691957369,0.3545747463965902,0.5349878652902557,0.1804131188936655
57,0.1804131188936655,1,0.3636535287492602,0.5491536064158709,0.1855000776666107
58,0.1855000776666107,1,0.3664805530231208,0.5545241100762041,0.1880435570530833
59,0.1880435570530833,1,0.366586473391762,0.557173509831318,0.1905870364395559
60,0.1905870364395559,1.046378345737535,0.3875448277137933,0.585762302312767,0.1982174745989738
61,0.1982174745989738,1,0.3744136694911249,0.5675441853171534,0.1931305158260286
62,0.1931305158260286,1,0.3718162050726434,0.5624032415121993,0.1905870364395559
63,0.1905870364395559,1,0.369212681032517,0.5597997174720729,0.1905870364395559
64,0.1905870364395559,1,0.369212681032517,0.5597997174720729,0.1905870364395559
65,0.1905870364395559,0.9556772691957369,0.3545747463965902,0.5349878652902557,0.1804131188936655
66,0.1804131188936655,1,0.3636535287492602,0.5491536064158709,0.1855000776666107
67,0.1855000776666107,1,0.3664805530231208,0.5545241100762041,0.1880435570530833
68,0.1880435570530833,1,0.366586473391762,0.557173509831318,0.1905870364395559
69,0.1905870364395559,1.046378345737535,0.3875448277137933,0.585762302312767,0.1982174745989738
70,0.1982174745989738,1,0.3744136694911249,0.5675441853171534,0.1931305158260286
71,0.1931305158260286,1,0.3718162050726434,0.5624032415121993,0.1905870364395559
72,0.1905870364395559,0.9556772691957369,0.3545747463965902,0.5349878652902557,0.1804131188936655
73,0.1804131188936655,1.046378345737535,0.3789484470247391,0.5746224422372402,0.1956739952125012
74,0.1956739952125012,0.9556772691957369,0.3569863153841631,0.5399429136643012,0.1829565982801381
75,0.1829565982801381,1,0.3638074340787385,0.5518509911318218,0.1880435570530833
76,0.1880435570530833,1,0.366586473391762,0.557173509831318,0.1905870364395559
77,0.1905870364395559,1,0.369212681032517,0.5597997174720729,0.1905870364395559
78,0.1905870364395559,1,0.369212681032517,0.5597997174720729,0.1905870364395559
79,0.1905870364395559,1,0.369212681032517,0.5597997174720729,0.1905870364395559
80,0.1905870364395559,1.046378345737535,0.3875448277137933,0.585762302312767,0.1982174745989738
81,0.1982174745989738,0.9556772691957369,0.3568889995052058,0.5423890771718165,0.1855000776666107
82,0.1855000776666107,1,0.3664805530231208,0.5545241100762041,0.1880435570530833
83,0.1880435570530833,1,0.366586473391762,0.557173509831318,0.1905870364395559
84,0.1905870364395559,1,0.369212681032517,0.5597997174720729,0.1905870364395559
85,0.1905870364395559,1.046378345737535,0.3875448277137933,0.585762302312767,0.1982174745989738
86,0.1982174745989738,1,0.3744136694911249,0.5675441853171534,0.1931305158260286
87,0.1931305158260286,1,0.3718162050726434,0.5624032415121993,0.1905870364395559
88,0.1905870364395559,0.9556772691957369,0.3545747463965902,0.5349878652902557,0.1804131188936655
89,0.1804131188936655,1,0.3636535287492602,0.5491536064158709,0.1855000776666107
90,0.1855000776666107,1,0.3664805530231208,0.5545241100762041,0.1880435570530833
91,0.1880435570530833,1.046378345737535,0.3847968209070969,0.5830142955060706,0.1982174745989738
92,0.1982174745989738,0.9556772691957369,0.3568889995052058,0.5423890771718165,0.1855000776666107
93,0.1855000776666107,1,0.3664805530231208,0.5545241100762041,0.1880435570530833
94,0.1880435570530833,1,0.366586473391762,0.557173509831318,0.1905870364395559
95,0.1905870364395559,1,0.369212681032517,0.5597997174720729,0.1905870364395559
96,0.1905870364395559,1,0.369212681032517,0.5597997174720729,0.1905870364395559
97,0.1905870364395559,0.9556772691957369,0.3545747463965902,0.5349878652902557,0.1804131188936655
98,0.1804131188936655,1,0.3636535287492602,0.5491536064158709,0.1855000776666107
99,0.1855000776666107,1,0.3664805530231208,0.5545241100762041,0.1880435570530833
100,0.1880435570530833,1.046378345737535,0.3847968209070969,0.5830142955060706,0.1982174745989738
101,0.1982174745989738,0.9556772691957369,0.3568889995052058,0.5423890771718165,0.1855000776666107
102,0.1855000776666107,1,0.3664805530231208,0.5545241100762041,0.1880435570530833
103,0.1880435570530833,1,0.366586473391762,0.557173509831318,0.1905870364395559
104,0.1905870364395559,1,0.369212681032517,0.5597997174720729,0.1905870364395559
105,0.1905870364395559,0.9556772691957369,0.3545747463965902,0.5349878652902557,0.1804131188936655
106,0.1804131188936655,1,0.3636535287492602,0.5491536064158709,0.1855000776666107
107,0.1855000776666107,1,0.3664805530231208,0.5545241100762041,0.1880435570530833
108,0.1880435570530833,1,0.366586473391762,0.557173509831318,0.1905870364395559
109,0.1905870364395559,1,0.369212681032517,0.5597997174720729,0.1905870364395559
110,0.1905870364395559,1,0.369212681032517,0.5597997174720729,0.1905870364395559
111,0.1905870364395559,1,0.369212681032517,0.5597997174720729,0.1905870364395559
112,0.1905870364395559,1,0.369212681032517,0.5597997174720729,0.1905870364395559
113,0.1905870364395559,1,0.369212681032517,0.5597997174720729,0.1905870364395559
114,0.1905870364395559,1,0.369212681032517,0.5597997174720729,0.1905870364395559
115,0.1905870364395559,1,0.369212681032517,0.5597997174720729,0.1905870364395559
116,0.1905870364395559,0.9556772691957369,0.3545747463965902,0.5349878652902557,0.1804131188936655
117,0.1804131188936655,1,0.3636535287492602,0.5491536064158709,0.1855000776666107
118,0.1855000776666107,1,0.3664805530231208,0.5545241100762041,0.1880435570530833
119,0.1880435570530833,1,0.366586473391762,0.557173509831318,0.1905870364395559
120,0.1905870364395559,1.046378345737535,0.3875448277137933,0.585762302312767,0.1982174745989738
121,0.1982174745989738,1,0.3744136694911249,0.5675441853171534,0.1931305158260286
122,0.1931305158260286,1,0.3718162050726434,0.5624032415121993,0.1905870364395559
123,0.1905870364395559,1,0.369212681032517,0.5597997174720729,0.1905870364395559
124,0.1905870364395559,0.9556772691957369,0.3545747463965902,0.5349878652902557,0.1804131188936655
125,0.1804131188936655,1,0.3636535287492602,0.5491536064158709,0.1855000776666107
126,0.1855000776666107,1.046378345737535,0.3820245463741433,0.5802420209731171,0.1982174745989738
127,0.1982174745989738,0.9556772691957369,0.3568889995052058,0.5423890771718165,0.1855000776666107
128,0.1855000776666107,1,0.3664805530231208,0.5545241100762041,0.1880435570530833
129,0.1880435570530833,1,0.366586473391762,0.557173509831318,0.1905870364395559
130,0.1905870364395559,1,0.369212681032517,0.5597997174720729,0.1905870364395559
131,0.1905870364395559,1,0.369212681032517,0.5597997174720729,0.1905870364395559
132,0.1905870364395559,1,0.369212681032517,0.5597997174720729,0.1905870364395559
133,0.1905870364395559,1,0.369212681032517,0.5597997174720729,0.1905870364395559
134,0.1905870364395559,1,0.369212681032517,0.5597997174720729,0.1905870364395559
135,0.1905870364395559,1,0.369212681032517,0.5597997174720729,0.1905870364395559
136,0.1905870364395559,1,0.369212681032517,0.5597997174720729,0.1905870364395559
137,0.1905870364395559,1,0.369212681032517,0.5597997174720729,0.1905870364395559
138,0.1905870364395559,1,0.369212681032517,0.5597997174720729,0.1905870364395559
139,0.1905870364395559,1,0.369212681032517,0.5597997174720729,0.1905870364395559
140,0.1905870364395559,1,0.369212681032517,0.5597997174720729,0.1905870364395559
141,0.1905870364395559,1,0.369212681032517,0.5597997174720729,0.1905870364395559
142,0.1905870364395559,1,0.369212681032517,0.5597997174720729,0.1905870364395559
143,0.1905870364395559,1,0.369212681032517,0.5597997174720729,0.1905870364395559
144,0.1905870364395559,1,0.369212681032517,0.5597997174720729,0.1905870364395559
145,0.1905870364395559,1.046378345737535,0.3875448277137933,0.585762302312767,0.1982174745989738
146,0.1982174745989738,1,0.3744136694911249,0.5675441853171534,0.1931305158260286
147,0.1931305158260286,1,0.3718162050726434,0.5624032415121993,0.1905870364395559
148,0.1905870364395559,1,0.369212681032517,0.5597997174720729,0.1905870364395559
149,0.1905870364395559,1,0.369212681032517,0.5597997174720729,0.1905870364395559
150,0.1905870364395559,1,0.369212681032517,0.5597997174720729,0.1905870364395559
151,0.1905870364395559,1.046378345737535,0.3875448277137933,0.585762302312767,0.1982174745989738
152,0.1982174745989738,1,0.3744136694911249,0.5675441853171534,0.1931305158260286
153,0.1931305158260286,1.046378345737535,0.387725619505516,0.5884865734909625,0.2007609539854464
154,0.2007609539854464,1,0.3769520212105242,0.5700825370365528,0.1931305158260286
155,0.1931305158260286,1,0.3718162050726434,0.5624032415121993,0.1905870364395559
156,0.1905870364395559,1,0.369212681032517,0.5597997174720729,0.1905870364395559
157,0.1905870364395559,1,0.369212681032517,0.5597997174720729,0.1905870364395559
158,0.1905870364395559,1.046378345737535,0.3875448277137933,0.585762302312767,0.1982174745989738
159,0.1982174745989738,1,0.3744136694911249,0.5675441853171534,0.1931305158260286
160,0.1931305158260286,1,0.3718162050726434,0.5624032415121993,0.1905870364395559
161,0.1905870364395559,1,0.369212681032517,0.5597997174720729,0.1905870364395559
162,0.1905870364395559,1,0.369212681032517,0.5597997174720729,0.1905870364395559
163,0.1905870364395559,1,0.369212681032517,0.5597997174720729,0.1905870364395559
164,0.1905870364395559,1.046378345737535,0.3875448277137933,0.585762302312767,0.1982174745989738
165,0.1982174745989738,1,0.3744136694911249,0.5675441853171534,0.1931305158260286
166,0.1931305158260286,1.046378345737535,0.387725619505516,0.5884865734909625,0.2007609539854464
167,0.2007609539854464,1,0.3769520212105242,0.5700825370365528,0.1931305158260286
168,0.1931305158260286,1,0.3718162050726434,0.5624032415121993,0.1905870364395559
169,0.1905870364395559,1,0.369212681032517,0.5597997174720729,0.1905870364395559
170,0.1905870364395559,1,0.369212681032517,0.5597997174720729,0.1905870364395559
171,0.1905870364395559,1,0.369212681032517,0.5597997174720729,0.1905870364395559
172,0.1905870364395559,1,0.369212681032517,0.5597997174720729,0.1905870364395559
173,0.1905870364395559,1,0.369212681032517,0.5597997174720729,0.1905870364395559
174,0.1905870364395559,1,0.369212681032517,0.5597997174720729,0.1905870364395559
175,0.1905870364395559,1,0.369212681032517,0.5597997174720729,0.1905870364395559
176,0.1905870364395559,0.9556772691957369,0.3545747463965902,0.5349878652902557,0.1804131188936655
177,0.1804131188936655,1,0.3636535287492602,0.5491536064158709,0.1855000776666107
178,0.1855000776666107,1,0.3664805530231208,0.5545241100762041,0.1880435570530833
179,0.1880435570530833,1,0.366586473391762,0.557173509831318,0.1905870364395559
180,0.1905870364395559,1,0.369212681032517,0.5597997174720729,0.1905870364395559
181,0.1905870364395559,1,0.369212681032517,0.5597997174720729,0.1905870364395559
182,0.1905870364395559,1,0.369212681032517,0.5597997174720729,0.1905870364395559
183,0.1905870364395559,1,0.369212681032517,0.5597997174720729,0.1905870364395559
184,0.1905870364395559,1,0.369212681032517,0.5597997174720729,0.1905870364395559
185,0.1905870364395559,1,0.369212681032517,0.5597997174720729,0.1905870364395559
186,0.1905870364395559,1,0.369212681032517,0.5597997174720729,0.1905870364395559
187,0.1905870364395559,1,0.369212681032517,0.5597997174720729,0.1905870364395559
188,0.1905870364395559,1,0.369212681032517,0.5597997174720729,0.1905870364395559
189,0.1905870364395559,1,0.369212681032517,0.5597997174720729,0.1905870364395559
190,0.1905870364395559,1.046378345737535,0.3875448277137933,0.585762302312767,0.1982174745989738
191,0.1982174745989738,1,0.3744136694911249,0.5675441853171534,0.1931305158260286
192,0.1931305158260286,1,0.3718162050726434,0.5624032415121993,0.1905870364395559
193,0.1905870364395559,1.046378345737535,0.3875448277137933,0.585762302312767,0.1982174745989738
194,0.1982174745989738,1,0.3744136694911249,0.5675441853171534,0.1931305158260286
195,0.1931305158260286,1.046378345737535,0.387725619505516,0.5884865734909625,0.2007609539854464
196,0.2007609539854464,1,0.3769520212105242,0.5700825370365528,0.1931305158260286
197,0.1931305158260286,1,0.3718162050726434,0.5624032415121993,0.1905870364395559
198,0.1905870364395559,1,0.369212681032517,0.5597997174720729,0.1905870364395559
199,0.1905870364395559,1,0.369212681032517,0.5597997174720729,0.1905870364395559
200,0.1905870364395559,1,0.369212681032517,0.5597997174720729,0.1905870364395559
201,0.1905870364395559,0.9556772691957369,0.3545747463965902,0.5349878652902557,0.1804131188936655
202,0.1804131188936655,1,0.3636535287492602,0.5491536064158709,0.1855000776666107
203,0.1855000776666107,1,0.3664805530231208,0.5545241100762041,0.1880435570530833
204,0.1880435570530833,1.046378345737535,0.3847968209070969,0.5830142955060706,0.1982174745989738
205,0.1982174745989738,1,0.3744136694911249,0.5675441853171534,0.1931305158260286
206,0.1931305158260286,1,0.3718162050726434,0.5624032415121993,0.1905870364395559
207,0.1905870364395559,1,0.369212681032517,0.5597997174720729,0.1905870364395559
208,0.1905870364395559,1,0.369212681032517,0.5597997174720729,0.1905870364395559
209,0.1905870364395559,1,0.369212681032517,0.5597997174720729,0.1905870364395559
210,0.1905870364395559,0.9556772691957369,0.3545747463965902,0.5349878652902557,0.1804131188936655
211,0.1804131188936655,1,0.3636535287492602,0.5491536064158709,0.1855000776666107
212,0.1855000776666107,1,0.3664805530231208,0.5545241100762041,0.1880435570530833
213,0.1880435570530833,1,0.366586473391762,0.557173509831318,0.1905870364395559
214,0.1905870364395559,1,0.369212681032517,0.5597997174720729,0.1905870364395559
215,0.1905870364395559,1,0.369212681032517,0.5597997174720729,0.1905870364395559
216,0.1905870364395559,1,0.369212681032517,0.5597997174720729,0.1905870364395559
217,0.1905870364395559,1,0.369212681032517,0.5597997174720729,0.1905870364395559
218,0.1905870364395559,1,0.369212681032517,0.5597997174720729,0.1905870364395559
219,0.1905870364395559,1,0.369212681032517,0.5597997174720729,0.1905870364395559
220,0.1905870364395559,1,0.369212681032517,0.5597997174720729,0.1905870364395559
221,0.1905870364395559,1,0.369212681032517,0.5597997174720729,0.1905870364395559
222,0.1905870364395559,1,0.369212681032517,0.5597997174720729,0.1905870364395559
223,0.1905870364395559,1,0.369212681032517,0.5597997174720729,0.1905870364395559
224,0.1905870364395559,1,0.369212681032517,0.5597997174720729,0.1905870364395559
225,0.1905870364395559,0.9556772691957369,0.3545747463965902,0.5349878652902557,0.1804131188936655
226,0.1804131188936655,0.9556772691957369,0.3469439794413172,0.52481361894851,0.1778696395071928
227,0.1778696395071928,1,0.3609313111635144,0.5464313888301251,0.1855000776666107
228,0.1855000776666107,1,0.3664805530231208,0.5545241100762041,0.1880435570530833
229,0.1880435570530833,1.046378345737535,0.3847968209070969,0.5830142955060706,0.1982174745989738
230,0.1982174745989738,1,0.3744136694911249,0.5675441853171534,0.1931305158260286
231,0.1931305158260286,1,0.3718162050726434,0.5624032415121993,0.1905870364395559
232,0.1905870364395559,1,0.369212681032517,0.5597997174720729,0.1905870364395559
233,0.1905870364395559,1,0.369212681032517,0.5597997174720729,0.1905870364395559
234,0.1905870364395559,1.046378345737535,0.3875448277137933,0.585762302312767,0.1982174745989738
235,0.1982174745989738,1.046378345737535,0.3931049917796736,0.59386594576512,0.2007609539854464
236,0.2007609539854464,1,0.3769520212105242,0.5700825370365528,0.1931305158260286
237,0.1931305158260286,0.9556772691957369,0.3545193957550711,0.5374759940352092,0.1829565982801381
238,0.1829565982801381,1,0.3638074340787385,0.5518509911318218,0.1880435570530833
239,0.1880435570530833,1,0.366586473391762,0.557173509831318,0.1905870364395559
240,0.1905870364395559,1,0.369212681032517,0.5597997174720729,0.1905870364395559
241,0.1905870364395559,1.046378345737535,0.3875448277137933,0.585762302312767,0.1982174745989738
242,0.1982174745989738,1,0.3744136694911249,0.5675441853171534,0.1931305158260286
243,0.1931305158260286,1,0.3718162050726434,0.5624032415121993,0.1905870364395559
244,0.1905870364395559,1.046378345737535,0.3875448277137933,0.585762302312767,0.1982174745989738
245,0.1982174745989738,1,0.3744136694911249,0.5675441853171534,0.1931305158260286
246,0.1931305158260286,1.046378345737535,0.387725619505516,0.5884865734909625,0.2007609539854464
247,0.2007609539854464,1,0.3769520212105242,0.5700825370365528,0.1931305158260286
248,0.1931305158260286,1.046378345737535,0.387725619505516,0.5884865734909625,0.2007609539854464
249,0.2007609539854464,1,0.3769520212105242,0.5700825370365528,0.1931305158260286
250,0.1931305158260286,1,0.3718162050726434,0.5624032415121993,0.1905870364395559
251,0.1905870364395559,1,0.369212681032517,0.5597997174720729,0.1905870364395559
252,0.1905870364395559,1,0.369212681032517,0.5597997174720729,0.1905870364395559
253,0.1905870364395559,1,0.369212681032517,0.5597997174720729,0.1905870364395559
254,0.1905870364395559,1,0.369212681032517,0.5597997174720729,0.1905870364395559
255,0.1905870364395559,1.046378345737535,0.3875448277137933,0.585762302312767,0.1982174745989738
256,0.1982174745989738,0.9556772691957369,0.3568889995052058,0.5423890771718165,0.1855000776666107
257,0.1855000776666107,1,0.3664805530231208,0.5545241100762041,0.1880435570530833
258,0.1880435570530833,1,0.366586473391762,0.557173509831318,0.1905870364395559
259,0.1905870364395559,0.9556772691957369,0.3545747463965902,0.5349878652902557,0.1804131188936655
260,0.1804131188936655,1.046378345737535,0.3789484470247391,0.5746224422372402,0.1956739952125012
261,0.1956739952125012,1.046378345737535,0.3904266686606656,0.591187622646112,0.2007609539854464
262,0.2007609539854464,1,0.3769520212105242,0.5700825370365528,0.1931305158260286
263,0.1931305158260286,1,0.3718162050726434,0.5624032415121993,0.1905870364395559
264,0.1905870364395559,1,0.369212681032517,0.5597997174720729,0.1905870364395559
265,0.1905870364395559,1.046378345737535,0.3875448277137933,0.585762302312767,0.1982174745989738
266,0.1982174745989738,1,0.3744136694911249,0.5675441853171534,0.1931305158260286
267,0.1931305158260286,1,0.3718162050726434,0.5624032415121993,0.1905870364395559
268,0.1905870364395559,1,0.369212681032517,0.5597997174720729,0.1905870364395559
269,0.1905870364395559,1,0.369212681032517,0.5597997174720729,0.1905870364395559
270,0.1905870364395559,1,0.369212681032517,0.5597997174720729,0.1905870364395559
271,0.1905870364395559,1.046378345737535,0.3875448277137933,0.585762302312767,0.1982174745989738
272,0.1982174745989738,1,0.3744136694911249,0.5675441853171534,0.1931305158260286
273,0.1931305158260286,1,0.3718162050726434,0.5624032415121993,0.1905870364395559
274,0.1905870364395559,1.046378345737535,0.3875448277137933,0.585762302312767,0.1982174745989738
275,0.1982174745989738,1,0.3744136694911249,0.5675441853171534,0.1931305158260286
276,0.1931305158260286,1,0.3718162050726434,0.5624032415121993,0.1905870364395559
277,0.1905870364395559,1,0.369212681032517,0.5597997174720729,0.1905870364395559
278,0.1905870364395559,1,0.369212681032517,0.5597997174720729,0.1905870364395559
279,0.1905870364395559,1,0.369212681032517,0.5597997174720729,0.1905870364395559
280,0.1905870364395559,1,0.369212681032517,0.5597997174720729,0.1905870364395559
281,0.1905870364395559,1,0.369212681032517,0.5597997174720729,0.1905870364395559
282,0.1905870364395559,1,0.369212681032517,0.5597997174720729,0.1905870364395559
283,0.1905870364395559,1,0.369212681032517,0.5597997174720729,0.1905870364395559
284,0.1905870364395559,1,0.369212681032517,0.5597997174720729,0.1905870364395559
285,0.1905870364395559,1,0.369212681032517,0.5597997174720729,0.1905870364395559
286,0.1905870364395559,1,0.369212681032517,0.5597997174720729,0.1905870364395559
287,0.1905870364395559,1.046378345737535,0.3875448277137933,0.585762302312767,0.1982174745989738
288,0.1982174745989738,1.046378345737535,0.3931049917796736,0.59386594576512,0.2007609539854464
289,0.2007609539854464,1,0.3769520212105242,0.5700825370365528,0.1931305158260286
290,0.1931305158260286,1.046378345737535,0.387725619505516,0.5884865734909625,0.2007609539854464
291,0.2007609539854464,1.046378345737535,0.393217588666246,0.5965220220381651,0.203304433371919
292,0.203304433371919,0.9556772691957369,0.3617207941353465,0.5472208718019572,0.1855000776666107
293,0.1855000776666107,1,0.3664805530231208,0.5545241100762041,0.1880435570530833
294,0.1880435570530833,0.9556772691957369,0.3520649394501326,0.532478058343798,0.1804131188936655
295,0.1804131188936655,1,0.3636535287492602,0.5491536064158709,0.1855000776666107
296,0.1855000776666107,1.046378345737535,0.3820245463741433,0.5802420209731171,0.1982174745989738
297,0.1982174745989738,1.046378345737535,0.3931049917796736,0.59386594576512,0.2007609539854464
298,0.2007609539854464,0.9556772691957369,0.3593148445446596,0.5448149222112703,0.1855000776666107
299,0.1855000776666107,1,0.3664805530231208,0.5545241100762041,0.1880435570530833
300,0.1880435570530833,1,0.366586473391762,0.557173509831318,0.1905870364395559
301,0.1905870364395559,1,0.369212681032517,0.5597997174720729,0.1905870364395559
302,0.1905870364395559,1,0.369212681032517,0.5597997174720729,0.1905870364395559
303,0.1905870364395559,1,0.369212681032517,0.5597997174720729,0.1905870364395559
304,0.1905870364395559,1,0.369212681032517,0.5597997174720729,0.1905870364395559
305,0.1905870364395559,1.046378345737535,0.3875448277137933,0.585762302312767,0.1982174745989738
306,0.1982174745989738,1,0.3744136694911249,0.5675441853171534,0.1931305158260286
307,0.1931305158260286,1.046378345737535,0.387725619505516,0.5884865734909625,0.2007609539854464
308,0.2007609539854464,1,0.3769520212105242,0.5700825370365528,0.1931305158260286
309,0.1931305158260286,1,0.3718162050726434,0.5624032415121993,0.1905870364395559
310,0.1905870364395559,1,0.369212681032517,0.5597997174720729,0.1905870364395559
311,0.1905870364395559,1,0.369212681032517,0.5597997174720729,0.1905870364395559
312,0.1905870364395559,1,0.369212681032517,0.5597997174720729,0.1905870364395559
313,0.1905870364395559,1.046378345737535,0.3875448277137933,0.585762302312767,0.1982174745989738
314,0.1982174745989738,1,0.3744136694911249,0.5675441853171534,0.1931305158260286
315,0.1931305158260286,1,0.3718162050726434,0.5624032415121993,0.1905870364395559
316,0.1905870364395559,1,0.369212681032517,0.5597997174720729,0.1905870364395559
317,0.1905870364395559,0.9556772691957369,0.3545747463965902,0.5349878652902557,0.1804131188936655
318,0.1804131188936655,1.046378345737535,0.3789484470247391,0.5746224422372402,0.1956739952125012
319,0.1956739952125012,1,0.3743975363532002,0.5649845727927562,0.1905870364395559
320,0.1905870364395559,1,0.369212681032517,0.5597997174720729,0.1905870364395559
321,0.1905870364395559,1,0.369212681032517,0.5597997174720729,0.1905870364395559
322,0.1905870364395559,1,0.369212681032517,0.5597997174720729,0.1905870364395559
323,0.1905870364395559,1,0.369212681032517,0.5597997174720729,0.1905870364395559
324,0.1905870364395559,1,0.369212681032517,0.5597997174720729,0.1905870364395559
325,0.1905870364395559,1,0.369212681032517,0.5597997174720729,0.1905870364395559
326,0.1905870364395559,1,0.369212681032517,0.5597997174720729,0.1905870364395559
327,0.1905870364395559,1,0.369212681032517,0.5597997174720729,0.1905870364395559
328,0.1905870364395559,1,0.369212681032517,0.5597997174720729,0.1905870364395559
329,0.1905870364395559,1,0.369212681032517,0.5597997174720729,0.1905870364395559
330,0.1905870364395559,1,0.369212681032517,0.5597997174720729,0.1905870364395559
331,0.1905870364395559,1.046378345737535,0.3875448277137933,0.585762302312767,0.1982174745989738
332,0.1982174745989738,1.046378345737535,0.3931049917796736,0.59386594576512,0.2007609539854464
333,0.2007609539854464,1.046378345737535,0.393217588666246,0.5965220220381651,0.203304433371919
334,0.203304433371919,1,0.379469554763155,0.5726000705891836,0.1931305158260286
335,0.1931305158260286,1,0.3718162050726434,0.5624032415121993,0.1905870364395559
336,0.1905870364395559,1.046378345737535,0.3875448277137933,0.585762302312767,0.1982174745989738
337,0.1982174745989738,1.046378345737535,0.3931049917796736,0.59386594576512,0.2007609539854464
338,0.2007609539854464,0.9556772691957369,0.3593148445446596,0.5448149222112703,0.1855000776666107
339,0.1855000776666107,1,0.3664805530231208,0.5545241100762041,0.1880435570530833
340,0.1880435570530833,1,0.366586473391762,0.557173509831318,0.1905870364395559
341,0.1905870364395559,1,0.369212681032517,0.5597997174720729,0.1905870364395559
342,0.1905870364395559,1,0.369212681032517,0.5597997174720729,0.1905870364395559
343,0.1905870364395559,1,0.369212681032517,0.5597997174720729,0.1905870364395559
344,0.1905870364395559,1,0.369212681032517,0.5597997174720729,0.1905870364395559
345,0.1905870364395559,1,0.369212681032517,0.5597997174720729,0.1905870364395559
346,0.1905870364395559,1,0.369212681032517,0.5597997174720729,0.1905870364395559
347,0.1905870364395559,1,0.369212681032517,0.5597997174720729,0.1905870364395559
348,0.1905870364395559,1,0.369212681032517,0.5597997174720729,0.1905870364395559
349,0.1905870364395559,1.046378345737535,0.3875448277137933,0.585762302312767,0.1982174745989738
350,0.1982174745989738,1,0.3744136694911249,0.5675441853171534,0.1931305158260286
351,0.1931305158260286,1,0.3718162050726434,0.5624032415121993,0.1905870364395559
352,0.1905870364395559,1,0.369212681032517,0.5597997174720729,0.1905870364395559
353,0.1905870364395559,1,0.369212681032517,0.5597997174720729,0.1905870364395559
354,0.1905870364395559,1,0.369212681032517,0.5597997174720729,0.1905870364395559
355,0.1905870364395559,1.046378345737535,0.3875448277137933,0.585762302312767,0.1982174745989738
356,0.1982174745989738,1,0.3744136694911249,0.5675441853171534,0.1931305158260286
357,0.1931305158260286,1.046378345737535,0.387725619505516,0.5884865734909625,0.2007609539854464
358,0.2007609539854464,1,0.3769520212105242,0.5700825370365528,0.1931305158260286
359,0.1931305158260286,1,0.3718162050726434,0.5624032415121993,0.1905870364395559
360,0.1905870364395559,1,0.369212681032517,0.5597997174720729,0.1905870364395559
361,0.1905870364395559,1,0.369212681032517,0.5597997174720729,0.1905870364395559
362,0.1905870364395559,1,0.369212681032517,0.5597997174720729,0.1905870364395559
363,0.1905870364395559,1,0.369212681032517,0.5597997174720729,0.1905870364395559
364,0.1905870364395559,1,0.369212681032517,0.5597997174720729,0.1905870364395559
365,0.1905870364395559,1,0.369212681032517,0.5597997174720729,0.1905870364395559
366,0.1905870364395559,0.9556772691957369,0.3545747463965902,0.5349878652902557,0.1804131188936655
367,0.1804131188936655,1,0.3636535287492602,0.5491536064158709,0.1855000776666107
368,0.1855000776666107,1.046378345737535,0.3820245463741433,0.5802420209731171,0.1982174745989738
369,0.1982174745989738,1.046378345737535,0.3931049917796736,0.59386594576512,0.2007609539854464
370,0.2007609539854464,1,0.3769520212105242,0.5700825370365528,0.1931305158260286
371,0.1931305158260286,1,0.3718162050726434,0.5624032415121993,0.1905870364395559
372,0.1905870364395559,1,0.369212681032517,0.5597997174720729,0.1905870364395559
373,0.1905870364395559,1,0.369212681032517,0.5597997174720729,0.1905870364395559
374,0.1905870364395559,1,0.369212681032517,0.5597997174720729,0.1905870364395559
375,0.1905870364395559,1,0.369212681032517,0.5597997174720729,0.1905870364395559
376,0.1905870364395559,1,0.369212681032517,0.5597997174720729,0.1905870364395559
377,0.1905870364395559,0.9556772691957369,0.3545747463965902,0.5349878652902557,0.1804131188936655
378,0.1804131188936655,1,0.3636535287492602,0.5491536064158709,0.1855000776666107
379,0.1855000776666107,1,0.3664805530231208,0.5545241100762041,0.1880435570530833
380,0.1880435570530833,1,0.366586473391762,0.557173509831318,0.1905870364395559
381,0.1905870364395559,1.046378345737535,0.3875448277137933,0.585762302312767,0.1982174745989738
382,0.1982174745989738,1,0.3744136694911249,0.5675441853171534,0.1931305158260286
383,0.1931305158260286,1,0.3718162050726434,0.5624032415121993,0.1905870364395559
384,0.1905870364395559,1,0.369212681032517,0.5597997174720729,0.1905870364395559
385,0.1905870364395559,1,0.369212681032517,0.5597997174720729,0.1905870364395559
386,0.1905870364395559,1,0.369212681032517,0.5597997174720729,0.1905870364395559
387,0.1905870364395559,1,0.369212681032517,0.5597997174720729,0.1905870364395559
388,0.1905870364395559,1,0.369212681032517,0.5597997174720729,0.1905870364395559
389,0.1905870364395559,1,0.369212681032517,0.5597997174720729,0.1905870364395559
390,0.1905870364395559,1,0.369212681032517,0.5597997174720729,0.1905870364395559
391,0.1905870364395559,1,0.369212681032517,0.5597997174720729,0.1905870364395559
392,0.1905870364395559,1,0.369212681032517,0.5597997174720729,0.1905870364395559
393,0.1905870364395559,0.9556772691957369,0.3545747463965902,0.5349878652902557,0.1804131188936655
394,0.1804131188936655,1,0.3636535287492602,0.5491536064158709,0.1855000776666107
395,0.1855000776666107,1,0.3664805530231208,0.5545241100762041,0.1880435570530833
396,0.1880435570530833,0.9556772691957369,0.3520649394501326,0.532478058343798,0.1804131188936655
397,0.1804131188936655,1,0.3636535287492602,0.5491536064158709,0.1855000776666107
398,0.1855000776666107,1,0.3664805530231208,0.5545241100762041,0.1880435570530833
399,0.1880435570530833,1,0.366586473391762,0.557173509831318,0.1905870364395559
400,0.1905870364395559,1.046378345737535,0.3875448277137933,0.585762302312767,0.1982174745989738
401,0.1982174745989738,1,0.3744136694911249,0.5675441853171534,0.1931305158260286
402,0.1931305158260286,0.9556772691957369,0.3545193957550711,0.5374759940352092,0.1829565982801381
403,0.1829565982801381,0.9556772691957369,0.3495218087006274,0.5273914482078202,0.1778696395071928
404,0.1778696395071928,1.046378345737535,0.3786434568771014,0.57177397270313,0.1931305158260286
405,0.1931305158260286,1,0.3718162050726434,0.5624032415121993,0.1905870364395559
406,0.1905870364395559,1,0.369212681032517,0.5597997174720729,0.1905870364395559
407,0.1905870364395559,1,0.369212681032517,0.5597997174720729,0.1905870364395559
408,0.1905870364395559,1,0.369212681032517,0.5597997174720729,0.1905870364395559
409,0.1905870364395559,1,0.369212681032517,0.5597997174720729,0.1905870364395559
410,0.1905870364395559,0.9556772691957369,0.3545747463965902,0.5349878652902557,0.1804131188936655
411,0.1804131188936655,1,0.3636535287492602,0.5491536064158709,0.1855000776666107
412,0.1855000776666107,1,0.3664805530231208,0.5545241100762041,0.1880435570530833
413,0.1880435570530833,1,0.366586473391762,0.557173509831318,0.1905870364395559
414,0.1905870364395559,1,0.369212681032517,0.5597997174720729,0.1905870364395559
415,0.1905870364395559,0.9556772691957369,0.3545747463965902,0.5349878652902557,0.1804131188936655
416,0.1804131188936655,1,0.3636535287492602,0.5491536064158709,0.1855000776666107
417,0.1855000776666107,1,0.3664805530231208,0.5545241100762041,0.1880435570530833
418,0.1880435570530833,0.9556772691957369,0.3520649394501326,0.532478058343798,0.1804131188936655
419,0.1804131188936655,0.9556772691957369,0.3469439794413172,0.52481361894851,0.1778696395071928
420,0.1778696395071928,1,0.3609313111635144,0.5464313888301251,0.1855000776666107
421,0.1855000776666107,1,0.3664805530231208,0.5545241100762041,0.1880435570530833
422,0.1880435570530833,1,0.366586473391762,0.557173509831318,0.1905870364395559
423,0.1905870364395559,0.9556772691957369,0.3545747463965902,0.5349878652902557,0.1804131188936655
424,0.1804131188936655,1,0.3636535287492602,0.5491536064158709,0.1855000776666107
425,0.1855000776666107,1,0.3664805530231208,0.5545241100762041,0.1880435570530833
426,0.1880435570530833,1.046378345737535,0.3847968209070969,0.5830142955060706,0.1982174745989738
427,0.1982174745989738,1,0.3744136694911249,0.5675441853171534,0.1931305158260286
428,0.1931305158260286,1.046378345737535,0.387725619505516,0.5884865734909625,0.2007609539854464
429,0.2007609539854464,1,0.3769520212105242,0.5700825370365528,0.1931305158260286
430,0.1931305158260286,0.9556772691957369,0.3545193957550711,0.5374759940352092,0.1829565982801381
431,0.1829565982801381,1,0.3638074340787385,0.5518509911318218,0.1880435570530833
432,0.1880435570530833,1.046378345737535,0.3847968209070969,0.5830142955060706,0.1982174745989738
433,0.1982174745989738,1,0.3744136694911249,0.5675441853171534,0.1931305158260286
434,0.1931305158260286,1,0.3718162050726434,0.5624032415121993,0.1905870364395559
435,0.1905870364395559,1,0.369212681032517,0.5597997174720729,0.1905870364395559
436,0.1905870364395559,1,0.369212681032517,0.5597997174720729,0.1905870364395559
437,0.1905870364395559,1,0.369212681032517,0.5597997174720729,0.1905870364395559
438,0.1905870364395559,1,0.369212681032517,0.5597997174720729,0.1905870364395559
439,0.1905870364395559,1.046378345737535,0.3875448277137933,0.585762302312767,0.1982174745989738
440,0.1982174745989738,1,0.3744136694911249,0.5675441853171534,0.1931305158260286
441,0.1931305158260286,0.9556772691957369,0.3545193957550711,0.5374759940352092,0.1829565982801381
442,0.1829565982801381,1,0.3638074340787385,0.5518509911318218,0.1880435570530833
443,0.1880435570530833,1,0.366586473391762,0.557173509831318,0.1905870364395559
444,0.1905870364395559,1,0.369212681032517,0.5597997174720729,0.1905870364395559
445,0.1905870364395559,1.046378345737535,0.3875448277137933,0.585762302312767,0.1982174745989738
446,0.1982174745989738,0.9556772691957369,0.3568889995052058,0.5423890771718165,0.1855000776666107
447,0.1855000776666107,1,0.3664805530231208,0.5545241100762041,0.1880435570530833
448,0.1880435570530833,1,0.366586473391762,0.557173509831318,0.1905870364395559
449,0.1905870364395559,1,0.369212681032517,0.5597997174720729,0.1905870364395559
450,0.1905870364395559,1,0.369212681032517,0.5597997174720729,0.1905870364395559
451,0.1905870364395559,1,0.369212681032517,0.5597997174720729,0.1905870364395559
452,0.1905870364395559,1.046378345737535,0.3875448277137933,0.585762302312767,0.1982174745989738
453,0.1982174745989738,1.046378345737535,0.3931049917796736,0.59386594576512,0.2007609539854464
454,0.2007609539854464,1,0.3769520212105242,0.5700825370365528,0.1931305158260286
455,0.1931305158260286,1,0.3718162050726434,0.5624032415121993,0.1905870364395559
456,0.1905870364395559,1,0.369212681032517,0.5597997174720729,0.1905870364395559
457,0.1905870364395559,1,0.369212681032517,0.5597997174720729,0.1905870364395559
458,0.1905870364395559,1,0.369212681032517,0.5597997174720729,0.1905870364395559
459,0.1905870364395559,1,0.369212681032517,0.5597997174720729,0.1905870364395559
460,0.1905870364395559,1,0.369212681032517,0.5597997174720729,0.1905870364395559
461,0.1905870364395559,1,0.369212681032517,0.5597997174720729,0.1905870364395559
462,0.1905870364395559,1,0.369212681032517,0.5597997174720729,0.1905870364395559
463,0.1905870364395559,1,0.369212681032517,0.5597997174720729,0.1905870364395559
464,0.1905870364395559,1,0.369212681032517,0.5597997174720729,0.1905870364395559
465,0.1905870364395559,1,0.369212681032517,0.5597997174720729,0.1905870364395559
466,0.1905870364395559,0.9556772691957369,0.3545747463965902,0.5349878652902557,0.1804131188936655
467,0.1804131188936655,0.9556772691957369,0.3469439794413172,0.52481361894851,0.1778696395071928
468,0.1778696395071928,1.046378345737535,0.3786434568771014,0.57177397270313,0.1931305158260286
469,0.1931305158260286,1,0.3718162050726434,0.5624032415121993,0.1905870364395559
470,0.1905870364395559,1,0.369212681032517,0.5597997174720729,0.1905870364395559
471,0.1905870364395559,1,0.369212681032517,0.5597997174720729,0.1905870364395559
472,0.1905870364395559,1,0.369212681032517,0.5597997174720729,0.1905870364395559
473,0.1905870364395559,1,0.369212681032517,0.5597997174720729,0.1905870364395559
474,0.1905870364395559,1,0.369212681032517,0.5597997174720729,0.1905870364395559
475,0.1905870364395559,1,0.369212681032517,0.5597997174720729,0.1905870364395559
476,0.1905870364395559,1,0.369212681032517,0.5597997174720729,0.1905870364395559
477,0.1905870364395559,0.9556772691957369,0.3545747463965902,0.5349878652902557,0.1804131188936655
478,0.1804131188936655,1,0.3636535287492602,0.5491536064158709,0.1855000776666107
479,0.1855000776666107,1,0.3664805530231208,0.5545241100762041,0.1880435570530833
480,0.1880435570530833,1.046378345737535,0.3847968209070969,0.5830142955060706,0.1982174745989738
481,0.1982174745989738,1,0.3744136694911249,0.5675441853171534,0.1931305158260286
482,0.1931305158260286,1,0.3718162050726434,0.5624032415121993,0.1905870364395559
483,0.1905870364395559,1,0.369212681032517,0.5597997174720729,0.1905870364395559
484,0.1905870364395559,1,0.369212681032517,0.5597997174720729,0.1905870364395559
485,0.1905870364395559,0.9556772691957369,0.3545747463965902,0.5349878652902557,0.1804131188936655
486,0.1804131188936655,0.9556772691957369,0.3469439794413172,0.52481361894851,0.1778696395071928
487,0.1778696395071928,1,0.3609313111635144,0.5464313888301251,0.1855000776666107
488,0.1855000776666107,1,0.3664805530231208,0.5545241100762041,0.1880435570530833
489,0.1880435570530833,1,0.366586473391762,0.557173509831318,0.1905870364395559
490,0.1905870364395559,1,0.369212681032517,0.5597997174720729,0.1905870364395559
491,0.1905870364395559,1.046378345737535,0.3875448277137933,0.585762302312767,0.1982174745989738
492,0.1982174745989738,1,0.3744136694911249,0.5675441853171534,0.1931305158260286
493,0.1931305158260286,1,0.3718162050726434,0.5624032415121993,0.1905870364395559
494,0.1905870364395559,1,0.369212681032517,0.5597997174720729,0.1905870364395559
495,0.1905870364395559,1,0.369212681032517,0.5597997174720729,0.1905870364395559
496,0.1905870364395559,1,0.369212681032517,0.5597997174720729,0.1905870364395559
497,0.1905870364395559,1,0.369212681032517,0.5597997174720729,0.1905870364395559
498,0.1905870364395559,1,0.369212681032517,0.5597997174720729,0.1905870364395559
499,0.1905870364395559,0.9556772691957369,0.3545747463965902,0.5349878652902557,0.1804131188936655
500,0.1804131188936655,1,0.3636535287492602,0.5491536064158709,0.1855000776666107
501,0.1855000776666107,1,0.3664805530231208,0.5545241100762041,0.1880435570530833
502,0.1880435570530833,1,0.366586473391762,0.557173509831318,0.1905870364395559
503,0.1905870364395559,1,0.369212681032517,0.5597997174720729,0.1905870364395559
504,0.1905870364395559,1.046378345737535,0.3875448277137933,0.585762302312767,0.1982174745989738
505,0.1982174745989738,1,0.3744136694911249,0.5675441853171534,0.1931305158260286
506,0.1931305158260286,1,0.3718162050726434,0.5624032415121993,0.1905870364395559
507,0.1905870364395559,1,0.369212681032517,0.5597997174720729,0.1905870364395559
508,0.1905870364395559,1,0.369212681032517,0.5597997174720729,0.1905870364395559
509,0.1905870364395559,1,0.369212681032517,0.5597997174720729,0.1905870364395559
510,0.1905870364395559,1,0.369212681032517,0.5597997174720729,0.1905870364395559
511,0.1905870364395559,1,0.369212681032517,0.5597997174720729,0.1905870364395559
512,0.1905870364395559,1,0.369212681032517,0.5597997174720729,0.1905870364395559
513,0.1905870364395559,1,0.369212681032517,0.5597997174720729,0.1905870364395559
514,0.1905870364395559,0.9556772691957369,0.3545747463965902,0.5349878652902557,0.1804131188936655
515,0.1804131188936655,1,0.3636535287492602,0.5491536064158709,0.1855000776666107
516,0.1855000776666107,1,0.3664805530231208,0.5545241100762041,0.1880435570530833
517,0.1880435570530833,1,0.366586473391762,0.557173509831318,0.1905870364395559
518,0.1905870364395559,1,0.369212681032517,0.5597997174720729,0.1905870364395559
519,0.1905870364395559,1.046378345737535,0.3875448277137933,0.585762302312767,0.1982174745989738
520,0.1982174745989738,1,0.3744136694911249,0.5675441853171534,0.1931305158260286
521,0.1931305158260286,1,0.3718162050726434,0.5624032415121993,0.1905870364395559
522,0.1905870364395559,1,0.369212681032517,0.5597997174720729,0.1905870364395559
523,0.1905870364395559,1,0.369212681032517,0.5597997174720729,0.1905870364395559
524,0.1905870364395559,0.9556772691957369,0.3545747463965902,0.5349878652902557,0.1804131188936655
525,0.1804131188936655,0.9556772691957369,0.3469439794413172,0.52481361894851,0.1778696395071928
526,0.1778696395071928,1,0.3609313111635144,0.5464313888301251,0.1855000776666107
527,0.1855000776666107,1,0.3664805530231208,0.5545241100762041,0.1880435570530833
528,0.1880435570530833,0.9556772691957369,0.3520649394501326,0.532478058343798,0.1804131188936655
529,0.1804131188936655,1,0.3636535287492602,0.5491536064158709,0.1855000776666107
530,0.1855000776666107,1,0.3664805530231208,0.5545241100762041,0.1880435570530833
531,0.1880435570530833,1,0.366586473391762,0.557173509831318,0.1905870364395559
532,0.1905870364395559,1.046378345737535,0.3875448277137933,0.585762302312767,0.1982174745989738
533,0.1982174745989738,1,0.3744136694911249,0.5675441853171534,0.1931305158260286
534,0.1931305158260286,1.046378345737535,0.387725619505516,0.5884865734909625,0.2007609539854464
535,0.2007609539854464,1,0.3769520212105242,0.5700825370365528,0.1931305158260286
536,0.1931305158260286,1.046378345737535,0.387725619505516,0.5884865734909625,0.2007609539854464
537,0.2007609539854464,0.9556772691957369,0.3593148445446596,0.5448149222112703,0.1855000776666107
538,0.1855000776666107,1,0.3664805530231208,0.5545241100762041,0.1880435570530833
539,0.1880435570530833,1,0.366586473391762,0.557173509831318,0.1905870364395559
540,0.1905870364395559,1,0.369212681032517,0.5597997174720729,0.1905870364395559
541,0.1905870364395559,1,0.369212681032517,0.5597997174720729,0.1905870364395559
542,0.1905870364395559,1,0.369212681032517,0.5597997174720729,0.1905870364395559
543,0.1905870364395559,1,0.369212681032517,0.5597997174720729,0.1905870364395559
544,0.1905870364395559,0.9556772691957369,0.3545747463965902,0.5349878652902557,0.1804131188936655
545,0.1804131188936655,0.9556772691957369,0.3469439794413172,0.52481361894851,0.1778696395071928
546,0.1778696395071928,1,0.3609313111635144,0.5464313888301251,0.1855000776666107
547,0.1855000776666107,1,0.3664805530231208,0.5545241100762041,0.1880435570530833
548,0.1880435570530833,1,0.366586473391762,0.557173509831318,0.1905870364395559
549,0.1905870364395559,1,0.369212681032517,0.5597997174720729,0.1905870364395559
550,0.1905870364395559,1,0.369212681032517,0.5597997174720729,0.1905870364395559
551,0.1905870364395559,1,0.369212681032517,0.5597997174720729,0.1905870364395559
552,0.1905870364395559,1,0.369212681032517,0.5597997174720729,0.1905870364395559
553,0.1905870364395559,1,0.369212681032517,0.5597997174720729,0.1905870364395559
554,0.1905870364395559,1,0.369212681032517,0.5597997174720729,0.1905870364395559
555,0.1905870364395559,1,0.369212681032517,0.5597997174720729,0.1905870364395559
556,0.1905870364395559,0.9556772691957369,0.3545747463965902,0.5349878652902557,0.1804131188936655
557,0.1804131188936655,1,0.3636535287492602,0.5491536064158709,0.1855000776666107
558,0.1855000776666107,1,0.3664805530231208,0.5545241100762041,0.1880435570530833
559,0.1880435570530833,1,0.366586473391762,0.557173509831318,0.1905870364395559
560,0.1905870364395559,1,0.369212681032517,0.5597997174720729,0.1905870364395559
561,0.1905870364395559,1,0.369212681032517,0.5597997174720729,0.1905870364395559
562,0.1905870364395559,1,0.369212681032517,0.5597997174720729,0.1905870364395559
563,0.1905870364395559,1,0.369212681032517,0.5597997174720729,0.1905870364395559
564,0.1905870364395559,1,0.369212681032517,0.5597997174720729,0.1905870364395559
565,0.1905870364395559,1,0.369212681032517,0.5597997174720729,0.1905870364395559
566,0.1905870364395559,1,0.369212681032517,0.5597997174720729,0.1905870364395559
567,0.1905870364395559,0.9556772691957369,0.3545747463965902,0.5349878652902557,0.1804131188936655
568,0.1804131188936655,1,0.3636535287492602,0.5491536064158709,0.1855000776666107
569,0.1855000776666107,1,0.3664805530231208,0.5545241100762041,0.1880435570530833
570,0.1880435570530833,0.9556772691957369,0.3520649394501326,0.532478058343798,0.1804131188936655
571,0.1804131188936655,1,0.3636535287492602,0.5491536064158709,0.1855000776666107
572,0.1855000776666107,1.046378345737535,0.3820245463741433,0.5802420209731171,0.1982174745989738
573,0.1982174745989738,1,0.3744136694911249,0.5675441853171534,0.1931305158260286
574,0.1931305158260286,0.9556772691957369,0.3545193957550711,0.5374759940352092,0.1829565982801381
575,0.1829565982801381,1,0.3638074340787385,0.5518509911318218,0.1880435570530833
576,0.1880435570530833,0.9556772691957369,0.3520649394501326,0.532478058343798,0.1804131188936655
577,0.1804131188936655,1,0.3636535287492602,0.5491536064158709,0.1855000776666107
578,0.1855000776666107,1,0.3664805530231208,0.5545241100762041,0.1880435570530833
579,0.1880435570530833,1,0.366586473391762,0.557173509831318,0.1905870364395559
580,0.1905870364395559,1,0.369212681032517,0.5597997174720729,0.1905870364395559
581,0.1905870364395559,1,0.369212681032517,0.5597997174720729,0.1905870364395559
582,0.1905870364395559,1,0.369212681032517,0.5597997174720729,0.1905870364395559
583,0.1905870364395559,1,0.369212681032517,0.5597997174720729,0.1905870364395559
584,0.1905870364395559,1,0.369212681032517,0.5597997174720729,0.1905870364395559
585,0.1905870364395559,1.046378345737535,0.3875448277137933,0.585762302312767,0.1982174745989738
586,0.1982174745989738,1,0.3744136694911249,0.5675441853171534,0.1931305158260286
587,0.1931305158260286,1,0.3718162050726434,0.5624032415121993,0.1905870364395559
588,0.1905870364395559,1,0.369212681032517,0.5597997174720729,0.1905870364395559
589,0.1905870364395559,1.046378345737535,0.3875448277137933,0.585762302312767,0.1982174745989738
590,0.1982174745989738,1,0.3744136694911249,0.5675441853171534,0.1931305158260286
591,0.1931305158260286,1,0.3718162050726434,0.5624032415121993,0.1905870364395559
592,0.1905870364395559,1,0.369212681032517,0.5597997174720729,0.1905870364395559
593,0.1905870364395559,1,0.369212681032517,0.5597997174720729,0.1905870364395559
594,0.1905870364395559,1.046378345737535,0.3875448277137933,0.585762302312767,0.1982174745989738
595,0.1982174745989738,1,0.3744136694911249,0.5675441853171534,0.1931305158260286
596,0.1931305158260286,1,0.3718162050726434,0.5624032415121993,0.1905870364395559
597,0.1905870364395559,1.046378345737535,0.3875448277137933,0.585762302312767,0.1982174745989738
598,0.1982174745989738,1,0.3744136694911249,0.5675441853171534,0.1931305158260286
599,0.1931305158260286,1,0.3718162050726434,0.5624032415121993,0.1905870364395559
600,0.1905870364395559,1,0.369212681032517,0.5597997174720729,0.1905870364395559
601,0.1905870364395559,1,0.369212681032517,0.5597997174720729,0.1905870364395559
602,0.1905870364395559,1,0.369212681032517,0.5597997174720729,0.1905870364395559
603,0.1905870364395559,1,0.369212681032517,0.5597997174720729,0.1905870364395559
604,0.1905870364395559,1,0.369212681032517,0.5597997174720729,0.1905870364395559
605,0.1905870364395559,1,0.369212681032517,0.5597997174720729,0.1905870364395559
606,0.1905870364395559,1,0.369212681032517,0.5597997174720729,0.1905870364395559
607,0.1905870364395559,1.046378345737535,0.3875448277137933,0.585762302312767,0.1982174745989738
608,0.1982174745989738,1,0.3744136694911249,0.5675441853171534,0.1931305158260286
609,0.1931305158260286,1,0.3718162050726434,0.5624032415121993,0.1905870364395559
610,0.1905870364395559,0.9556772691957369,0.3545747463965902,0.5349878652902557,0.1804131188936655
611,0.1804131188936655,1,0.3636535287492602,0.5491536064158709,0.1855000776666107
612,0.1855000776666107,1,0.3664805530231208,0.5545241100762041,0.1880435570530833
613,0.1880435570530833,0.9556772691957369,0.3520649394501326,0.532478058343798,0.1804131188936655
614,0.1804131188936655,1,0.3636535287492602,0.5491536064158709,0.1855000776666107
615,0.1855000776666107,1,0.3664805530231208,0.5545241100762041,0.1880435570530833
616,0.1880435570530833,0.9556772691957369,0.3520649394501326,0.532478058343798,0.1804131188936655
617,0.1804131188936655,1,0.3636535287492602,0.5491536064158709,0.1855000776666107
618,0.1855000776666107,1,0.3664805530231208,0.5545241100762041,0.1880435570530833
619,0.1880435570530833,1.046378345737535,0.3847968209070969,0.5830142955060706,0.1982174745989738
620,0.1982174745989738,1,0.3744136694911249,0.5675441853171534,0.1931305158260286
621,0.1931305158260286,1,0.3718162050726434,0.5624032415121993,0.1905870364395559
622,0.1905870364395559,1,0.369212681032517,0.5597997174720729,0.1905870364395559
623,0.1905870364395559,1,0.369212681032517,0.5597997174720729,0.1905870364395559
624,0.1905870364395559,0.9556772691957369,0.3545747463965902,0.5349878652902557,0.1804131188936655
625,0.1804131188936655,1,0.3636535287492602,0.5491536064158709,0.1855000776666107
626,0.1855000776666107,1,0.3664805530231208,0.5545241100762041,0.1880435570530833
627,0.1880435570530833,1.046378345737535,0.3847968209070969,0.5830142955060706,0.1982174745989738
628,0.1982174745989738,1,0.3744136694911249,0.5675441853171534,0.1931305158260286
629,0.1931305158260286,1,0.3718162050726434,0.5624032415121993,0.1905870364395559
630,0.1905870364395559,1,0.369212681032517,0.5597997174720729,0.1905870364395559
631,0.1905870364395559,1,0.369212681032517,0.5597997174720729,0.1905870364395559
632,0.1905870364395559,1,0.369212681032517,0.5597997174720729,0.1905870364395559
633,0.1905870364395559,1,0.369212681032517,0.5597997174720729,0.1905870364395559
634,0.1905870364395559,1.046378345737535,0.3875448277137933,0.585762302312767,0.1982174745989738
635,0.1982174745989738,1,0.3744136694911249,0.5675441853171534,0.1931305158260286
636,0.1931305158260286,1,0.3718162050726434,0.5624032415121993,0.1905870364395559
637,0.1905870364395559,1,0.369212681032517,0.5597997174720729,0.1905870364395559
638,0.1905870364395559,1.046378345737535,0.3875448277137933,0.585762302312767,0.1982174745989738
639,0.1982174745989738,1,0.3744136694911249,0.5675441853171534,0.1931305158260286
640,0.1931305158260286,0.9556772691957369,0.3545193957550711,0.5374759940352092,0.1829565982801381
641,0.1829565982801381,1.046378345737535,0.3817709319816335,0.5774449271941346,0.1956739952125012
642,0.1956739952125012,1,0.3743975363532002,0.5649845727927562,0.1905870364395559
643,0.1905870364395559,1,0.369212681032517,0.5597997174720729,0.1905870364395559
644,0.1905870364395559,1,0.369212681032517,0.5597997174720729,0.1905870364395559
645,0.1905870364395559,1,0.369212681032517,0.5597997174720729,0.1905870364395559
646,0.1905870364395559,1.046378345737535,0.3875448277137933,0.585762302312767,0.1982174745989738
647,0.1982174745989738,1,0.3744136694911249,0.5675441853171534,0.1931305158260286
648,0.1931305158260286,1,0.3718162050726434,0.5624032415121993,0.1905870364395559
649,0.1905870364395559,1,0.369212681032517,0.5597997174720729,0.1905870364395559
650,0.1905870364395559,1.046378345737535,0.3875448277137933,0.585762302312767,0.1982174745989738
651,0.1982174745989738,1,0.3744136694911249,0.5675441853171534,0.1931305158260286
652,0.1931305158260286,0.9556772691957369,0.3545193957550711,0.5374759940352092,0.1829565982801381
653,0.1829565982801381,1.046378345737535,0.3817709319816335,0.5774449271941346,0.1956739952125012
654,0.1956739952125012,1,0.3743975363532002,0.5649845727927562,0.1905870364395559
655,0.1905870364395559,0.9556772691957369,0.3545747463965902,0.5349878652902557,0.1804131188936655
656,0.1804131188936655,1,0.3636535287492602,0.5491536064158709,0.1855000776666107
657,0.1855000776666107,0.9556772691957369,0.3495329683271575,0.5299460872208229,0.1804131188936655
658,0.1804131188936655,1.046378345737535,0.3789484470247391,0.5746224422372402,0.1956739952125012
659,0.1956739952125012,0.9556772691957369,0.3569863153841631,0.5399429136643012,0.1829565982801381
660,0.1829565982801381,1,0.3638074340787385,0.5518509911318218,0.1880435570530833
661,0.1880435570530833,1.046378345737535,0.3847968209070969,0.5830142955060706,0.1982174745989738
662,0.1982174745989738,1,0.3744136694911249,0.5675441853171534,0.1931305158260286
663,0.1931305158260286,1.046378345737535,0.387725619505516,0.5884865734909625,0.2007609539854464
664,0.2007609539854464,1.046378345737535,0.393217588666246,0.5965220220381651,0.203304433371919
665,0.203304433371919,1,0.379469554763155,0.5726000705891836,0.1931305158260286
666,0.1931305158260286,1,0.3718162050726434,0.5624032415121993,0.1905870364395559
667,0.1905870364395559,0.9556772691957369,0.3545747463965902,0.5349878652902557,0.1804131188936655
668,0.1804131188936655,1,0.3636535287492602,0.5491536064158709,0.1855000776666107
669,0.1855000776666107,1,0.3664805530231208,0.5545241100762041,0.1880435570530833
670,0.1880435570530833,1,0.366586473391762,0.557173509831318,0.1905870364395559
671,0.1905870364395559,1,0.369212681032517,0.5597997174720729,0.1905870364395559
672,0.1905870364395559,1,0.369212681032517,0.5597997174720729,0.1905870364395559
673,0.1905870364395559,1,0.369212681032517,0.5597997174720729,0.1905870364395559
674,0.1905870364395559,1.046378345737535,0.3875448277137933,0.585762302312767,0.1982174745989738
675,0.1982174745989738,1,0.3744136694911249,0.5675441853171534,0.1931305158260286
676,0.1931305158260286,1.046378345737535,0.387725619505516,0.5884865734909625,0.2007609539854464
677,0.2007609539854464,1,0.3769520212105242,0.5700825370365528,0.1931305158260286
678,0.1931305158260286,1,0.3718162050726434,0.5624032415121993,0.1905870364395559
679,0.1905870364395559,1,0.369212681032517,0.5597997174720729,0.1905870364395559
680,0.1905870364395559,1,0.369212681032517,0.5597997174720729,0.1905870364395559
681,0.1905870364395559,1.046378345737535,0.3875448277137933,0.585762302312767,0.1982174745989738
682,0.1982174745989738,1,0.3744136694911249,0.5675441853171534,0.1931305158260286
683,0.1931305158260286,0.9556772691957369,0.3545193957550711,0.5374759940352092,0.1829565982801381
684,0.1829565982801381,1,0.3638074340787385,0.5518509911318218,0.1880435570530833
685,0.1880435570530833,1,0.366586473391762,0.557173509831318,0.1905870364395559
686,0.1905870364395559,1,0.369212681032517,0.5597997174720729,0.1905870364395559
687,0.1905870364395559,1,0.369212681032517,0.5597997174720729,0.1905870364395559
688,0.1905870364395559,1,0.369212681032517,0.5597997174720729,0.1905870364395559
689,0.1905870364395559,1,0.369212681032517,0.5597997174720729,0.1905870364395559
690,0.1905870364395559,1,0.369212681032517,0.5597997174720729,0.1905870364395559
691,0.1905870364395559,1,0.369212681032517,0.5597997174720729,0.1905870364395559
692,0.1905870364395559,1,0.369212681032517,0.5597997174720729,0.1905870364395559
693,0.1905870364395559,1,0.369212681032517,0.5597997174720729,0.1905870364395559
694,0.1905870364395559,1,0.369212681032517,0.5597997174720729,0.1905870364395559
695,0.1905870364395559,1,0.369212681032517,0.5597997174720729,0.1905870364395559
696,0.1905870364395559,1,0.369212681032517,0.5597997174720729,0.1905870364395559
697,0.1905870364395559,1.046378345737535,0.3875448277137933,0.585762302312767,0.1982174745989738
698,0.1982174745989738,1,0.3744136694911249,0.5675441853171534,0.1931305158260286
699,0.1931305158260286,1,0.3718162050726434,0.5624032415121993,0.1905870364395559
700,0.1905870364395559,1,0.369212681032517,0.5597997174720729,0.1905870364395559
701,0.1905870364395559,1,0.369212681032517,0.5597997174720729,0.1905870364395559
702,0.1905870364395559,1,0.369212681032517,0.5597997174720729,0.1905870364395559
703,0.1905870364395559,1,0.369212681032517,0.5597997174720729,0.1905870364395559
704,0.1905870364395559,1,0.369212681032517,0.5597997174720729,0.1905870364395559
705,0.1905870364395559,1,0.369212681032517,0.5597997174720729,0.1905870364395559
706,0.1905870364395559,1.046378345737535,0.3875448277137933,0.585762302312767,0.1982174745989738
707,0.1982174745989738,0.9556772691957369,0.3568889995052058,0.5423890771718165,0.1855000776666107
708,0.1855000776666107,1,0.3664805530231208,0.5545241100762041,0.1880435570530833
709,0.1880435570530833,1,0.366586473391762,0.557173509831318,0.1905870364395559
710,0.1905870364395559,1,0.369212681032517,0.5597997174720729,0.1905870364395559
711,0.1905870364395559,1,0.369212681032517,0.5597997174720729,0.1905870364395559
712,0.1905870364395559,1,0.369212681032517,0.5597997174720729,0.1905870364395559
713,0.1905870364395559,1,0.369212681032517,0.5597997174720729,0.1905870364395559
714,0.1905870364395559,0.9556772691957369,0.3545747463965902,0.5349878652902557,0.1804131188936655
715,0.1804131188936655,1.046378345737535,0.3789484470247391,0.5746224422372402,0.1956739952125012
716,0.1956739952125012,1,0.3743975363532002,0.5649845727927562,0.1905870364395559
717,0.1905870364395559,1,0.369212681032517,0.5597997174720729,0.1905870364395559
718,0.1905870364395559,1,0.369212681032517,0.5597997174720729,0.1905870364395559
719,0.1905870364395559,1.046378345737535,0.3875448277137933,0.585762302312767,0.1982174745989738
720,0.1982174745989738,1,0.3744136694911249,0.5675441853171534,0.1931305158260286
721,0.1931305158260286,1,0.3718162050726434,0.5624032415121993,0.1905870364395559
722,0.1905870364395559,1,0.369212681032517,0.5597997174720729,0.1905870364395559
723,0.1905870364395559,1,0.369212681032517,0.5597997174720729,0.1905870364395559
724,0.1905870364395559,1,0.369212681032517,0.5597997174720729,0.1905870364395559
725,0.1905870364395559,1,0.369212681032517,0.5597997174720729,0.1905870364395559
726,0.1905870364395559,1,0.369212681032517,0.5597997174720729,0.1905870364395559
727,0.1905870364395559,1,0.369212681032517,0.5597997174720729,0.1905870364395559
728,0.1905870364395559,1,0.369212681032517,0.5597997174720729,0.1905870364395559
729,0.1905870364395559,1.046378345737535,0.3875448277137933,0.585762302312767,0.1982174745989738
730,0.1982174745989738,1,0.3744136694911249,0.5675441853171534,0.1931305158260286
731,0.1931305158260286,1,0.3718162050726434,0.5624032415121993,0.1905870364395559
732,0.1905870364395559,0.9556772691957369,0.3545747463965902,0.5349878652902557,0.1804131188936655
733,0.1804131188936655,1,0.3636535287492602,0.5491536064158709,0.1855000776666107
734,0.1855000776666107,1,0.3664805530231208,0.5545241100762041,0.1880435570530833
735,0.1880435570530833,0.9556772691957369,0.3520649394501326,0.532478058343798,0.1804131188936655
736,0.1804131188936655,1.046378345737535,0.3789484470247391,0.5746224422372402,0.1956739952125012
737,0.1956739952125012,0.9556772691957369,0.3569863153841631,0.5399429136643012,0.1829565982801381
738,0.1829565982801381,1,0.3638074340787385,0.5518509911318218,0.1880435570530833
739,0.1880435570530833,1,0.366586473391762,0.557173509831318,0.1905870364395559
740,0.1905870364395559,1,0.369212681032517,0.5597997174720729,0.1905870364395559
741,0.1905870364395559,1,0.369212681032517,0.5597997174720729,0.1905870364395559
742,0.1905870364395559,1,0.369212681032517,0.5597997174720729,0.1905870364395559
743,0.1905870364395559,1,0.369212681032517,0.5597997174720729,0.1905870364395559
744,0.1905870364395559,1,0.369212681032517,0.5597997174720729,0.1905870364395559
745,0.1905870364395559,1,0.369212681032517,0.5597997174720729,0.1905870364395559
746,0.1905870364395559,1.046378345737535,0.3875448277137933,0.585762302312767,0.1982174745989738
747,0.1982174745989738,1,0.3744136694911249,0.5675441853171534,0.1931305158260286
748,0.1931305158260286,1,0.3718162050726434,0.5624032415121993,0.1905870364395559
749,0.1905870364395559,1,0.369212681032517,0.5597997174720729,0.1905870364395559
750,0.1905870364395559,1,0.369212681032517,0.5597997174720729,0.1905870364395559
751,0.1905870364395559,1,0.369212681032517,0.5597997174720729,0.1905870364395559
752,0.1905870364395559,1,0.369212681032517,0.5597997174720729,0.1905870364395559
753,0.1905870364395559,1,0.369212681032517,0.5597997174720729,0.1905870364395559
754,0.1905870364395559,1.046378345737535,0.3875448277137933,0.585762302312767,0.1982174745989738
755,0.1982174745989738,1,0.3744136694911249,0.5675441853171534,0.1931305158260286
756,0.1931305158260286,1,0.3718162050726434,0.5624032415121993,0.1905870364395559
757,0.1905870364395559,0.9556772691957369,0.3545747463965902,0.5349878652902557,0.1804131188936655
758,0.1804131188936655,1,0.3636535287492602,0.5491536064158709,0.1855000776666107
759,0.1855000776666107,1,0.3664805530231208,0.5545241100762041,0.1880435570530833
760,0.1880435570530833,0.9556772691957369,0.3520649394501326,0.532478058343798,0.1804131188936655
761,0.1804131188936655,1,0.3636535287492602,0.5491536064158709,0.1855000776666107
762,0.1855000776666107,1,0.3664805530231208,0.5545241100762041,0.1880435570530833
763,0.1880435570530833,1,0.366586473391762,0.557173509831318,0.1905870364395559
764,0.1905870364395559,1,0.369212681032517,0.5597997174720729,0.1905870364395559
765,0.1905870364395559,1.046378345737535,0.3875448277137933,0.585762302312767,0.1982174745989738
766,0.1982174745989738,1,0.3744136694911249,0.5675441853171534,0.1931305158260286
767,0.1931305158260286,1,0.3718162050726434,0.5624032415121993,0.1905870364395559
768,0.1905870364395559,1,0.369212681032517,0.5597997174720729,0.1905870364395559
769,0.1905870364395559,1,0.369212681032517,0.5597997174720729,0.1905870364395559
770,0.1905870364395559,1,0.369212681032517,0.5597997174720729,0.1905870364395559
771,0.1905870364395559,1.046378345737535,0.3875448277137933,0.585762302312767,0.1982174745989738
772,0.1982174745989738,1,0.3744136694911249,0.5675441853171534,0.1931305158260286
773,0.1931305158260286,0.9556772691957369,0.3545193957550711,0.5374759940352092,0.1829565982801381
774,0.1829565982801381,1,0.3638074340787385,0.5518509911318218,0.1880435570530833
775,0.1880435570530833,1,0.366586473391762,0.557173509831318,0.1905870364395559
776,0.1905870364395559,1,0.369212681032517,0.5597997174720729,0.1905870364395559
777,0.1905870364395559,1,0.369212681032517,0.5597997174720729,0.1905870364395559
778,0.1905870364395559,1.046378345737535,0.3875448277137933,0.585762302312767,0.1982174745989738
779,0.1982174745989738,1,0.3744136694911249,0.5675441853171534,0.1931305158260286
780,0.1931305158260286,1,0.3718162050726434,0.5624032415121993,0.1905870364395559
781,0.1905870364395559,1,0.369212681032517,0.5597997174720729,0.1905870364395559
782,0.1905870364395559,0.9556772691957369,0.3545747463965902,0.5349878652902557,0.1804131188936655
783,0.1804131188936655,1,0.3636535287492602,0.5491536064158709,0.1855000776666107
784,0.1855000776666107,1,0.3664805530231208,0.5545241100762041,0.1880435570530833
785,0.1880435570530833,1,0.366586473391762,0.557173509831318,0.1905870364395559
786,0.1905870364395559,1,0.369212681032517,0.5597997174720729,0.1905870364395559
787,0.1905870364395559,1.046378345737535,0.3875448277137933,0.585762302312767,0.1982174745989738
788,0.1982174745989738,1.046378345737535,0.3931049917796736,0.59386594576512,0.2007609539854464
789,0.2007609539854464,1,0.3769520212105242,0.5700825370365528,0.1931305158260286
790,0.1931305158260286,1,0.3718162050726434,0.5624032415121993,0.1905870364395559
791,0.1905870364395559,1,0.369212681032517,0.5597997174720729,0.1905870364395559
792,0.1905870364395559,1,0.369212681032517,0.5597997174720729,0.1905870364395559
793,0.1905870364395559,1,0.369212681032517,0.5597997174720729,0.1905870364395559
794,0.1905870364395559,1,0.369212681032517,0.5597997174720729,0.1905870364395559
795,0.1905870364395559,0.9556772691957369,0.3545747463965902,0.5349878652902557,0.1804131188936655
796,0.1804131188936655,1,0.3636535287492602,0.5491536064158709,0.1855000776666107
797,0.1855000776666107,0.9556772691957369,0.3495329683271575,0.5299460872208229,0.1804131188936655
798,0.1804131188936655,1,0.3636535287492602,0.5491536064158709,0.1855000776666107
799,0.1855000776666107,1,0.3664805530231208,0.5545241100762041,0.1880435570530833
800,0.1880435570530833,1,0.366586473391762,0.557173509831318,0.1905870364395559
801,0.1905870364395559,1,0.369212681032517,0.5597997174720729,0.1905870364395559
802,0.1905870364395559,1,0.369212681032517,0.5597997174720729,0.1905870364395559
803,0.1905870364395559,1,0.369212681032517,0.5597997174720729,0.1905870364395559
804,0.1905870364395559,1.046378345737535,0.3875448277137933,0.585762302312767,0.1982174745989738
805,0.1982174745989738,1,0.3744136694911249,0.5675441853171534,0.1931305158260286
806,0.1931305158260286,1.046378345737535,0.387725619505516,0.5884865734909625,0.2007609539854464
807,0.2007609539854464,1,0.3769520212105242,0.5700825370365528,0.1931305158260286
808,0.1931305158260286,1,0.3718162050726434,0.5624032415121993,0.1905870364395559
809,0.1905870364395559,1.046378345737535,0.3875448277137933,0.585762302312767,0.1982174745989738
810,0.1982174745989738,1,0.3744136694911249,0.5675441853171534,0.1931305158260286
811,0.1931305158260286,0.9556772691957369,0.3545193957550711,0.5374759940352092,0.1829565982801381
812,0.1829565982801381,1,0.3638074340787385,0.5518509911318218,0.1880435570530833
813,0.1880435570530833,1,0.366586473391762,0.557173509831318,0.1905870364395559
814,0.1905870364395559,0.9556772691957369,0.3545747463965902,0.5349878652902557,0.1804131188936655
815,0.1804131188936655,0.9556772691957369,0.3469439794413172,0.52481361894851,0.1778696395071928
816,0.1778696395071928,1,0.3609313111635144,0.5464313888301251,0.1855000776666107
817,0.1855000776666107,1,0.3664805530231208,0.5545241100762041,0.1880435570530833
818,0.1880435570530833,1,0.366586473391762,0.557173509831318,0.1905870364395559
819,0.1905870364395559,1,0.369212681032517,0.5597997174720729,0.1905870364395559
820,0.1905870364395559,1,0.369212681032517,0.5597997174720729,0.1905870364395559
821,0.1905870364395559,1,0.369212681032517,0.5597997174720729,0.1905870364395559
822,0.1905870364395559,1,0.369212681032517,0.5597997174720729,0.1905870364395559
823,0.1905870364395559,1,0.369212681032517,0.5597997174720729,0.1905870364395559
824,0.1905870364395559,1,0.369212681032517,0.5597997174720729,0.1905870364395559
825,0.1905870364395559,1,0.369212681032517,0.5597997174720729,0.1905870364395559
826,0.1905870364395559,1,0.369212681032517,0.5597997174720729,0.1905870364395559
827,0.1905870364395559,1,0.369212681032517,0.5597997174720729,0.1905870364395559
828,0.1905870364395559,1,0.369212681032517,0.5597997174720729,0.1905870364395559
829,0.1905870364395559,1,0.369212681032517,0.5597997174720729,0.1905870364395559
830,0.1905870364395559,1,0.369212681032517,0.5597997174720729,0.1905870364395559
831,0.1905870364395559,1,0.369212681032517,0.5597997174720729,0.1905870364395559
832,0.1905870364395559,1.046378345737535,0.3875448277137933,0.585762302312767,0.1982174745989738
833,0.1982174745989738,1.046378345737535,0.3931049917796736,0.59386594576512,0.2007609539854464
834,0.2007609539854464,1,0.3769520212105242,0.5700825370365528,0.1931305158260286
835,0.1931305158260286,1.046378345737535,0.387725619505516,0.5884865734909625,0.2007609539854464
836,0.2007609539854464,1,0.3769520212105242,0.5700825370365528,0.1931305158260286
837,0.1931305158260286,1,0.3718162050726434,0.5624032415121993,0.1905870364395559
838,0.1905870364395559,1.046378345737535,0.3875448277137933,0.585762302312767,0.1982174745989738
839,0.1982174745989738,1,0.3744136694911249,0.5675441853171534,0.1931305158260286
840,0.1931305158260286,1,0.3718162050726434,0.5624032415121993,0.1905870364395559
841,0.1905870364395559,1,0.369212681032517,0.5597997174720729,0.1905870364395559
842,0.1905870364395559,1,0.369212681032517,0.5597997174720729,0.1905870364395559
843,0.1905870364395559,1,0.369212681032517,0.5597997174720729,0.1905870364395559
844,0.1905870364395559,1,0.369212681032517,0.5597997174720729,0.1905870364395559
845,0.1905870364395559,1,0.369212681032517,0.5597997174720729,0.1905870364395559
846,0.1905870364395559,1.046378345737535,0.3875448277137933,0.585762302312767,0.1982174745989738
847,0.1982174745989738,1,0.3744136694911249,0.5675441853171534,0.1931305158260286
848,0.1931305158260286,1,0.3718162050726434,0.5624032415121993,0.1905870364395559
849,0.1905870364395559,1,0.369212681032517,0.5597997174720729,0.1905870364395559
850,0.1905870364395559,0.9556772691957369,0.3545747463965902,0.5349878652902557,0.1804131188936655
851,0.1804131188936655,1,0.3636535287492602,0.5491536064158709,0.1855000776666107
852,0.1855000776666107,1,0.3664805530231208,0.5545241100762041,0.1880435570530833
853,0.1880435570530833,1,0.366586473391762,0.557173509831318,0.1905870364395559
854,0.1905870364395559,1,0.369212681032517,0.5597997174720729,0.1905870364395559
855,0.1905870364395559,0.9556772691957369,0.3545747463965902,0.5349878652902557,0.1804131188936655
856,0.1804131188936655,1,0.3636535287492602,0.5491536064158709,0.1855000776666107
857,0.1855000776666107,1,0.3664805530231208,0.5545241100762041,0.1880435570530833
858,0.1880435570530833,1,0.366586473391762,0.557173509831318,0.1905870364395559
859,0.1905870364395559,1,0.369212681032517,0.5597997174720729,0.1905870364395559
860,0.1905870364395559,1,0.369212681032517,0.5597997174720729,0.1905870364395559
861,0.1905870364395559,1,0.369212681032517,0.5597997174720729,0.1905870364395559
862,0.1905870364395559,1.046378345737535,0.3875448277137933,0.585762302312767,0.1982174745989738
863,0.1982174745989738,1,0.3744136694911249,0.5675441853171534,0.1931305158260286
864,0.1931305158260286,1,0.3718162050726434,0.5624032415121993,0.1905870364395559
865,0.1905870364395559,1,0.369212681032517,0.5597997174720729,0.1905870364395559
866,0.1905870364395559,1.046378345737535,0.3875448277137933,0.585762302312767,0.1982174745989738
867,0.1982174745989738,1,0.3744136694911249,0.5675441853171534,0.1931305158260286
868,0.1931305158260286,1,0.3718162050726434,0.5624032415121993,0.1905870364395559
869,0.1905870364395559,1,0.369212681032517,0.5597997174720729,0.1905870364395559
870,0.1905870364395559,1,0.369212681032517,0.5597997174720729,0.1905870364395559
871,0.1905870364395559,1,0.369212681032517,0.5597997174720729,0.1905870364395559
872,0.1905870364395559,0.9556772691957369,0.3545747463965902,0.5349878652902557,0.1804131188936655
873,0.1804131188936655,1,0.3636535287492602,0.5491536064158709,0.1855000776666107
874,0.1855000776666107,1,0.3664805530231208,0.5545241100762041,0.1880435570530833
875,0.1880435570530833,1.046378345737535,0.3847968209070969,0.5830142955060706,0.1982174745989738
876,0.1982174745989738,1,0.3744136694911249,0.5675441853171534,0.1931305158260286
877,0.1931305158260286,1,0.3718162050726434,0.5624032415121993,0.1905870364395559
878,0.1905870364395559,1,0.369212681032517,0.5597997174720729,0.1905870364395559
879,0.1905870364395559,1,0.369212681032517,0.5597997174720729,0.1905870364395559
880,0.1905870364395559,1,0.369212681032517,0.5597997174720729,0.1905870364395559
881,0.1905870364395559,1,0.369212681032517,0.5597997174720729,0.1905870364395559
882,0.1905870364395559,1,0.369212681032517,0.5597997174720729,0.1905870364395559
883,0.1905870364395559,1,0.369212681032517,0.5597997174720729,0.1905870364395559
884,0.1905870364395559,1,0.369212681032517,0.5597997174720729,0.1905870364395559
885,0.1905870364395559,1,0.369212681032517,0.5597997174720729,0.1905870364395559
886,0.1905870364395559,0.9556772691957369,0.3545747463965902,0.5349878652902557,0.1804131188936655
887,0.1804131188936655,1,0.3636535287492602,0.5491536064158709,0.1855000776666107
888,0.1855000776666107,1,0.3664805530231208,0.5545241100762041,0.1880435570530833
889,0.1880435570530833,1.046378345737535,0.3847968209070969,0.5830142955060706,0.1982174745989738
890,0.1982174745989738,1,0.3744136694911249,0.5675441853171534,0.1931305158260286
891,0.1931305158260286,1,0.3718162050726434,0.5624032415121993,0.1905870364395559
892,0.1905870364395559,1,0.369212681032517,0.5597997174720729,0.1905870364395559
893,0.1905870364395559,1,0.369212681032517,0.5597997174720729,0.1905870364395559
894,0.1905870364395559,1,0.369212681032517,0.5597997174720729,0.1905870364395559
895,0.1905870364395559,1,0.369212681032517,0.5597997174720729,0.1905870364395559
896,0.1905870364395559,1,0.369212681032517,0.5597997174720729,0.1905870364395559
897,0.1905870364395559,1.046378345737535,0.3875448277137933,0.585762302312767,0.1982174745989738
898,0.1982174745989738,1,0.3744136694911249,0.5675441853171534,0.1931305158260286
899,0.1931305158260286,0.9556772691957369,0.3545193957550711,0.5374759940352092,0.1829565982801381
900,0.1829565982801381,1,0.3638074340787385,0.5518509911318218,0.1880435570530833
901,0.1880435570530833,1,0.366586473391762,0.557173509831318,0.1905870364395559
902,0.1905870364395559,1,0.369212681032517,0.5597997174720729,0.1905870364395559
903,0.1905870364395559,1,0.369212681032517,0.5597997174720729,0.1905870364395559
904,0.1905870364395559,1,0.369212681032517,0.5597997174720729,0.1905870364395559
905,0.1905870364395559,1,0.369212681032517,0.5597997174720729,0.1905870364395559
906,0.1905870364395559,1,0.369212681032517,0.5597997174720729,0.1905870364395559
907,0.1905870364395559,1,0.369212681032517,0.5597997174720729,0.1905870364395559
908,0.1905870364395559,1,0.369212681032517,0.5597997174720729,0.1905870364395559
909,0.1905870364395559,0.9556772691957369,0.3545747463965902,0.5349878652902557,0.1804131188936655
910,0.1804131188936655,1,0.3636535287492602,0.5491536064158709,0.1855000776666107
911,0.1855000776666107,1,0.3664805530231208,0.5545241100762041,0.1880435570530833
912,0.1880435570530833,1,0.366586473391762,0.557173509831318,0.1905870364395559
913,0.1905870364395559,1,0.369212681032517,0.5597997174720729,0.1905870364395559
914,0.1905870364395559,1,0.369212681032517,0.5597997174720729,0.1905870364395559
915,0.1905870364395559,1,0.369212681032517,0.5597997174720729,0.1905870364395559
916,0.1905870364395559,0.9556772691957369,0.3545747463965902,0.5349878652902557,0.1804131188936655
917,0.1804131188936655,1,0.3636535287492602,0.5491536064158709,0.1855000776666107
918,0.1855000776666107,1,0.3664805530231208,0.5545241100762041,0.1880435570530833
919,0.1880435570530833,1,0.366586473391762,0.557173509831318,0.1905870364395559
920,0.1905870364395559,1,0.369212681032517,0.5597997174720729,0.1905870364395559
921,0.1905870364395559,1,0.369212681032517,0.5597997174720729,0.1905870364395559
922,0.1905870364395559,1,0.369212681032517,0.5597997174720729,0.1905870364395559
923,0.1905870364395559,1,0.369212681032517,0.5597997174720729,0.1905870364395559
924,0.1905870364395559,1,0.369212681032517,0.5597997174720729,0.1905870364395559
925,0.1905870364395559,0.9556772691957369,0.3545747463965902,0.5349878652902557,0.1804131188936655
926,0.1804131188936655,0.9556772691957369,0.3469439794413172,0.52481361894851,0.1778696395071928
927,0.1778696395071928,1,0.3609313111635144,0.5464313888301251,0.1855000776666107
928,0.1855000776666107,1,0.3664805530231208,0.5545241100762041,0.1880435570530833
929,0.1880435570530833,1.046378345737535,0.3847968209070969,0.5830142955060706,0.1982174745989738
930,0.1982174745989738,1.046378345737535,0.3931049917796736,0.59386594576512,0.2007609539854464
931,0.2007609539854464,0.9556772691957369,0.3593148445446596,0.5448149222112703,0.1855000776666107
932,0.1855000776666107,1,0.3664805530231208,0.5545241100762041,0.1880435570530833
933,0.1880435570530833,1,0.366586473391762,0.557173509831318,0.1905870364395559
934,0.1905870364395559,0.9556772691957369,0.3545747463965902,0.5349878652902557,0.1804131188936655
935,0.1804131188936655,1,0.3636535287492602,0.5491536064158709,0.1855000776666107
936,0.1855000776666107,1,0.3664805530231208,0.5545241100762041,0.1880435570530833
937,0.1880435570530833,0.9556772691957369,0.3520649394501326,0.532478058343798,0.1804131188936655
938,0.1804131188936655,1,0.3636535287492602,0.5491536064158709,0.1855000776666107
939,0.1855000776666107,1.046378345737535,0.3820245463741433,0.5802420209731171,0.1982174745989738
940,0.1982174745989738,1,0.3744136694911249,0.5675441853171534,0.1931305158260286
941,0.1931305158260286,1,0.3718162050726434,0.5624032415121993,0.1905870364395559
942,0.1905870364395559,1,0.369212681032517,0.5597997174720729,0.1905870364395559
943,0.1905870364395559,0.9556772691957369,0.3545747463965902,0.5349878652902557,0.1804131188936655
944,0.1804131188936655,1,0.3636535287492602,0.5491536064158709,0.1855000776666107
945,0.1855000776666107,1,0.3664805530231208,0.5545241100762041,0.1880435570530833
946,0.1880435570530833,1,0.366586473391762,0.557173509831318,0.1905870364395559
947,0.1905870364395559,1,0.369212681032517,0.5597997174720729,0.1905870364395559
948,0.1905870364395559,0.9556772691957369,0.3545747463965902,0.5349878652902557,0.1804131188936655
949,0.1804131188936655,1,0.3636535287492602,0.5491536064158709,0.1855000776666107
950,0.1855000776666107,1,0.3664805530231208,0.5545241100762041,0.1880435570530833
951,0.1880435570530833,1,0.366586473391762,0.557173509831318,0.1905870364395559
952,0.1905870364395559,1,0.369212681032517,0.5597997174720729,0.1905870364395559
953,0.1905870364395559,0.9556772691957369,0.3545747463965902,0.5349878652902557,0.1804131188936655
954,0.1804131188936655,1.046378345737535,0.3789484470247391,0.5746224422372402,0.1956739952125012
955,0.1956739952125012,0.9556772691957369,0.3569863153841631,0.5399429136643012,0.1829565982801381
956,0.1829565982801381,0.9556772691957369,0.3495218087006274,0.5273914482078202,0.1778696395071928
957,0.1778696395071928,0.9556772691957369,0.3443424179728151,0.5222120574800079,0.1778696395071928
958,0.1778696395071928,1,0.3609313111635144,0.5464313888301251,0.1855000776666107
959,0.1855000776666107,1,0.3664805530231208,0.5545241100762041,0.1880435570530833
960,0.1880435570530833,1,0.366586473391762,0.557173509831318,0.1905870364395559
961,0.1905870364395559,1,0.369212681032517,0.5597997174720729,0.1905870364395559
962,0.1905870364395559,1,0.369212681032517,0.5597997174720729,0.1905870364395559
963,0.1905870364395559,1,0.369212681032517,0.5597997174720729,0.1905870364395559
964,0.1905870364395559,1,0.369212681032517,0.5597997174720729,0.1905870364395559
965,0.1905870364395559,1,0.369212681032517,0.5597997174720729,0.1905870364395559
966,0.1905870364395559,0.9556772691957369,0.3545747463965902,0.5349878652902557,0.1804131188936655
967,0.1804131188936655,1.046378345737535,0.3789484470247391,0.5746224422372402,0.1956739952125012
968,0.1956739952125012,1,0.3743975363532002,0.5649845727927562,0.1905870364395559
969,0.1905870364395559,1,0.369212681032517,0.5597997174720729,0.1905870364395559
970,0.1905870364395559,1.046378345737535,0.3875448277137933,0.585762302312767,0.1982174745989738
971,0.1982174745989738,1.046378345737535,0.3931049917796736,0.59386594576512,0.2007609539854464
972,0.2007609539854464,1.046378345737535,0.393217588666246,0.5965220220381651,0.203304433371919
973,0.203304433371919,1,0.379469554763155,0.5726000705891836,0.1931305158260286
974,0.1931305158260286,1.046378345737535,0.387725619505516,0.5884865734909625,0.2007609539854464
975,0.2007609539854464,0.9556772691957369,0.3593148445446596,0.5448149222112703,0.1855000776666107
976,0.1855000776666107,1,0.3664805530231208,0.5545241100762041,0.1880435570530833
977,0.1880435570530833,0.9556772691957369,0.3520649394501326,0.532478058343798,0.1804131188936655
978,0.1804131188936655,1,0.3636535287492602,0.5491536064158709,0.1855000776666107
979,0.1855000776666107,1,0.3664805530231208,0.5545241100762041,0.1880435570530833
980,0.1880435570530833,1,0.366586473391762,0.557173509831318,0.1905870364395559
981,0.1905870364395559,0.9556772691957369,0.3545747463965902,0.5349878652902557,0.1804131188936655
982,0.1804131188936655,1.046378345737535,0.3789484470247391,0.5746224422372402,0.1956739952125012
983,0.1956739952125012,1,0.3743975363532002,0.5649845727927562,0.1905870364395559
984,0.1905870364395559,1,0.369212681032517,0.5597997174720729,0.1905870364395559
985,0.1905870364395559,1,0.369212681032517,0.5597997174720729,0.1905870364395559
986,0.1905870364395559,1,0.369212681032517,0.5597997174720729,0.1905870364395559
987,0.1905870364395559,1,0.369212681032517,0.5597997174720729,0.1905870364395559
988,0.1905870364395559,1,0.369212681032517,0.5597997174720729,0.1905870364395559
989,0.1905870364395559,1,0.369212681032517,0.5597997174720729,0.1905870364395559
990,0.1905870364395559,1,0.369212681032517,0.5597997174720729,0.1905870364395559
991,0.1905870364395559,1,0.369212681032517,0.5597997174720729,0.1905870364395559
992,0.1905870364395559,1,0.369212681032517,0.5597997174720729,0.1905870364395559
993,0.1905870364395559,1,0.369212681032517,0.5597997174720729,0.1905870364395559
994,0.1905870364395559,1,0.369212681032517,0.5597997174720729,0.1905870364395559
995,0.1905870364395559,0.9556772691957369,0.3545747463965902,0.5349878652902557,0.1804131188936655
996,0.1804131188936655,1,0.3636535287492602,0.5491536064158709,0.1855000776666107
997,0.1855000776666107,1,0.3664805530231208,0.5545241100762041,0.1880435570530833
998,0.1880435570530833,1,0.366586473391762,0.557173509831318,0.1905870364395559
999,0.1905870364395559,1,0.369212681032517,0.5597997174720729,0.1905870364395559
1000,0.1905870364395559,1,0.369212681032517,0.5597997174720729,0.1905870364395559
1001,0.1905870364395559,1,0.369212681032517,0.5597997174720729,0.1905870364395559
1002,0.1905870364395559,0.9556772691957369,0.3545747463965902,0.5349878652902557,0.1804131188936655
1003,0.1804131188936655,0.9556772691957369,0.3469439794413172,0.52481361894851,0.1778696395071928
1004,0.1778696395071928,1,0.3609313111635144,0.5464313888301251,0.1855000776666107
1005,0.1855000776666107,1,0.3664805530231208,0.5545241100762041,0.1880435570530833
1006,0.1880435570530833,1,0.366586473391762,0.557173509831318,0.1905870364395559
1007,0.1905870364395559,1,0.369212681032517,0.5597997174720729,0.1905870364395559
1008,0.1905870364395559,1,0.369212681032517,0.5597997174720729,0.1905870364395559
1009,0.1905870364395559,1,0.369212681032517,0.5597997174720729,0.1905870364395559
1010,0.1905870364395559,1.046378345737535,0.3875448277137933,0.585762302312767,0.1982174745989738
1011,0.1982174745989738,1,0.3744136694911249,0.5675441853171534,0.1931305158260286
1012,0.1931305158260286,0.9556772691957369,0.3545193957550711,0.5374759940352092,0.1829565982801381
1013,0.1829565982801381,1,0.3638074340787385,0.5518509911318218,0.1880435570530833
1014,0.1880435570530833,1,0.366586473391762,0.557173509831318,0.1905870364395559
1015,0.1905870364395559,1,0.369212681032517,0.5597997174720729,0.1905870364395559
1016,0.1905870364395559,1,0.369212681032517,0.5597997174720729,0.1905870364395559
1017,0.1905870364395559,1,0.369212681032517,0.5597997174720729,0.1905870364395559
1018,0.1905870364395559,1,0.369212681032517,0.5597997174720729,0.1905870364395559
1019,0.1905870364395559,1,0.369212681032517,0.5597997174720729,0.1905870364395559
1020,0.1905870364395559,0.9556772691957369,0.3545747463965902,0.5349878652902557,0.1804131188936655
1021,0.1804131188936655,1,0.3636535287492602,0.5491536064158709,0.1855000776666107
1022,0.1855000776666107,1,0.3664805530231208,0.5545241100762041,0.1880435570530833
1023,0.1880435570530833,0.9556772691957369,0.3520649394501326,0.532478058343798,0.1804131188936655
1024,0.1804131188936655,1,0.3636535287492602,0.5491536064158709,0.1855000776666107
1025,0.1855000776666107,1,0.3664805530231208,0.5545241100762041,0.1880435570530833
1026,0.1880435570530833,1,0.366586473391762,0.557173509831318,0.1905870364395559
1027,0.1905870364395559,1,0.369212681032517,0.5597997174720729,0.1905870364395559
1028,0.1905870364395559,1,0.369212681032517,0.5597997174720729,0.1905870364395559
1029,0.1905870364395559,1.046378345737535,0.3875448277137933,0.585762302312767,0.1982174745989738
1030,0.1982174745989738,1,0.3744136694911249,0.5675441853171534,0.1931305158260286
1031,0.1931305158260286,1,0.3718162050726434,0.5624032415121993,0.1905870364395559
1032,0.1905870364395559,1,0.369212681032517,0.5597997174720729,0.1905870364395559
1033,0.1905870364395559,0.9556772691957369,0.3545747463965902,0.5349878652902557,0.1804131188936655
1034,0.1804131188936655,1,0.3636535287492602,0.5491536064158709,0.1855000776666107
1035,0.1855000776666107,1,0.3664805530231208,0.5545241100762041,0.1880435570530833
1036,0.1880435570530833,1.046378345737535,0.3847968209070969,0.5830142955060706,0.1982174745989738
1037,0.1982174745989738,1,0.3744136694911249,0.5675441853171534,0.1931305158260286
1038,0.1931305158260286,1,0.3718162050726434,0.5624032415121993,0.1905870364395559
1039,0.1905870364395559,1,0.369212681032517,0.5597997174720729,0.1905870364395559
1040,0.1905870364395559,1.046378345737535,0.3875448277137933,0.585762302312767,0.1982174745989738
1041,0.1982174745989738,1.046378345737535,0.3931049917796736,0.59386594576512,0.2007609539854464
1042,0.2007609539854464,1,0.3769520212105242,0.5700825370365528,0.1931305158260286
1043,0.1931305158260286,1,0.3718162050726434,0.5624032415121993,0.1905870364395559
1044,0.1905870364395559,0.9556772691957369,0.3545747463965902,0.5349878652902557,0.1804131188936655
1045,0.1804131188936655,1,0.3636535287492602,0.5491536064158709,0.1855000776666107
1046,0.1855000776666107,1.046378345737535,0.3820245463741433,0.5802420209731171,0.1982174745989738
1047,0.1982174745989738,1,0.3744136694911249,0.5675441853171534,0.1931305158260286
1048,0.1931305158260286,1,0.3718162050726434,0.5624032415121993,0.1905870364395559
1049,0.1905870364395559,1,0.369212681032517,0.5597997174720729,0.1905870364395559
1050,0.1905870364395559,1,0.369212681032517,0.5597997174720729,0.1905870364395559
1051,0.1905870364395559,1,0.369212681032517,0.5597997174720729,0.1905870364395559
1052,0.1905870364395559,1,0.369212681032517,0.5597997174720729,0.1905870364395559
1053,0.1905870364395559,1.046378345737535,0.3875448277137933,0.585762302312767,0.1982174745989738
1054,0.1982174745989738,0.9556772691957369,0.3568889995052058,0.5423890771718165,0.1855000776666107
1055,0.1855000776666107,1,0.3664805530231208,0.5545241100762041,0.1880435570530833
1056,0.1880435570530833,1,0.366586473391762,0.557173509831318,0.1905870364395559
1057,0.1905870364395559,1,0.369212681032517,0.5597997174720729,0.1905870364395559
1058,0.1905870364395559,1,0.369212681032517,0.5597997174720729,0.1905870364395559
1059,0.1905870364395559,0.9556772691957369,0.3545747463965902,0.5349878652902557,0.1804131188936655
1060,0.1804131188936655,1,0.3636535287492602,0.5491536064158709,0.1855000776666107
1061,0.1855000776666107,1,0.3664805530231208,0.5545241100762041,0.1880435570530833
1062,0.1880435570530833,1,0.366586473391762,0.557173509831318,0.1905870364395559
1063,0.1905870364395559,1,0.369212681032517,0.5597997174720729,0.1905870364395559
1064,0.1905870364395559,1,0.369212681032517,0.5597997174720729,0.1905870364395559
1065,0.1905870364395559,1,0.369212681032517,0.5597997174720729,0.1905870364395559
1066,0.1905870364395559,1,0.369212681032517,0.5597997174720729,0.1905870364395559
1067,0.1905870364395559,1,0.369212681032517,0.5597997174720729,0.1905870364395559
1068,0.1905870364395559,1,0.369212681032517,0.5597997174720729,0.1905870364395559
1069,0.1905870364395559,1,0.369212681032517,0.5597997174720729,0.1905870364395559
1070,0.1905870364395559,1,0.369212681032517,0.5597997174720729,0.1905870364395559
1071,0.1905870364395559,1,0.369212681032517,0.5597997174720729,0.1905870364395559
1072,0.1905870364395559,1,0.369212681032517,0.5597997174720729,0.1905870364395559
1073,0.1905870364395559,1.046378345737535,0.3875448277137933,0.585762302312767,0.1982174745989738
1074,0.1982174745989738,1,0.3744136694911249,0.5675441853171534,0.1931305158260286
1075,0.1931305158260286,1,0.3718162050726434,0.5624032415121993,0.1905870364395559
1076,0.1905870364395559,1,0.369212681032517,0.5597997174720729,0.1905870364395559
1077,0.1905870364395559,1,0.369212681032517,0.5597997174720729,0.1905870364395559
1078,0.1905870364395559,0.9556772691957369,0.3545747463965902,0.5349878652902557,0.1804131188936655
1079,0.1804131188936655,1,0.3636535287492602,0.5491536064158709,0.1855000776666107
1080,0.1855000776666107,1,0.3664805530231208,0.5545241100762041,0.1880435570530833
1081,0.1880435570530833,1,0.366586473391762,0.557173509831318,0.1905870364395559
1082,0.1905870364395559,1,0.369212681032517,0.5597997174720729,0.1905870364395559
1083,0.1905870364395559,1.046378345737535,0.3875448277137933,0.585762302312767,0.1982174745989738
1084,0.1982174745989738,1,0.3744136694911249,0.5675441853171534,0.1931305158260286
1085,0.1931305158260286,0.9556772691957369,0.3545193957550711,0.5374759940352092,0.1829565982801381
1086,0.1829565982801381,1,0.3638074340787385,0.5518509911318218,0.1880435570530833
1087,0.1880435570530833,1,0.366586473391762,0.557173509831318,0.1905870364395559
1088,0.1905870364395559,1,0.369212681032517,0.5597997174720729,0.1905870364395559
1089,0.1905870364395559,1,0.369212681032517,0.5597997174720729,0.1905870364395559
1090,0.1905870364395559,1,0.369212681032517,0.5597997174720729,0.1905870364395559
1091,0.1905870364395559,1,0.369212681032517,0.5597997174720729,0.1905870364395559
1092,0.1905870364395559,1,0.369212681032517,0.5597997174720729,0.1905870364395559
1093,0.1905870364395559,1,0.369212681032517,0.5597997174720729,0.1905870364395559
1094,0.1905870364395559,1,0.369212681032517,0.5597997174720729,0.1905870364395559
1095,0.1905870364395559,1,0.369212681032517,0.5597997174720729,0.1905870364395559
1096,0.1905870364395559,1,0.369212681032517,0.5597997174720729,0.1905870364395559
1097,0.1905870364395559,1,0.369212681032517,0.5597997174720729,0.1905870364395559
1098,0.1905870364395559,1,0.369212681032517,0.5597997174720729,0.1905870364395559
1099,0.1905870364395559,1,0.369212681032517,0.5597997174720729,0.1905870364395559
1100,0.1905870364395559,1,0.369212681032517,0.5597997174720729,0.1905870364395559
1101,0.1905870364395559,0.9556772691957369,0.3545747463965902,0.5349878652902557,0.1804131188936655
1102,0.1804131188936655,1,0.3636535287492602,0.5491536064158709,0.1855000776666107
1103,0.1855000776666107,0.9556772691957369,0.3495329683271575,0.5299460872208229,0.1804131188936655
1104,0.1804131188936655,1,0.3636535287492602,0.5491536064158709,0.1855000776666107
1105,0.1855000776666107,1,0.3664805530231208,0.5545241100762041,0.1880435570530833
1106,0.1880435570530833,1,0.366586473391762,0.557173509831318,0.1905870364395559
1107,0.1905870364395559,1,0.369212681032517,0.5597997174720729,0.1905870364395559
1108,0.1905870364395559,1.046378345737535,0.3875448277137933,0.585762302312767,0.1982174745989738
1109,0.1982174745989738,1,0.3744136694911249,0.5675441853171534,0.1931305158260286
1110,0.1931305158260286,1,0.3718162050726434,0.5624032415121993,0.1905870364395559
1111,0.1905870364395559,1,0.369212681032517,0.5597997174720729,0.1905870364395559
1112,0.1905870364395559,1,0.369212681032517,0.5597997174720729,0.1905870364395559
1113,0.1905870364395559,1,0.369212681032517,0.5597997174720729,0.1905870364395559
1114,0.1905870364395559,1.046378345737535,0.3875448277137933,0.585762302312767,0.1982174745989738
1115,0.1982174745989738,1,0.3744136694911249,0.5675441853171534,0.1931305158260286
1116,0.1931305158260286,1,0.3718162050726434,0.5624032415121993,0.1905870364395559
1117,0.1905870364395559,1,0.369212681032517,0.5597997174720729,0.1905870364395559
1118,0.1905870364395559,1,0.369212681032517,0.5597997174720729,0.1905870364395559
1119,0.1905870364395559,1,0.369212681032517,0.5597997174720729,0.1905870364395559
1120,0.1905870364395559,1,0.369212681032517,0.5597997174720729,0.1905870364395559
1121,0.1905870364395559,1.046378345737535,0.3875448277137933,0.585762302312767,0.1982174745989738
1122,0.1982174745989738,1,0.3744136694911249,0.5675441853171534,0.1931305158260286
1123,0.1931305158260286,1,0.3718162050726434,0.5624032415121993,0.1905870364395559
1124,0.1905870364395559,1,0.369212681032517,0.5597997174720729,0.1905870364395559
1125,0.1905870364395559,1,0.369212681032517,0.5597997174720729,0.1905870364395559
1126,0.1905870364395559,1,0.369212681032517,0.5597997174720729,0.1905870364395559
1127,0.1905870364395559,0.9556772691957369,0.3545747463965902,0.5349878652902557,0.1804131188936655
1128,0.1804131188936655,1.046378345737535,0.3789484470247391,0.5746224422372402,0.1956739952125012
1129,0.1956739952125012,1,0.3743975363532002,0.5649845727927562,0.1905870364395559
1130,0.1905870364395559,1,0.369212681032517,0.5597997174720729,0.1905870364395559
1131,0.1905870364395559,1,0.369212681032517,0.5597997174720729,0.1905870364395559
1132,0.1905870364395559,0.9556772691957369,0.3545747463965902,0.5349878652902557,0.1804131188936655
1133,0.1804131188936655,0.9556772691957369,0.3469439794413172,0.52481361894851,0.1778696395071928
1134,0.1778696395071928,1.046378345737535,0.3786434568771014,0.57177397270313,0.1931305158260286
1135,0.1931305158260286,1,0.3718162050726434,0.5624032415121993,0.1905870364395559
1136,0.1905870364395559,0.9556772691957369,0.3545747463965902,0.5349878652902557,0.1804131188936655
1137,0.1804131188936655,1,0.3636535287492602,0.5491536064158709,0.1855000776666107
1138,0.1855000776666107,1,0.3664805530231208,0.5545241100762041,0.1880435570530833
1139,0.1880435570530833,1.046378345737535,0.3847968209070969,0.5830142955060706,0.1982174745989738
1140,0.1982174745989738,1,0.3744136694911249,0.5675441853171534,0.1931305158260286
1141,0.1931305158260286,1,0.3718162050726434,0.5624032415121993,0.1905870364395559
1142,0.1905870364395559,1,0.369212681032517,0.5597997174720729,0.1905870364395559
1143,0.1905870364395559,1,0.369212681032517,0.5597997174720729,0.1905870364395559
1144,0.1905870364395559,1,0.369212681032517,0.5597997174720729,0.1905870364395559
1145,0.1905870364395559,1,0.369212681032517,0.5597997174720729,0.1905870364395559
1146,0.1905870364395559,1,0.369212681032517,0.5597997174720729,0.1905870364395559
1147,0.1905870364395559,0.9556772691957369,0.3545747463965902,0.5349878652902557,0.1804131188936655
1148,0.1804131188936655,1,0.3636535287492602,0.5491536064158709,0.1855000776666107
1149,0.1855000776666107,1,0.3664805530231208,0.5545241100762041,0.1880435570530833
1150,0.1880435570530833,1,0.366586473391762,0.557173509831318,0.1905870364395559
1151,0.1905870364395559,1,0.369212681032517,0.5597997174720729,0.1905870364395559
1152,0.1905870364395559,1.046378345737535,0.3875448277137933,0.585762302312767,0.1982174745989738
1153,0.1982174745989738,1,0.3744136694911249,0.5675441853171534,0.1931305158260286
1154,0.1931305158260286,1,0.3718162050726434,0.5624032415121993,0.1905870364395559
1155,0.1905870364395559,1,0.369212681032517,0.5597997174720729,0.1905870364395559
1156,0.1905870364395559,1,0.369212681032517,0.5597997174720729,0.1905870364395559
1157,0.1905870364395559,0.9556772691957369,0.3545747463965902,0.5349878652902557,0.1804131188936655
1158,0.1804131188936655,1,0.3636535287492602,0.5491536064158709,0.1855000776666107
1159,0.1855000776666107,1.046378345737535,0.3820245463741433,0.5802420209731171,0.1982174745989738
1160,0.1982174745989738,1,0.3744136694911249,0.5675441853171534,0.1931305158260286
1161,0.1931305158260286,1.046378345737535,0.387725619505516,0.5884865734909625,0.2007609539854464
1162,0.2007609539854464,1,0.3769520212105242,0.5700825370365528,0.1931305158260286
1163,0.1931305158260286,1,0.3718162050726434,0.5624032415121993,0.1905870364395559
1164,0.1905870364395559,1,0.369212681032517,0.5597997174720729,0.1905870364395559
1165,0.1905870364395559,1,0.369212681032517,0.5597997174720729,0.1905870364395559
1166,0.1905870364395559,1,0.369212681032517,0.5597997174720729,0.1905870364395559
1167,0.1905870364395559,0.9556772691957369,0.3545747463965902,0.5349878652902557,0.1804131188936655
1168,0.1804131188936655,1,0.3636535287492602,0.5491536064158709,0.1855000776666107
1169,0.1855000776666107,1.046378345737535,0.3820245463741433,0.5802420209731171,0.1982174745989738
1170,0.1982174745989738,0.9556772691957369,0.3568889995052058,0.5423890771718165,0.1855000776666107
1171,0.1855000776666107,1,0.3664805530231208,0.5545241100762041,0.1880435570530833
1172,0.1880435570530833,1,0.366586473391762,0.557173509831318,0.1905870364395559
1173,0.1905870364395559,1,0.369212681032517,0.5597997174720729,0.1905870364395559
1174,0.1905870364395559,1,0.369212681032517,0.5597997174720729,0.1905870364395559
1175,0.1905870364395559,1,0.369212681032517,0.5597997174720729,0.1905870364395559
1176,0.1905870364395559,1,0.369212681032517,0.5597997174720729,0.1905870364395559
1177,0.1905870364395559,1.046378345737535,0.3875448277137933,0.585762302312767,0.1982174745989738
1178,0.1982174745989738,1,0.3744136694911249,0.5675441853171534,0.1931305158260286
1179,0.1931305158260286,1,0.3718162050726434,0.5624032415121993,0.1905870364395559
1180,0.1905870364395559,1,0.369212681032517,0.5597997174720729,0.1905870364395559
1181,0.1905870364395559,1,0.369212681032517,0.5597997174720729,0.1905870364395559
1182,0.1905870364395559,1,0.369212681032517,0.5597997174720729,0.1905870364395559
1183,0.1905870364395559,1,0.369212681032517,0.5597997174720729,0.1905870364395559
1184,0.1905870364395559,1,0.369212681032517,0.5597997174720729,0.1905870364395559
1185,0.1905870364395559,1.046378345737535,0.3875448277137933,0.585762302312767,0.1982174745989738
1186,0.1982174745989738,1,0.3744136694911249,0.5675441853171534,0.1931305158260286
1187,0.1931305158260286,0.9556772691957369,0.3545193957550711,0.5374759940352092,0.1829565982801381
1188,0.1829565982801381,0.9556772691957369,0.3495218087006274,0.5273914482078202,0.1778696395071928
1189,0.1778696395071928,1,0.3609313111635144,0.5464313888301251,0.1855000776666107
1190,0.1855000776666107,1,0.3664805530231208,0.5545241100762041,0.1880435570530833
1191,0.1880435570530833,1,0.366586473391762,0.557173509831318,0.1905870364395559
1192,0.1905870364395559,1,0.369212681032517,0.5597997174720729,0.1905870364395559
1193,0.1905870364395559,0.9556772691957369,0.3545747463965902,0.5349878652902557,0.1804131188936655
1194,0.1804131188936655,1,0.3636535287492602,0.5491536064158709,0.1855000776666107
1195,0.1855000776666107,1,0.3664805530231208,0.5545241100762041,0.1880435570530833
1196,0.1880435570530833,1.046378345737535,0.3847968209070969,0.5830142955060706,0.1982174745989738
1197,0.1982174745989738,1,0.3744136694911249,0.5675441853171534,0.1931305158260286
1198,0.1931305158260286,1,0.3718162050726434,0.5624032415121993,0.1905870364395559
1199,0.1905870364395559,1,0.369212681032517,0.5597997174720729,0.1905870364395559
1200,0.1905870364395559,1,0.369212681032517,0.5597997174720729,0.1905870364395559
1201,0.1905870364395559,1,0.369212681032517,0.5597997174720729,0.1905870364395559
1202,0.1905870364395559,1,0.369212681032517,0.5597997174720729,0.1905870364395559
1203,0.1905870364395559,1,0.369212681032517,0.5597997174720729,0.1905870364395559
1204,0.1905870364395559,0.9556772691957369,0.3545747463965902,0.5349878652902557,0.1804131188936655
1205,0.1804131188936655,1,0.3636535287492602,0.5491536064158709,0.1855000776666107
1206,0.1855000776666107,1,0.3664805530231208,0.5545241100762041,0.1880435570530833
1207,0.1880435570530833,1,0.366586473391762,0.557173509831318,0.1905870364395559
1208,0.1905870364395559,0.9556772691957369,0.3545747463965902,0.5349878652902557,0.1804131188936655
1209,0.1804131188936655,1,0.3636535287492602,0.5491536064158709,0.1855000776666107
1210,0.1855000776666107,1,0.3664805530231208,0.5545241100762041,0.1880435570530833
1211,0.1880435570530833,1,0.366586473391762,0.557173509831318,0.1905870364395559
1212,0.1905870364395559,1,0.369212681032517,0.5597997174720729,0.1905870364395559
1213,0.1905870364395559,1.046378345737535,0.3875448277137933,0.585762302312767,0.1982174745989738
1214,0.1982174745989738,1,0.3744136694911249,0.5675441853171534,0.1931305158260286
1215,0.1931305158260286,1,0.3718162050726434,0.5624032415121993,0.1905870364395559
1216,0.1905870364395559,1,0.369212681032517,0.5597997174720729,0.1905870364395559
1217,0.1905870364395559,1,0.369212681032517,0.5597997174720729,0.1905870364395559
1218,0.1905870364395559,1,0.369212681032517,0.5597997174720729,0.1905870364395559
1219,0.1905870364395559,1,0.369212681032517,0.5597997174720729,0.1905870364395559
1220,0.1905870364395559,1,0.369212681032517,0.5597997174720729,0.1905870364395559
1221,0.1905870364395559,1,0.369212681032517,0.5597997174720729,0.1905870364395559
1222,0.1905870364395559,1,0.369212681032517,0.5597997174720729,0.1905870364395559
1223,0.1905870364395559,1,0.369212681032517,0.5597997174720729,0.1905870364395559
1224,0.1905870364395559,1,0.369212681032517,0.5597997174720729,0.1905870364395559
1225,0.1905870364395559,1,0.369212681032517,0.5597997174720729,0.1905870364395559
1226,0.1905870364395559,0.9556772691957369,0.3545747463965902,0.5349878652902557,0.1804131188936655
1227,0.1804131188936655,1.046378345737535,0.3789484470247391,0.5746224422372402,0.1956739952125012
1228,0.1956739952125012,1,0.3743975363532002,0.5649845727927562,0.1905870364395559
1229,0.1905870364395559,0.9556772691957369,0.3545747463965902,0.5349878652902557,0.1804131188936655
1230,0.1804131188936655,1,0.3636535287492602,0.5491536064158709,0.1855000776666107
1231,0.1855000776666107,1,0.3664805530231208,0.5545241100762041,0.1880435570530833
1232,0.1880435570530833,1.046378345737535,0.3847968209070969,0.5830142955060706,0.1982174745989738
1233,0.1982174745989738,0.9556772691957369,0.3568889995052058,0.5423890771718165,0.1855000776666107
1234,0.1855000776666107,0.9556772691957369,0.3495329683271575,0.5299460872208229,0.1804131188936655
1235,0.1804131188936655,1,0.3636535287492602,0.5491536064158709,0.1855000776666107
1236,0.1855000776666107,1,0.3664805530231208,0.5545241100762041,0.1880435570530833
1237,0.1880435570530833,1,0.366586473391762,0.557173509831318,0.1905870364395559
1238,0.1905870364395559,1,0.369212681032517,0.5597997174720729,0.1905870364395559
1239,0.1905870364395559,1,0.369212681032517,0.5597997174720729,0.1905870364395559
1240,0.1905870364395559,1,0.369212681032517,0.5597997174720729,0.1905870364395559
1241,0.1905870364395559,1,0.369212681032517,0.5597997174720729,0.1905870364395559
1242,0.1905870364395559,1.046378345737535,0.3875448277137933,0.585762302312767,0.1982174745989738
1243,0.1982174745989738,1,0.3744136694911249,0.5675441853171534,0.1931305158260286
1244,0.1931305158260286,1,0.3718162050726434,0.5624032415121993,0.1905870364395559
1245,0.1905870364395559,1,0.369212681032517,0.5597997174720729,0.1905870364395559
1246,0.1905870364395559,1,0.369212681032517,0.5597997174720729,0.1905870364395559
1247,0.1905870364395559,0.9556772691957369,0.3545747463965902,0.5349878652902557,0.1804131188936655
1248,0.1804131188936655,0.9556772691957369,0.3469439794413172,0.52481361894851,0.1778696395071928
1249,0.1778696395071928,1,0.3609313111635144,0.5464313888301251,0.1855000776666107
1250,0.1855000776666107,1,0.3664805530231208,0.5545241100762041,0.1880435570530833
1251,0.1880435570530833,1,0.366586473391762,0.557173509831318,0.1905870364395559
1252,0.1905870364395559,1,0.369212681032517,0.5597997174720729,0.1905870364395559
1253,0.1905870364395559,1,0.369212681032517,0.5597997174720729,0.1905870364395559
1254,0.1905870364395559,1,0.369212681032517,0.5597997174720729,0.1905870364395559
1255,0.1905870364395559,1,0.369212681032517,0.5597997174720729,0.1905870364395559
1256,0.1905870364395559,0.9556772691957369,0.3545747463965902,0.5349878652902557,0.1804131188936655
1257,0.1804131188936655,1,0.3636535287492602,0.5491536064158709,0.1855000776666107
1258,0.1855000776666107,1,0.3664805530231208,0.5545241100762041,0.1880435570530833
1259,0.1880435570530833,1,0.366586473391762,0.557173509831318,0.1905870364395559
1260,0.1905870364395559,1,0.369212681032517,0.5597997174720729,0.1905870364395559
1261,0.1905870364395559,1.046378345737535,0.3875448277137933,0.585762302312767,0.1982174745989738
1262,0.1982174745989738,1,0.3744136694911249,0.5675441853171534,0.1931305158260286
1263,0.1931305158260286,0.9556772691957369,0.3545193957550711,0.5374759940352092,0.1829565982801381
1264,0.1829565982801381,1,0.3638074340787385,0.5518509911318218,0.1880435570530833
1265,0.1880435570530833,1.046378345737535,0.3847968209070969,0.5830142955060706,0.1982174745989738
1266,0.1982174745989738,1,0.3744136694911249,0.5675441853171534,0.1931305158260286
1267,0.1931305158260286,0.9556772691957369,0.3545193957550711,0.5374759940352092,0.1829565982801381
1268,0.1829565982801381,0.9556772691957369,0.3495218087006274,0.5273914482078202,0.1778696395071928
1269,0.1778696395071928,1,0.3609313111635144,0.5464313888301251,0.1855000776666107
1270,0.1855000776666107,1,0.3664805530231208,0.5545241100762041,0.1880435570530833
1271,0.1880435570530833,1,0.366586473391762,0.557173509831318,0.1905870364395559
1272,0.1905870364395559,1,0.369212681032517,0.5597997174720729,0.1905870364395559
1273,0.1905870364395559,1,0.369212681032517,0.5597997174720729,0.1905870364395559
1274,0.1905870364395559,0.9556772691957369,0.3545747463965902,0.5349878652902557,0.1804131188936655
1275,0.1804131188936655,1.046378345737535,0.3789484470247391,0.5746224422372402,0.1956739952125012
1276,0.1956739952125012,1.046378345737535,0.3904266686606656,0.591187622646112,0.2007609539854464
1277,0.2007609539854464,0.9556772691957369,0.3593148445446596,0.5448149222112703,0.1855000776666107
1278,0.1855000776666107,1.046378345737535,0.3820245463741433,0.5802420209731171,0.1982174745989738
1279,0.1982174745989738,1,0.3744136694911249,0.5675441853171534,0.1931305158260286
1280,0.1931305158260286,0.9556772691957369,0.3545193957550711,0.5374759940352092,0.1829565982801381
1281,0.1829565982801381,1.046378345737535,0.3817709319816335,0.5774449271941346,0.1956739952125012
1282,0.1956739952125012,1,0.3743975363532002,0.5649845727927562,0.1905870364395559
1283,0.1905870364395559,1,0.369212681032517,0.5597997174720729,0.1905870364395559
1284,0.1905870364395559,0.9556772691957369,0.3545747463965902,0.5349878652902557,0.1804131188936655
1285,0.1804131188936655,1,0.3636535287492602,0.5491536064158709,0.1855000776666107
1286,0.1855000776666107,1,0.3664805530231208,0.5545241100762041,0.1880435570530833
1287,0.1880435570530833,1,0.366586473391762,0.557173509831318,0.1905870364395559
1288,0.1905870364395559,1,0.369212681032517,0.5597997174720729,0.1905870364395559
1289,0.1905870364395559,1,0.369212681032517,0.5597997174720729,0.1905870364395559
1290,0.1905870364395559,1,0.369212681032517,0.5597997174720729,0.1905870364395559
1291,0.1905870364395559,1.046378345737535,0.3875448277137933,0.585762302312767,0.1982174745989738
1292,0.1982174745989738,1,0.3744136694911249,0.5675441853171534,0.1931305158260286
1293,0.1931305158260286,1,0.3718162050726434,0.5624032415121993,0.1905870364395559
1294,0.1905870364395559,1,0.369212681032517,0.5597997174720729,0.1905870364395559
1295,0.1905870364395559,1,0.369212681032517,0.5597997174720729,0.1905870364395559
1296,0.1905870364395559,1,0.369212681032517,0.5597997174720729,0.1905870364395559
1297,0.1905870364395559,0.9556772691957369,0.3545747463965902,0.5349878652902557,0.1804131188936655
1298,0.1804131188936655,1,0.3636535287492602,0.5491536064158709,0.1855000776666107
1299,0.1855000776666107,0.9556772691957369,0.3495329683271575,0.5299460872208229,0.1804131188936655
1300,0.1804131188936655,1,0.3636535287492602,0.5491536064158709,0.1855000776666107
1301,0.1855000776666107,1,0.3664805530231208,0.5545241100762041,0.1880435570530833
1302,0.1880435570530833,1,0.366586473391762,0.557173509831318,0.1905870364395559
1303,0.1905870364395559,0.9556772691957369,0.3545747463965902,0.5349878652902557,0.1804131188936655
1304,0.1804131188936655,1,0.3636535287492602,0.5491536064158709,0.1855000776666107
1305,0.1855000776666107,1,0.3664805530231208,0.5545241100762041,0.1880435570530833
1306,0.1880435570530833,1,0.366586473391762,0.557173509831318,0.1905870364395559
1307,0.1905870364395559,1,0.369212681032517,0.5597997174720729,0.1905870364395559
1308,0.1905870364395559,1.046378345737535,0.3875448277137933,0.585762302312767,0.1982174745989738
1309,0.1982174745989738,1,0.3744136694911249,0.5675441853171534,0.1931305158260286
1310,0.1931305158260286,1,0.3718162050726434,0.5624032415121993,0.1905870364395559
1311,0.1905870364395559,1.046378345737535,0.3875448277137933,0.585762302312767,0.1982174745989738
1312,0.1982174745989738,0.9556772691957369,0.3568889995052058,0.5423890771718165,0.1855000776666107
1313,0.1855000776666107,1.046378345737535,0.3820245463741433,0.5802420209731171,0.1982174745989738
1314,0.1982174745989738,1,0.3744136694911249,0.5675441853171534,0.1931305158260286
1315,0.1931305158260286,1,0.3718162050726434,0.5624032415121993,0.1905870364395559
1316,0.1905870364395559,1,0.369212681032517,0.5597997174720729,0.1905870364395559
1317,0.1905870364395559,1,0.369212681032517,0.5597997174720729,0.1905870364395559
1318,0.1905870364395559,1,0.369212681032517,0.5597997174720729,0.1905870364395559
1319,0.1905870364395559,1,0.369212681032517,0.5597997174720729,0.1905870364395559
1320,0.1905870364395559,1,0.369212681032517,0.5597997174720729,0.1905870364395559
1321,0.1905870364395559,1,0.369212681032517,0.5597997174720729,0.1905870364395559
1322,0.1905870364395559,1.046378345737535,0.3875448277137933,0.585762302312767,0.1982174745989738
1323,0.1982174745989738,1,0.3744136694911249,0.5675441853171534,0.1931305158260286
1324,0.1931305158260286,1,0.3718162050726434,0.5624032415121993,0.1905870364395559
1325,0.1905870364395559,1,0.369212681032517,0.5597997174720729,0.1905870364395559
1326,0.1905870364395559,1,0.369212681032517,0.5597997174720729,0.1905870364395559
1327,0.1905870364395559,0.9556772691957369,0.3545747463965902,0.5349878652902557,0.1804131188936655
1328,0.1804131188936655,1,0.3636535287492602,0.5491536064158709,0.1855000776666107
1329,0.1855000776666107,0.9556772691957369,0.3495329683271575,0.5299460872208229,0.1804131188936655
1330,0.1804131188936655,1,0.3636535287492602,0.5491536064158709,0.1855000776666107
1331,0.1855000776666107,1,0.3664805530231208,0.5545241100762041,0.1880435570530833
1332,0.1880435570530833,0.9556772691957369,0.3520649394501326,0.532478058343798,0.1804131188936655
1333,0.1804131188936655,1.046378345737535,0.3789484470247391,0.5746224422372402,0.1956739952125012
1334,0.1956739952125012,1,0.3743975363532002,0.5649845727927562,0.1905870364395559
1335,0.1905870364395559,1,0.369212681032517,0.5597997174720729,0.1905870364395559
1336,0.1905870364395559,1,0.369212681032517,0.5597997174720729,0.1905870364395559
1337,0.1905870364395559,1,0.369212681032517,0.5597997174720729,0.1905870364395559
1338,0.1905870364395559,1,0.369212681032517,0.5597997174720729,0.1905870364395559
1339,0.1905870364395559,1,0.369212681032517,0.5597997174720729,0.1905870364395559
1340,0.1905870364395559,1,0.369212681032517,0.5597997174720729,0.1905870364395559
1341,0.1905870364395559,1,0.369212681032517,0.5597997174720729,0.1905870364395559
1342,0.1905870364395559,1,0.369212681032517,0.5597997174720729,0.1905870364395559
1343,0.1905870364395559,1,0.369212681032517,0.5597997174720729,0.1905870364395559
1344,0.1905870364395559,1,0.369212681032517,0.5597997174720729,0.1905870364395559
1345,0.1905870364395559,1,0.369212681032517,0.5597997174720729,0.1905870364395559
1346,0.1905870364395559,1,0.369212681032517,0.5597997174720729,0.1905870364395559
1347,0.1905870364395559,1,0.369212681032517,0.5597997174720729,0.1905870364395559
1348,0.1905870364395559,0.9556772691957369,0.3545747463965902,0.5349878652902557,0.1804131188936655
1349,0.1804131188936655,1,0.3636535287492602,0.5491536064158709,0.1855000776666107
1350,0.1855000776666107,0.9556772691957369,0.3495329683271575,0.5299460872208229,0.1804131188936655
1351,0.1804131188936655,1,0.3636535287492602,0.5491536064158709,0.1855000776666107
1352,0.1855000776666107,1,0.3664805530231208,0.5545241100762041,0.1880435570530833
1353,0.1880435570530833,1.046378345737535,0.3847968209070969,0.5830142955060706,0.1982174745989738
1354,0.1982174745989738,1,0.3744136694911249,0.5675441853171534,0.1931305158260286
1355,0.1931305158260286,1,0.3718162050726434,0.5624032415121993,0.1905870364395559
1356,0.1905870364395559,1,0.369212681032517,0.5597997174720729,0.1905870364395559
1357,0.1905870364395559,1,0.369212681032517,0.5597997174720729,0.1905870364395559
1358,0.1905870364395559,1,0.369212681032517,0.5597997174720729,0.1905870364395559
1359,0.1905870364395559,1.046378345737535,0.3875448277137933,0.585762302312767,0.1982174745989738
1360,0.1982174745989738,1,0.3744136694911249,0.5675441853171534,0.1931305158260286
1361,0.1931305158260286,1.046378345737535,0.387725619505516,0.5884865734909625,0.2007609539854464
1362,0.2007609539854464,1,0.3769520212105242,0.5700825370365528,0.1931305158260286
1363,0.1931305158260286,0.9556772691957369,0.3545193957550711,0.5374759940352092,0.1829565982801381
1364,0.1829565982801381,1,0.3638074340787385,0.5518509911318218,0.1880435570530833
1365,0.1880435570530833,1,0.366586473391762,0.557173509831318,0.1905870364395559
1366,0.1905870364395559,1,0.369212681032517,0.5597997174720729,0.1905870364395559
1367,0.1905870364395559,1,0.369212681032517,0.5597997174720729,0.1905870364395559
1368,0.1905870364395559,1,0.369212681032517,0.5597997174720729,0.1905870364395559
1369,0.1905870364395559,1,0.369212681032517,0.5597997174720729,0.1905870364395559
1370,0.1905870364395559,1.046378345737535,0.3875448277137933,0.585762302312767,0.1982174745989738
1371,0.1982174745989738,0.9556772691957369,0.3568889995052058,0.5423890771718165,0.1855000776666107
1372,0.1855000776666107,1,0.3664805530231208,0.5545241100762041,0.1880435570530833
1373,0.1880435570530833,0.9556772691957369,0.3520649394501326,0.532478058343798,0.1804131188936655
1374,0.1804131188936655,1,0.3636535287492602,0.5491536064158709,0.1855000776666107
1375,0.1855000776666107,1,0.3664805530231208,0.5545241100762041,0.1880435570530833
1376,0.1880435570530833,1,0.366586473391762,0.557173509831318,0.1905870364395559
1377,0.1905870364395559,1,0.369212681032517,0.5597997174720729,0.1905870364395559
1378,0.1905870364395559,0.9556772691957369,0.3545747463965902,0.5349878652902557,0.1804131188936655
1379,0.1804131188936655,1,0.3636535287492602,0.5491536064158709,0.1855000776666107
1380,0.1855000776666107,1,0.3664805530231208,0.5545241100762041,0.1880435570530833
1381,0.1880435570530833,1,0.366586473391762,0.557173509831318,0.1905870364395559
1382,0.1905870364395559,1,0.369212681032517,0.5597997174720729,0.1905870364395559
1383,0.1905870364395559,1,0.369212681032517,0.5597997174720729,0.1905870364395559
1384,0.1905870364395559,0.9556772691957369,0.3545747463965902,0.5349878652902557,0.1804131188936655
1385,0.1804131188936655,1,0.3636535287492602,0.5491536064158709,0.1855000776666107
1386,0.1855000776666107,1,0.3664805530231208,0.5545241100762041,0.1880435570530833
1387,0.1880435570530833,1,0.366586473391762,0.557173509831318,0.1905870364395559
1388,0.1905870364395559,1,0.369212681032517,0.5597997174720729,0.1905870364395559
1389,0.1905870364395559,0.9556772691957369,0.3545747463965902,0.5349878652902557,0.1804131188936655
1390,0.1804131188936655,0.9556772691957369,0.3469439794413172,0.52481361894851,0.1778696395071928
1391,0.1778696395071928,1,0.3609313111635144,0.5464313888301251,0.1855000776666107
1392,0.1855000776666107,1,0.3664805530231208,0.5545241100762041,0.1880435570530833
1393,0.1880435570530833,1,0.366586473391762,0.557173509831318,0.1905870364395559
1394,0.1905870364395559,1.046378345737535,0.3875448277137933,0.585762302312767,0.1982174745989738
1395,0.1982174745989738,1,0.3744136694911249,0.5675441853171534,0.1931305158260286
1396,0.1931305158260286,0.9556772691957369,0.3545193957550711,0.5374759940352092,0.1829565982801381
1397,0.1829565982801381,1,0.3638074340787385,0.5518509911318218,0.1880435570530833
1398,0.1880435570530833,1.046378345737535,0.3847968209070969,0.5830142955060706,0.1982174745989738
1399,0.1982174745989738,1,0.3744136694911249,0.5675441853171534,0.1931305158260286
1400,0.1931305158260286,1,0.3718162050726434,0.5624032415121993,0.1905870364395559
1401,0.1905870364395559,1,0.369212681032517,0.5597997174720729,0.1905870364395559
1402,0.1905870364395559,1,0.369212681032517,0.5597997174720729,0.1905870364395559
1403,0.1905870364395559,1,0.369212681032517,0.5597997174720729,0.1905870364395559
1404,0.1905870364395559,1,0.369212681032517,0.5597997174720729,0.1905870364395559
1405,0.1905870364395559,1,0.369212681032517,0.5597997174720729,0.1905870364395559
1406,0.1905870364395559,1,0.369212681032517,0.5597997174720729,0.1905870364395559
1407,0.1905870364395559,1,0.369212681032517,0.5597997174720729,0.1905870364395559
1408,0.1905870364395559,1,0.369212681032517,0.5597997174720729,0.1905870364395559
1409,0.1905870364395559,1,0.369212681032517,0.5597997174720729,0.1905870364395559
1410,0.1905870364395559,1,0.369212681032517,0.5597997174720729,0.1905870364395559
1411,0.1905870364395559,1.046378345737535,0.3875448277137933,0.585762302312767,0.1982174745989738
1412,0.1982174745989738,1,0.3744136694911249,0.5675441853171534,0.1931305158260286
1413,0.1931305158260286,1,0.3718162050726434,0.5624032415121993,0.1905870364395559
1414,0.1905870364395559,1,0.369212681032517,0.5597997174720729,0.1905870364395559
1415,0.1905870364395559,1,0.369212681032517,0.5597997174720729,0.1905870364395559
1416,0.1905870364395559,1,0.369212681032517,0.5597997174720729,0.1905870364395559
1417,0.1905870364395559,1,0.369212681032517,0.5597997174720729,0.1905870364395559
1418,0.1905870364395559,1,0.369212681032517,0.5597997174720729,0.1905870364395559
1419,0.1905870364395559,1,0.369212681032517,0.5597997174720729,0.1905870364395559
1420,0.1905870364395559,0.9556772691957369,0.3545747463965902,0.5349878652902557,0.1804131188936655
1421,0.1804131188936655,1,0.3636535287492602,0.5491536064158709,0.1855000776666107
1422,0.1855000776666107,1,0.3664805530231208,0.5545241100762041,0.1880435570530833
1423,0.1880435570530833,1.046378345737535,0.3847968209070969,0.5830142955060706,0.1982174745989738
1424,0.1982174745989738,1,0.3744136694911249,0.5675441853171534,0.1931305158260286
1425,0.1931305158260286,0.9556772691957369,0.3545193957550711,0.5374759940352092,0.1829565982801381
1426,0.1829565982801381,1.046378345737535,0.3817709319816335,0.5774449271941346,0.1956739952125012
1427,0.1956739952125012,1,0.3743975363532002,0.5649845727927562,0.1905870364395559
1428,0.1905870364395559,1,0.369212681032517,0.5597997174720729,0.1905870364395559
1429,0.1905870364395559,1,0.369212681032517,0.5597997174720729,0.1905870364395559
1430,0.1905870364395559,1,0.369212681032517,0.5597997174720729,0.1905870364395559
1431,0.1905870364395559,1,0.369212681032517,0.5597997174720729,0.1905870364395559
1432,0.1905870364395559,1,0.369212681032517,0.5597997174720729,0.1905870364395559
1433,0.1905870364395559,1,0.369212681032517,0.5597997174720729,0.1905870364395559
1434,0.1905870364395559,1,0.369212681032517,0.5597997174720729,0.1905870364395559
1435,0.1905870364395559,1,0.369212681032517,0.5597997174720729,0.1905870364395559
1436,0.1905870364395559,0.9556772691957369,0.3545747463965902,0.5349878652902557,0.1804131188936655
1437,0.1804131188936655,1,0.3636535287492602,0.5491536064158709,0.1855000776666107
1438,0.1855000776666107,1,0.3664805530231208,0.5545241100762041,0.1880435570530833
1439,0.1880435570530833,1.046378345737535,0.3847968209070969,0.5830142955060706,0.1982174745989738
1440,0.1982174745989738,0.9556772691957369,0.3568889995052058,0.5423890771718165,0.1855000776666107
1441,0.1855000776666107,1,0.3664805530231208,0.5545241100762041,0.1880435570530833
1442,0.1880435570530833,0.9556772691957369,0.3520649394501326,0.532478058343798,0.1804131188936655
1443,0.1804131188936655,1,0.3636535287492602,0.5491536064158709,0.1855000776666107
1444,0.1855000776666107,1,0.3664805530231208,0.5545241100762041,0.1880435570530833
1445,0.1880435570530833,1,0.366586473391762,0.557173509831318,0.1905870364395559
1446,0.1905870364395559,1.046378345737535,0.3875448277137933,0.585762302312767,0.1982174745989738
1447,0.1982174745989738,0.9556772691957369,0.3568889995052058,0.5423890771718165,0.1855000776666107
1448,0.1855000776666107,1,0.3664805530231208,0.5545241100762041,0.1880435570530833
1449,0.1880435570530833,1,0.366586473391762,0.557173509831318,0.1905870364395559
1450,0.1905870364395559,1.046378345737535,0.3875448277137933,0.585762302312767,0.1982174745989738
1451,0.1982174745989738,1,0.3744136694911249,0.5675441853171534,0.1931305158260286
1452,0.1931305158260286,1,0.3718162050726434,0.5624032415121993,0.1905870364395559
1453,0.1905870364395559,1,0.369212681032517,0.5597997174720729,0.1905870364395559
1454,0.1905870364395559,1.046378345737535,0.3875448277137933,0.585762302312767,0.1982174745989738
1455,0.1982174745989738,0.9556772691957369,0.3568889995052058,0.5423890771718165,0.1855000776666107
1456,0.1855000776666107,1,0.3664805530231208,0.5545241100762041,0.1880435570530833
1457,0.1880435570530833,1,0.366586473391762,0.557173509831318,0.1905870364395559
1458,0.1905870364395559,1,0.369212681032517,0.5597997174720729,0.1905870364395559
1459,0.1905870364395559,1,0.369212681032517,0.5597997174720729,0.1905870364395559
1460,0.1905870364395559,1,0.369212681032517,0.5597997174720729,0.1905870364395559
1461,0.1905870364395559,1.046378345737535,0.3875448277137933,0.585762302312767,0.1982174745989738
1462,0.1982174745989738,1,0.3744136694911249,0.5675441853171534,0.1931305158260286
1463,0.1931305158260286,1,0.3718162050726434,0.5624032415121993,0.1905870364395559
1464,0.1905870364395559,1,0.369212681032517,0.5597997174720729,0.1905870364395559
1465,0.1905870364395559,1,0.369212681032517,0.5597997174720729,0.1905870364395559
1466,0.1905870364395559,1,0.369212681032517,0.5597997174720729,0.1905870364395559
1467,0.1905870364395559,1.046378345737535,0.3875448277137933,0.585762302312767,0.1982174745989738
1468,0.1982174745989738,1,0.3744136694911249,0.5675441853171534,0.1931305158260286
1469,0.1931305158260286,1,0.3718162050726434,0.5624032415121993,0.1905870364395559
1470,0.1905870364395559,1,0.369212681032517,0.5597997174720729,0.1905870364395559
1471,0.1905870364395559,1,0.369212681032517,0.5597997174720729,0.1905870364395559
1472,0.1905870364395559,0.9556772691957369,0.3545747463965902,0.5349878652902557,0.1804131188936655
1473,0.1804131188936655,1,0.3636535287492602,0.5491536064158709,0.1855000776666107
1474,0.1855000776666107,0.9556772691957369,0.3495329683271575,0.5299460872208229,0.1804131188936655
1475,0.1804131188936655,1,0.3636535287492602,0.5491536064158709,0.1855000776666107
1476,0.1855000776666107,1,0.3664805530231208,0.5545241100762041,0.1880435570530833
1477,0.1880435570530833,1,0.366586473391762,0.557173509831318,0.1905870364395559
1478,0.1905870364395559,1,0.369212681032517,0.5597997174720729,0.1905870364395559
1479,0.1905870364395559,1,0.369212681032517,0.5597997174720729,0.1905870364395559
1480,0.1905870364395559,1.046378345737535,0.3875448277137933,0.585762302312767,0.1982174745989738
1481,0.1982174745989738,1,0.3744136694911249,0.5675441853171534,0.1931305158260286
1482,0.1931305158260286,1,0.3718162050726434,0.5624032415121993,0.1905870364395559
1483,0.1905870364395559,1,0.369212681032517,0.5597997174720729,0.1905870364395559
1484,0.1905870364395559,1,0.369212681032517,0.5597997174720729,0.1905870364395559
1485,0.1905870364395559,1,0.369212681032517,0.5597997174720729,0.1905870364395559
1486,0.1905870364395559,0.9556772691957369,0.3545747463965902,0.5349878652902557,0.1804131188936655
1487,0.1804131188936655,1,0.3636535287492602,0.5491536064158709,0.1855000776666107
1488,0.1855000776666107,1,0.3664805530231208,0.5545241100762041,0.1880435570530833
1489,0.1880435570530833,1,0.366586473391762,0.557173509831318,0.1905870364395559
1490,0.1905870364395559,0.9556772691957369,0.3545747463965902,0.5349878652902557,0.1804131188936655
1491,0.1804131188936655,1,0.3636535287492602,0.5491536064158709,0.1855000776666107
1492,0.1855000776666107,1,0.3664805530231208,0.5545241100762041,0.1880435570530833
1493,0.1880435570530833,1,0.366586473391762,0.557173509831318,0.1905870364395559
1494,0.1905870364395559,1,0.369212681032517,0.5597997174720729,0.1905870364395559
1495,0.1905870364395559,0.9556772691957369,0.3545747463965902,0.5349878652902557,0.1804131188936655
1496,0.1804131188936655,1,0.3636535287492602,0.5491536064158709,0.1855000776666107
1497,0.1855000776666107,1,0.3664805530231208,0.5545241100762041,0.1880435570530833
1498,0.1880435570530833,1,0.366586473391762,0.557173509831318,0.1905870364395559
1499,0.1905870364395559,1,0.369212681032517,0.5597997174720729,0.1905870364395559
1500,0.1905870364395559,1,0.369212681032517,0.5597997174720729,0.1905870364395559
1501,0.1905870364395559,0.9556772691957369,0.3545747463965902,0.5349878652902557,0.1804131188936655
1502,0.1804131188936655,1,0.3636535287492602,0.5491536064158709,0.1855000776666107
1503,0.1855000776666107,1,0.3664805530231208,0.5545241100762041,0.1880435570530833
1504,0.1880435570530833,1,0.366586473391762,0.557173509831318,0.1905870364395559
1505,0.1905870364395559,1,0.369212681032517,0.5597997174720729,0.1905870364395559
1506,0.1905870364395559,1,0.369212681032517,0.5597997174720729,0.1905870364395559
1507,0.1905870364395559,1,0.369212681032517,0.5597997174720729,0.1905870364395559
1508,0.1905870364395559,1.046378345737535,0.3875448277137933,0.585762302312767,0.1982174745989738
1509,0.1982174745989738,1,0.3744136694911249,0.5675441853171534,0.1931305158260286
1510,0.1931305158260286,1,0.3718162050726434,0.5624032415121993,0.1905870364395559
1511,0.1905870364395559,0.9556772691957369,0.3545747463965902,0.5349878652902557,0.1804131188936655
1512,0.1804131188936655,1,0.3636535287492602,0.5491536064158709,0.1855000776666107
1513,0.1855000776666107,1,0.3664805530231208,0.5545241100762041,0.1880435570530833
1514,0.1880435570530833,1,0.366586473391762,0.557173509831318,0.1905870364395559
1515,0.1905870364395559,1,0.369212681032517,0.5597997174720729,0.1905870364395559
1516,0.1905870364395559,0.9556772691957369,0.3545747463965902,0.5349878652902557,0.1804131188936655
1517,0.1804131188936655,1,0.3636535287492602,0.5491536064158709,0.1855000776666107
1518,0.1855000776666107,1,0.3664805530231208,0.5545241100762041,0.1880435570530833
1519,0.1880435570530833,1,0.366586473391762,0.557173509831318,0.1905870364395559
1520,0.1905870364395559,1,0.369212681032517,0.5597997174720729,0.1905870364395559
1521,0.1905870364395559,1,0.369212681032517,0.5597997174720729,0.1905870364395559
1522,0.1905870364395559,1,0.369212681032517,0.5597997174720729,0.1905870364395559
1523,0.1905870364395559,1,0.369212681032517,0.5597997174720729,0.1905870364395559
1524,0.1905870364395559,0.9556772691957369,0.3545747463965902,0.5349878652902557,0.1804131188936655
1525,0.1804131188936655,0.9556772691957369,0.3469439794413172,0.52481361894851,0.1778696395071928
1526,0.1778696395071928,1,0.3609313111635144,0.5464313888301251,0.1855000776666107
1527,0.1855000776666107,0.9556772691957369,0.3495329683271575,0.5299460872208229,0.1804131188936655
1528,0.1804131188936655,1,0.3636535287492602,0.5491536064158709,0.1855000776666107
1529,0.1855000776666107,1,0.3664805530231208,0.5545241100762041,0.1880435570530833
1530,0.1880435570530833,1,0.366586473391762,0.557173509831318,0.1905870364395559
1531,0.1905870364395559,1,0.369212681032517,0.5597997174720729,0.1905870364395559
1532,0.1905870364395559,0.9556772691957369,0.3545747463965902,0.5349878652902557,0.1804131188936655
1533,0.1804131188936655,1,0.3636535287492602,0.5491536064158709,0.1855000776666107
1534,0.1855000776666107,1,0.3664805530231208,0.5545241100762041,0.1880435570530833
1535,0.1880435570530833,1,0.366586473391762,0.557173509831318,0.1905870364395559
1536,0.1905870364395559,1,0.369212681032517,0.5597997174720729,0.1905870364395559
1537,0.1905870364395559,1,0.369212681032517,0.5597997174720729,0.1905870364395559
1538,0.1905870364395559,1,0.369212681032517,0.5597997174720729,0.1905870364395559
1539,0.1905870364395559,1.046378345737535,0.3875448277137933,0.585762302312767,0.1982174745989738
1540,0.1982174745989738,1,0.3744136694911249,0.5675441853171534,0.1931305158260286
1541,0.1931305158260286,1,0.3718162050726434,0.5624032415121993,0.1905870364395559
1542,0.1905870364395559,1,0.369212681032517,0.5597997174720729,0.1905870364395559
1543,0.1905870364395559,1,0.369212681032517,0.5597997174720729,0.1905870364395559
1544,0.1905870364395559,1,0.369212681032517,0.5597997174720729,0.1905870364395559
1545,0.1905870364395559,1,0.369212681032517,0.5597997174720729,0.1905870364395559
1546,0.1905870364395559,1,0.369212681032517,0.5597997174720729,0.1905870364395559
1547,0.1905870364395559,0.9556772691957369,0.3545747463965902,0.5349878652902557,0.1804131188936655
1548,0.1804131188936655,1,0.3636535287492602,0.5491536064158709,0.1855000776666107
1549,0.1855000776666107,1,0.3664805530231208,0.5545241100762041,0.1880435570530833
1550,0.1880435570530833,1.046378345737535,0.3847968209070969,0.5830142955060706,0.1982174745989738
1551,0.1982174745989738,1,0.3744136694911249,0.5675441853171534,0.1931305158260286
1552,0.1931305158260286,1,0.3718162050726434,0.5624032415121993,0.1905870364395559
1553,0.1905870364395559,1.046378345737535,0.3875448277137933,0.585762302312767,0.1982174745989738
1554,0.1982174745989738,1,0.3744136694911249,0.5675441853171534,0.1931305158260286
1555,0.1931305158260286,1,0.3718162050726434,0.5624032415121993,0.1905870364395559
1556,0.1905870364395559,1,0.369212681032517,0.5597997174720729,0.1905870364395559
1557,0.1905870364395559,1.046378345737535,0.3875448277137933,0.585762302312767,0.1982174745989738
1558,0.1982174745989738,1,0.3744136694911249,0.5675441853171534,0.1931305158260286
1559,0.1931305158260286,1,0.3718162050726434,0.5624032415121993,0.1905870364395559
1560,0.1905870364395559,1,0.369212681032517,0.5597997174720729,0.1905870364395559
1561,0.1905870364395559,1,0.369212681032517,0.5597997174720729,0.1905870364395559
1562,0.1905870364395559,1,0.369212681032517,0.5597997174720729,0.1905870364395559
1563,0.1905870364395559,1,0.369212681032517,0.5597997174720729,0.1905870364395559
1564,0.1905870364395559,1,0.369212681032517,0.5597997174720729,0.1905870364395559
1565,0.1905870364395559,0.9556772691957369,0.3545747463965902,0.5349878652902557,0.1804131188936655
1566,0.1804131188936655,1.046378345737535,0.3789484470247391,0.5746224422372402,0.1956739952125012
1567,0.1956739952125012,1,0.3743975363532002,0.5649845727927562,0.1905870364395559
1568,0.1905870364395559,1,0.369212681032517,0.5597997174720729,0.1905870364395559
1569,0.1905870364395559,0.9556772691957369,0.3545747463965902,0.5349878652902557,0.1804131188936655
1570,0.1804131188936655,1,0.3636535287492602,0.5491536064158709,0.1855000776666107
1571,0.1855000776666107,1,0.3664805530231208,0.5545241100762041,0.1880435570530833
1572,0.1880435570530833,0.9556772691957369,0.3520649394501326,0.532478058343798,0.1804131188936655
1573,0.1804131188936655,1,0.3636535287492602,0.5491536064158709,0.1855000776666107
1574,0.1855000776666107,1,0.3664805530231208,0.5545241100762041,0.1880435570530833
1575,0.1880435570530833,1,0.366586473391762,0.557173509831318,0.1905870364395559
1576,0.1905870364395559,0.9556772691957369,0.3545747463965902,0.5349878652902557,0.1804131188936655
1577,0.1804131188936655,1,0.3636535287492602,0.5491536064158709,0.1855000776666107
1578,0.1855000776666107,1,0.3664805530231208,0.5545241100762041,0.1880435570530833
1579,0.1880435570530833,1,0.366586473391762,0.557173509831318,0.1905870364395559
1580,0.1905870364395559,1,0.369212681032517,0.5597997174720729,0.1905870364395559
1581,0.1905870364395559,1,0.369212681032517,0.5597997174720729,0.1905870364395559
1582,0.1905870364395559,1,0.369212681032517,0.5597997174720729,0.1905870364395559
1583,0.1905870364395559,1,0.369212681032517,0.5597997174720729,0.1905870364395559
1584,0.1905870364395559,1,0.369212681032517,0.5597997174720729,0.1905870364395559
1585,0.1905870364395559,1,0.369212681032517,0.5597997174720729,0.1905870364395559
1586,0.1905870364395559,1,0.369212681032517,0.5597997174720729,0.1905870364395559
1587,0.1905870364395559,1,0.369212681032517,0.5597997174720729,0.1905870364395559
1588,0.1905870364395559,1,0.369212681032517,0.5597997174720729,0.1905870364395559
1589,0.1905870364395559,1,0.369212681032517,0.5597997174720729,0.1905870364395559
1590,0.1905870364395559,1,0.369212681032517,0.5597997174720729,0.1905870364395559
1591,0.1905870364395559,1,0.369212681032517,0.5597997174720729,0.1905870364395559
1592,0.1905870364395559,1,0.369212681032517,0.5597997174720729,0.1905870364395559
1593,0.1905870364395559,1,0.369212681032517,0.5597997174720729,0.1905870364395559
1594,0.1905870364395559,1,0.369212681032517,0.5597997174720729,0.1905870364395559
1595,0.1905870364395559,1,0.369212681032517,0.5597997174720729,0.1905870364395559
1596,0.1905870364395559,1,0.369212681032517,0.5597997174720729,0.1905870364395559
1597,0.1905870364395559,1,0.369212681032517,0.5597997174720729,0.1905870364395559
1598,0.1905870364395559,1.046378345737535,0.3875448277137933,0.585762302312767,0.1982174745989738
1599,0.1982174745989738,1,0.3744136694911249,0.5675441853171534,0.1931305158260286
1600,0.1931305158260286,1,0.3718162050726434,0.5624032415121993,0.1905870364395559
1601,0.1905870364395559,1,0.369212681032517,0.5597997174720729,0.1905870364395559
1602,0.1905870364395559,1,0.369212681032517,0.5597997174720729,0.1905870364395559
1603,0.1905870364395559,1,0.369212681032517,0.5597997174720729,0.1905870364395559
1604,0.1905870364395559,1,0.369212681032517,0.5597997174720729,0.1905870364395559
1605,0.1905870364395559,0.9556772691957369,0.3545747463965902,0.5349878652902557,0.1804131188936655
1606,0.1804131188936655,1,0.3636535287492602,0.5491536064158709,0.1855000776666107
1607,0.1855000776666107,1,0.3664805530231208,0.5545241100762041,0.1880435570530833
1608,0.1880435570530833,1.046378345737535,0.3847968209070969,0.5830142955060706,0.1982174745989738
1609,0.1982174745989738,1,0.3744136694911249,0.5675441853171534,0.1931305158260286
1610,0.1931305158260286,0.9556772691957369,0.3545193957550711,0.5374759940352092,0.1829565982801381
1611,0.1829565982801381,1,0.3638074340787385,0.5518509911318218,0.1880435570530833
1612,0.1880435570530833,1,0.366586473391762,0.557173509831318,0.1905870364395559
1613,0.1905870364395559,0.9556772691957369,0.3545747463965902,0.5349878652902557,0.1804131188936655
1614,0.1804131188936655,0.9556772691957369,0.3469439794413172,0.52481361894851,0.1778696395071928
1615,0.1778696395071928,1.046378345737535,0.3786434568771014,0.57177397270313,0.1931305158260286
1616,0.1931305158260286,0.9556772691957369,0.3545193957550711,0.5374759940352092,0.1829565982801381
1617,0.1829565982801381,0.9556772691957369,0.3495218087006274,0.5273914482078202,0.1778696395071928
1618,0.1778696395071928,1,0.3609313111635144,0.5464313888301251,0.1855000776666107
1619,0.1855000776666107,1.046378345737535,0.3820245463741433,0.5802420209731171,0.1982174745989738
1620,0.1982174745989738,1,0.3744136694911249,0.5675441853171534,0.1931305158260286
1621,0.1931305158260286,1,0.3718162050726434,0.5624032415121993,0.1905870364395559
1622,0.1905870364395559,0.9556772691957369,0.3545747463965902,0.5349878652902557,0.1804131188936655
1623,0.1804131188936655,1.046378345737535,0.3789484470247391,0.5746224422372402,0.1956739952125012
1624,0.1956739952125012,1,0.3743975363532002,0.5649845727927562,0.1905870364395559
1625,0.1905870364395559,1,0.369212681032517,0.5597997174720729,0.1905870364395559
1626,0.1905870364395559,1,0.369212681032517,0.5597997174720729,0.1905870364395559
1627,0.1905870364395559,1,0.369212681032517,0.5597997174720729,0.1905870364395559
1628,0.1905870364395559,1,0.369212681032517,0.5597997174720729,0.1905870364395559
1629,0.1905870364395559,1.046378345737535,0.3875448277137933,0.585762302312767,0.1982174745989738
1630,0.1982174745989738,1,0.3744136694911249,0.5675441853171534,0.1931305158260286
1631,0.1931305158260286,1,0.3718162050726434,0.5624032415121993,0.1905870364395559
1632,0.1905870364395559,1,0.369212681032517,0.5597997174720729,0.1905870364395559
1633,0.1905870364395559,1,0.369212681032517,0.5597997174720729,0.1905870364395559
1634,0.1905870364395559,1,0.369212681032517,0.5597997174720729,0.1905870364395559
1635,0.1905870364395559,0.9556772691957369,0.3545747463965902,0.5349878652902557,0.1804131188936655
1636,0.1804131188936655,1,0.3636535287492602,0.5491536064158709,0.1855000776666107
1637,0.1855000776666107,1.046378345737535,0.3820245463741433,0.5802420209731171,0.1982174745989738
1638,0.1982174745989738,1,0.3744136694911249,0.5675441853171534,0.1931305158260286
1639,0.1931305158260286,1,0.3718162050726434,0.5624032415121993,0.1905870364395559
1640,0.1905870364395559,1,0.369212681032517,0.5597997174720729,0.1905870364395559
1641,0.1905870364395559,0.9556772691957369,0.3545747463965902,0.5349878652902557,0.1804131188936655
1642,0.1804131188936655,1,0.3636535287492602,0.5491536064158709,0.1855000776666107
1643,0.1855000776666107,1,0.3664805530231208,0.5545241100762041,0.1880435570530833
1644,0.1880435570530833,1.046378345737535,0.3847968209070969,0.5830142955060706,0.1982174745989738
1645,0.1982174745989738,1,0.3744136694911249,0.5675441853171534,0.1931305158260286
1646,0.1931305158260286,1,0.3718162050726434,0.5624032415121993,0.1905870364395559
1647,0.1905870364395559,0.9556772691957369,0.3545747463965902,0.5349878652902557,0.1804131188936655
1648,0.1804131188936655,1,0.3636535287492602,0.5491536064158709,0.1855000776666107
1649,0.1855000776666107,1,0.3664805530231208,0.5545241100762041,0.1880435570530833
1650,0.1880435570530833,1,0.366586473391762,0.557173509831318,0.1905870364395559
1651,0.1905870364395559,1,0.369212681032517,0.5597997174720729,0.1905870364395559
1652,0.1905870364395559,1,0.369212681032517,0.5597997174720729,0.1905870364395559
1653,0.1905870364395559,1,0.369212681032517,0.5597997174720729,0.1905870364395559
1654,0.1905870364395559,1,0.369212681032517,0.5597997174720729,0.1905870364395559
1655,0.1905870364395559,1,0.369212681032517,0.5597997174720729,0.1905870364395559
1656,0.1905870364395559,1,0.369212681032517,0.5597997174720729,0.1905870364395559
1657,0.1905870364395559,0.9556772691957369,0.3545747463965902,0.5349878652902557,0.1804131188936655
1658,0.1804131188936655,0.9556772691957369,0.3469439794413172,0.52481361894851,0.1778696395071928
1659,0.1778696395071928,1,0.3609313111635144,0.5464313888301251,0.1855000776666107
1660,0.1855000776666107,1,0.3664805530231208,0.5545241100762041,0.1880435570530833
1661,0.1880435570530833,1,0.366586473391762,0.557173509831318,0.1905870364395559
1662,0.1905870364395559,1,0.369212681032517,0.5597997174720729,0.1905870364395559
1663,0.1905870364395559,1,0.369212681032517,0.5597997174720729,0.1905870364395559
1664,0.1905870364395559,1.046378345737535,0.3875448277137933,0.585762302312767,0.1982174745989738
1665,0.1982174745989738,1,0.3744136694911249,0.5675441853171534,0.1931305158260286
1666,0.1931305158260286,1,0.3718162050726434,0.5624032415121993,0.1905870364395559
1667,0.1905870364395559,1,0.369212681032517,0.5597997174720729,0.1905870364395559
1668,0.1905870364395559,0.9556772691957369,0.3545747463965902,0.5349878652902557,0.1804131188936655
1669,0.1804131188936655,1,0.3636535287492602,0.5491536064158709,0.1855000776666107
1670,0.1855000776666107,0.9556772691957369,0.3495329683271575,0.5299460872208229,0.1804131188936655
1671,0.1804131188936655,1,0.3636535287492602,0.5491536064158709,0.1855000776666107
1672,0.1855000776666107,1,0.3664805530231208,0.5545241100762041,0.1880435570530833
1673,0.1880435570530833,1,0.366586473391762,0.557173509831318,0.1905870364395559
1674,0.1905870364395559,1,0.369212681032517,0.5597997174720729,0.1905870364395559
1675,0.1905870364395559,1,0.369212681032517,0.5597997174720729,0.1905870364395559
1676,0.1905870364395559,1,0.369212681032517,0.5597997174720729,0.1905870364395559
1677,0.1905870364395559,1.046378345737535,0.3875448277137933,0.585762302312767,0.1982174745989738
1678,0.1982174745989738,1,0.3744136694911249,0.5675441853171534,0.1931305158260286
1679,0.1931305158260286,1,0.3718162050726434,0.5624032415121993,0.1905870364395559
1680,0.1905870364395559,1.046378345737535,0.3875448277137933,0.585762302312767,0.1982174745989738
1681,0.1982174745989738,1,0.3744136694911249,0.5675441853171534,0.1931305158260286
1682,0.1931305158260286,1,0.3718162050726434,0.5624032415121993,0.1905870364395559
1683,0.1905870364395559,1,0.369212681032517,0.5597997174720729,0.1905870364395559
1684,0.1905870364395559,1,0.369212681032517,0.5597997174720729,0.1905870364395559
1685,0.1905870364395559,1,0.369212681032517,0.5597997174720729,0.1905870364395559
1686,0.1905870364395559,1,0.369212681032517,0.5597997174720729,0.1905870364395559
1687,0.1905870364395559,1.046378345737535,0.3875448277137933,0.585762302312767,0.1982174745989738
1688,0.1982174745989738,1,0.3744136694911249,0.5675441853171534,0.1931305158260286
1689,0.1931305158260286,1,0.3718162050726434,0.5624032415121993,0.1905870364395559
1690,0.1905870364395559,1,0.369212681032517,0.5597997174720729,0.1905870364395559
1691,0.1905870364395559,1,0.369212681032517,0.5597997174720729,0.1905870364395559
1692,0.1905870364395559,1,0.369212681032517,0.5597997174720729,0.1905870364395559
1693,0.1905870364395559,1,0.369212681032517,0.5597997174720729,0.1905870364395559
1694,0.1905870364395559,1,0.369212681032517,0.5597997174720729,0.1905870364395559
1695,0.1905870364395559,0.9556772691957369,0.3545747463965902,0.5349878652902557,0.1804131188936655
1696,0.1804131188936655,1,0.3636535287492602,0.5491536064158709,0.1855000776666107
1697,0.1855000776666107,1,0.3664805530231208,0.5545241100762041,0.1880435570530833
1698,0.1880435570530833,1,0.366586473391762,0.557173509831318,0.1905870364395559
1699,0.1905870364395559,1,0.369212681032517,0.5597997174720729,0.1905870364395559
1700,0.1905870364395559,1,0.369212681032517,0.5597997174720729,0.1905870364395559
1701,0.1905870364395559,0.9556772691957369,0.3545747463965902,0.5349878652902557,0.1804131188936655
1702,0.1804131188936655,1.046378345737535,0.3789484470247391,0.5746224422372402,0.1956739952125012
1703,0.1956739952125012,1,0.3743975363532002,0.5649845727927562,0.1905870364395559
1704,0.1905870364395559,1,0.369212681032517,0.5597997174720729,0.1905870364395559
1705,0.1905870364395559,0.9556772691957369,0.3545747463965902,0.5349878652902557,0.1804131188936655
1706,0.1804131188936655,0.9556772691957369,0.3469439794413172,0.52481361894851,0.1778696395071928
1707,0.1778696395071928,1,0.3609313111635144,0.5464313888301251,0.1855000776666107
1708,0.1855000776666107,1,0.3664805530231208,0.5545241100762041,0.1880435570530833
1709,0.1880435570530833,1,0.366586473391762,0.557173509831318,0.1905870364395559
1710,0.1905870364395559,1.046378345737535,0.3875448277137933,0.585762302312767,0.1982174745989738
1711,0.1982174745989738,1,0.3744136694911249,0.5675441853171534,0.1931305158260286
1712,0.1931305158260286,1,0.3718162050726434,0.5624032415121993,0.1905870364395559
1713,0.1905870364395559,1,0.369212681032517,0.5597997174720729,0.1905870364395559
1714,0.1905870364395559,0.9556772691957369,0.3545747463965902,0.5349878652902557,0.1804131188936655
1715,0.1804131188936655,1,0.3636535287492602,0.5491536064158709,0.1855000776666107
1716,0.1855000776666107,1,0.3664805530231208,0.5545241100762041,0.1880435570530833
1717,0.1880435570530833,1,0.366586473391762,0.557173509831318,0.1905870364395559
1718,0.1905870364395559,1,0.369212681032517,0.5597997174720729,0.1905870364395559
1719,0.1905870364395559,1,0.369212681032517,0.5597997174720729,0.1905870364395559
1720,0.1905870364395559,1,0.369212681032517,0.5597997174720729,0.1905870364395559
1721,0.1905870364395559,1,0.369212681032517,0.5597997174720729,0.1905870364395559
1722,0.1905870364395559,1,0.369212681032517,0.5597997174720729,0.1905870364395559
1723,0.1905870364395559,1.046378345737535,0.3875448277137933,0.585762302312767,0.1982174745989738
1724,0.1982174745989738,0.9556772691957369,0.3568889995052058,0.5423890771718165,0.1855000776666107
1725,0.1855000776666107,1,0.3664805530231208,0.5545241100762041,0.1880435570530833
1726,0.1880435570530833,1,0.366586473391762,0.557173509831318,0.1905870364395559
1727,0.1905870364395559,1,0.369212681032517,0.5597997174720729,0.1905870364395559
1728,0.1905870364395559,1.046378345737535,0.3875448277137933,0.585762302312767,0.1982174745989738
1729,0.1982174745989738,1,0.3744136694911249,0.5675441853171534,0.1931305158260286
1730,0.1931305158260286,1.046378345737535,0.387725619505516,0.5884865734909625,0.2007609539854464
1731,0.2007609539854464,1,0.3769520212105242,0.5700825370365528,0.1931305158260286
1732,0.1931305158260286,1,0.3718162050726434,0.5624032415121993,0.1905870364395559
1733,0.1905870364395559,1.046378345737535,0.3875448277137933,0.585762302312767,0.1982174745989738
1734,0.1982174745989738,1,0.3744136694911249,0.5675441853171534,0.1931305158260286
1735,0.1931305158260286,0.9556772691957369,0.3545193957550711,0.5374759940352092,0.1829565982801381
1736,0.1829565982801381,1,0.3638074340787385,0.5518509911318218,0.1880435570530833
1737,0.1880435570530833,1,0.366586473391762,0.557173509831318,0.1905870364395559
1738,0.1905870364395559,1,0.369212681032517,0.5597997174720729,0.1905870364395559
1739,0.1905870364395559,1.046378345737535,0.3875448277137933,0.585762302312767,0.1982174745989738
1740,0.1982174745989738,1.046378345737535,0.3931049917796736,0.59386594576512,0.2007609539854464
1741,0.2007609539854464,1,0.3769520212105242,0.5700825370365528,0.1931305158260286
1742,0.1931305158260286,0.9556772691957369,0.3545193957550711,0.5374759940352092,0.1829565982801381
1743,0.1829565982801381,1.046378345737535,0.3817709319816335,0.5774449271941346,0.1956739952125012
1744,0.1956739952125012,1,0.3743975363532002,0.5649845727927562,0.1905870364395559
1745,0.1905870364395559,1,0.369212681032517,0.5597997174720729,0.1905870364395559
1746,0.1905870364395559,1,0.369212681032517,0.5597997174720729,0.1905870364395559
1747,0.1905870364395559,0.9556772691957369,0.3545747463965902,0.5349878652902557,0.1804131188936655
1748,0.1804131188936655,1,0.3636535287492602,0.5491536064158709,0.1855000776666107
1749,0.1855000776666107,1.046378345737535,0.3820245463741433,0.5802420209731171,0.1982174745989738
1750,0.1982174745989738,1,0.3744136694911249,0.5675441853171534,0.1931305158260286
1751,0.1931305158260286,1,0.3718162050726434,0.5624032415121993,0.1905870364395559
1752,0.1905870364395559,1,0.369212681032517,0.5597997174720729,0.1905870364395559
1753,0.1905870364395559,0.9556772691957369,0.3545747463965902,0.5349878652902557,0.1804131188936655
1754,0.1804131188936655,1,0.3636535287492602,0.5491536064158709,0.1855000776666107
1755,0.1855000776666107,1,0.3664805530231208,0.5545241100762041,0.1880435570530833
1756,0.1880435570530833,1,0.366586473391762,0.557173509831318,0.1905870364395559
1757,0.1905870364395559,1,0.369212681032517,0.5597997174720729,0.1905870364395559
1758,0.1905870364395559,1,0.369212681032517,0.5597997174720729,0.1905870364395559
1759,0.1905870364395559,1.046378345737535,0.3875448277137933,0.585762302312767,0.1982174745989738
1760,0.1982174745989738,1,0.3744136694911249,0.5675441853171534,0.1931305158260286
1761,0.1931305158260286,1,0.3718162050726434,0.5624032415121993,0.1905870364395559
1762,0.1905870364395559,1,0.369212681032517,0.5597997174720729,0.1905870364395559
1763,0.1905870364395559,0.9556772691957369,0.3545747463965902,0.5349878652902557,0.1804131188936655
1764,0.1804131188936655,1.046378345737535,0.3789484470247391,0.5746224422372402,0.1956739952125012
1765,0.1956739952125012,1,0.3743975363532002,0.5649845727927562,0.1905870364395559
1766,0.1905870364395559,1.046378345737535,0.3875448277137933,0.585762302312767,0.1982174745989738
1767,0.1982174745989738,1,0.3744136694911249,0.5675441853171534,0.1931305158260286
1768,0.1931305158260286,0.9556772691957369,0.3545193957550711,0.5374759940352092,0.1829565982801381
1769,0.1829565982801381,1,0.3638074340787385,0.5518509911318218,0.1880435570530833
1770,0.1880435570530833,1,0.366586473391762,0.557173509831318,0.1905870364395559
1771,0.1905870364395559,1,0.369212681032517,0.5597997174720729,0.1905870364395559
1772,0.1905870364395559,1,0.369212681032517,0.5597997174720729,0.1905870364395559
1773,0.1905870364395559,1,0.369212681032517,0.5597997174720729,0.1905870364395559
1774,0.1905870364395559,0.9556772691957369,0.3545747463965902,0.5349878652902557,0.1804131188936655
1775,0.1804131188936655,1,0.3636535287492602,0.5491536064158709,0.1855000776666107
1776,0.1855000776666107,0.9556772691957369,0.3495329683271575,0.5299460872208229,0.1804131188936655
1777,0.1804131188936655,1,0.3636535287492602,0.5491536064158709,0.1855000776666107
1778,0.1855000776666107,1,0.3664805530231208,0.5545241100762041,0.1880435570530833
1779,0.1880435570530833,1,0.366586473391762,0.557173509831318,0.1905870364395559
1780,0.1905870364395559,1,0.369212681032517,0.5597997174720729,0.1905870364395559
1781,0.1905870364395559,0.9556772691957369,0.3545747463965902,0.5349878652902557,0.1804131188936655
1782,0.1804131188936655,1,0.3636535287492602,0.5491536064158709,0.1855000776666107
1783,0.1855000776666107,1,0.3664805530231208,0.5545241100762041,0.1880435570530833
1784,0.1880435570530833,0.9556772691957369,0.3520649394501326,0.532478058343798,0.1804131188936655
1785,0.1804131188936655,0.9556772691957369,0.3469439794413172,0.52481361894851,0.1778696395071928
1786,0.1778696395071928,1,0.3609313111635144,0.5464313888301251,0.1855000776666107
1787,0.1855000776666107,0.9556772691957369,0.3495329683271575,0.5299460872208229,0.1804131188936655
1788,0.1804131188936655,1.046378345737535,0.3789484470247391,0.5746224422372402,0.1956739952125012
1789,0.1956739952125012,1,0.3743975363532002,0.5649845727927562,0.1905870364395559
1790,0.1905870364395559,1,0.369212681032517,0.5597997174720729,0.1905870364395559
1791,0.1905870364395559,1,0.369212681032517,0.5597997174720729,0.1905870364395559
1792,0.1905870364395559,1,0.369212681032517,0.5597997174720729,0.1905870364395559
1793,0.1905870364395559,1,0.369212681032517,0.5597997174720729,0.1905870364395559
1794,0.1905870364395559,1,0.369212681032517,0.5597997174720729,0.1905870364395559
1795,0.1905870364395559,1,0.369212681032517,0.5597997174720729,0.1905870364395559
1796,0.1905870364395559,1,0.369212681032517,0.5597997174720729,0.1905870364395559
1797,0.1905870364395559,1,0.369212681032517,0.5597997174720729,0.1905870364395559
1798,0.1905870364395559,1,0.369212681032517,0.5597997174720729,0.1905870364395559
1799,0.1905870364395559,1.046378345737535,0.3875448277137933,0.585762302312767,0.1982174745989738
1800,0.1982174745989738,1,0.3744136694911249,0.5675441853171534,0.1931305158260286
1801,0.1931305158260286,1,0.3718162050726434,0.5624032415121993,0.1905870364395559
1802,0.1905870364395559,1,0.369212681032517,0.5597997174720729,0.1905870364395559
1803,0.1905870364395559,1,0.369212681032517,0.5597997174720729,0.1905870364395559
1804,0.1905870364395559,1,0.369212681032517,0.5597997174720729,0.1905870364395559
1805,0.1905870364395559,1,0.369212681032517,0.5597997174720729,0.1905870364395559
1806,0.1905870364395559,1,0.369212681032517,0.5597997174720729,0.1905870364395559
1807,0.1905870364395559,1,0.369212681032517,0.5597997174720729,0.1905870364395559
1808,0.1905870364395559,1,0.369212681032517,0.5597997174720729,0.1905870364395559
1809,0.1905870364395559,1,0.369212681032517,0.5597997174720729,0.1905870364395559
1810,0.1905870364395559,1,0.369212681032517,0.5597997174720729,0.1905870364395559
1811,0.1905870364395559,1,0.369212681032517,0.5597997174720729,0.1905870364395559
1812,0.1905870364395559,1,0.369212681032517,0.5597997174720729,0.1905870364395559
1813,0.1905870364395559,1,0.369212681032517,0.5597997174720729,0.1905870364395559
1814,0.1905870364395559,1.046378345737535,0.3875448277137933,0.585762302312767,0.1982174745989738
1815,0.1982174745989738,1,0.3744136694911249,0.5675441853171534,0.1931305158260286
1816,0.1931305158260286,1,0.3718162050726434,0.5624032415121993,0.1905870364395559
1817,0.1905870364395559,0.9556772691957369,0.3545747463965902,0.5349878652902557,0.1804131188936655
1818,0.1804131188936655,1,0.3636535287492602,0.5491536064158709,0.1855000776666107
1819,0.1855000776666107,1,0.3664805530231208,0.5545241100762041,0.1880435570530833
1820,0.1880435570530833,1.046378345737535,0.3847968209070969,0.5830142955060706,0.1982174745989738
1821,0.1982174745989738,1.046378345737535,0.3931049917796736,0.59386594576512,0.2007609539854464
1822,0.2007609539854464,1,0.3769520212105242,0.5700825370365528,0.1931305158260286
1823,0.1931305158260286,0.9556772691957369,0.3545193957550711,0.5374759940352092,0.1829565982801381
1824,0.1829565982801381,1,0.3638074340787385,0.5518509911318218,0.1880435570530833
1825,0.1880435570530833,1.046378345737535,0.3847968209070969,0.5830142955060706,0.1982174745989738
1826,0.1982174745989738,1,0.3744136694911249,0.5675441853171534,0.1931305158260286
1827,0.1931305158260286,1.046378345737535,0.387725619505516,0.5884865734909625,0.2007609539854464
1828,0.2007609539854464,1,0.3769520212105242,0.5700825370365528,0.1931305158260286
1829,0.1931305158260286,1,0.3718162050726434,0.5624032415121993,0.1905870364395559
1830,0.1905870364395559,1,0.369212681032517,0.5597997174720729,0.1905870364395559
1831,0.1905870364395559,0.9556772691957369,0.3545747463965902,0.5349878652902557,0.1804131188936655
1832,0.1804131188936655,1,0.3636535287492602,0.5491536064158709,0.1855000776666107
1833,0.1855000776666107,1,0.3664805530231208,0.5545241100762041,0.1880435570530833
1834,0.1880435570530833,1,0.366586473391762,0.557173509831318,0.1905870364395559
1835,0.1905870364395559,1,0.369212681032517,0.5597997174720729,0.1905870364395559
1836,0.1905870364395559,1,0.369212681032517,0.5597997174720729,0.1905870364395559
1837,0.1905870364395559,1,0.369212681032517,0.5597997174720729,0.1905870364395559
1838,0.1905870364395559,0.9556772691957369,0.3545747463965902,0.5349878652902557,0.1804131188936655
1839,0.1804131188936655,1,0.3636535287492602,0.5491536064158709,0.1855000776666107
1840,0.1855000776666107,1,0.3664805530231208,0.5545241100762041,0.1880435570530833
1841,0.1880435570530833,1,0.366586473391762,0.557173509831318,0.1905870364395559
1842,0.1905870364395559,1,0.369212681032517,0.5597997174720729,0.1905870364395559
1843,0.1905870364395559,1,0.369212681032517,0.5597997174720729,0.1905870364395559
1844,0.1905870364395559,1,0.369212681032517,0.5597997174720729,0.1905870364395559
1845,0.1905870364395559,1,0.369212681032517,0.5597997174720729,0.1905870364395559
1846,0.1905870364395559,0.9556772691957369,0.3545747463965902,0.5349878652902557,0.1804131188936655
1847,0.1804131188936655,1.046378345737535,0.3789484470247391,0.5746224422372402,0.1956739952125012
1848,0.1956739952125012,1,0.3743975363532002,0.5649845727927562,0.1905870364395559
1849,0.1905870364395559,1,0.369212681032517,0.5597997174720729,0.1905870364395559
1850,0.1905870364395559,1,0.369212681032517,0.5597997174720729,0.1905870364395559
1851,0.1905870364395559,1,0.369212681032517,0.5597997174720729,0.1905870364395559
1852,0.1905870364395559,1.046378345737535,0.3875448277137933,0.585762302312767,0.1982174745989738
1853,0.1982174745989738,1,0.3744136694911249,0.5675441853171534,0.1931305158260286
1854,0.1931305158260286,0.9556772691957369,0.3545193957550711,0.5374759940352092,0.1829565982801381
1855,0.1829565982801381,1,0.3638074340787385,0.5518509911318218,0.1880435570530833
1856,0.1880435570530833,1,0.366586473391762,0.557173509831318,0.1905870364395559
1857,0.1905870364395559,1,0.369212681032517,0.5597997174720729,0.1905870364395559
1858,0.1905870364395559,1.046378345737535,0.3875448277137933,0.585762302312767,0.1982174745989738
1859,0.1982174745989738,1,0.3744136694911249,0.5675441853171534,0.1931305158260286
1860,0.1931305158260286,1.046378345737535,0.387725619505516,0.5884865734909625,0.2007609539854464
1861,0.2007609539854464,1,0.3769520212105242,0.5700825370365528,0.1931305158260286
1862,0.1931305158260286,1,0.3718162050726434,0.5624032415121993,0.1905870364395559
1863,0.1905870364395559,1,0.369212681032517,0.5597997174720729,0.1905870364395559
1864,0.1905870364395559,1,0.369212681032517,0.5597997174720729,0.1905870364395559
1865,0.1905870364395559,1,0.369212681032517,0.5597997174720729,0.1905870364395559
1866,0.1905870364395559,1.046378345737535,0.3875448277137933,0.585762302312767,0.1982174745989738
1867,0.1982174745989738,1,0.3744136694911249,0.5675441853171534,0.1931305158260286
1868,0.1931305158260286,1.046378345737535,0.387725619505516,0.5884865734909625,0.2007609539854464
1869,0.2007609539854464,1,0.3769520212105242,0.5700825370365528,0.1931305158260286
1870,0.1931305158260286,1,0.3718162050726434,0.5624032415121993,0.1905870364395559
1871,0.1905870364395559,1.046378345737535,0.3875448277137933,0.585762302312767,0.1982174745989738
1872,0.1982174745989738,1.046378345737535,0.3931049917796736,0.59386594576512,0.2007609539854464
1873,0.2007609539854464,1,0.3769520212105242,0.5700825370365528,0.1931305158260286
1874,0.1931305158260286,1,0.3718162050726434,0.5624032415121993,0.1905870364395559
1875,0.1905870364395559,1,0.369212681032517,0.5597997174720729,0.1905870364395559
1876,0.1905870364395559,0.9556772691957369,0.3545747463965902,0.5349878652902557,0.1804131188936655
1877,0.1804131188936655,1,0.3636535287492602,0.5491536064158709,0.1855000776666107
1878,0.1855000776666107,1,0.3664805530231208,0.5545241100762041,0.1880435570530833
1879,0.1880435570530833,1.046378345737535,0.3847968209070969,0.5830142955060706,0.1982174745989738
1880,0.1982174745989738,1,0.3744136694911249,0.5675441853171534,0.1931305158260286
1881,0.1931305158260286,1,0.3718162050726434,0.5624032415121993,0.1905870364395559
1882,0.1905870364395559,0.9556772691957369,0.3545747463965902,0.5349878652902557,0.1804131188936655
1883,0.1804131188936655,1.046378345737535,0.3789484470247391,0.5746224422372402,0.1956739952125012
1884,0.1956739952125012,1,0.3743975363532002,0.5649845727927562,0.1905870364395559
1885,0.1905870364395559,1,0.369212681032517,0.5597997174720729,0.1905870364395559
1886,0.1905870364395559,1,0.369212681032517,0.5597997174720729,0.1905870364395559
1887,0.1905870364395559,1,0.369212681032517,0.5597997174720729,0.1905870364395559
1888,0.1905870364395559,1,0.369212681032517,0.5597997174720729,0.1905870364395559
1889,0.1905870364395559,1,0.369212681032517,0.5597997174720729,0.1905870364395559
1890,0.1905870364395559,1.046378345737535,0.3875448277137933,0.585762302312767,0.1982174745989738
1891,0.1982174745989738,1,0.3744136694911249,0.5675441853171534,0.1931305158260286
1892,0.1931305158260286,1,0.3718162050726434,0.5624032415121993,0.1905870364395559
1893,0.1905870364395559,1,0.369212681032517,0.5597997174720729,0.1905870364395559
1894,0.1905870364395559,1,0.369212681032517,0.5597997174720729,0.1905870364395559
1895,0.1905870364395559,0.9556772691957369,0.3545747463965902,0.5349878652902557,0.1804131188936655
1896,0.1804131188936655,1.046378345737535,0.3789484470247391,0.5746224422372402,0.1956739952125012
1897,0.1956739952125012,1,0.3743975363532002,0.5649845727927562,0.1905870364395559
1898,0.1905870364395559,1,0.369212681032517,0.5597997174720729,0.1905870364395559
1899,0.1905870364395559,1,0.369212681032517,0.5597997174720729,0.1905870364395559
1900,0.1905870364395559,1,0.369212681032517,0.5597997174720729,0.1905870364395559
1901,0.1905870364395559,1,0.369212681032517,0.5597997174720729,0.1905870364395559
1902,0.1905870364395559,1,0.369212681032517,0.5597997174720729,0.1905870364395559
1903,0.1905870364395559,1,0.369212681032517,0.5597997174720729,0.1905870364395559
1904,0.1905870364395559,1,0.369212681032517,0.5597997174720729,0.1905870364395559
1905,0.1905870364395559,1,0.369212681032517,0.5597997174720729,0.1905870364395559
1906,0.1905870364395559,1,0.369212681032517,0.5597997174720729,0.1905870364395559
1907,0.1905870364395559,0.9556772691957369,0.3545747463965902,0.5349878652902557,0.1804131188936655
1908,0.1804131188936655,1,0.3636535287492602,0.5491536064158709,0.1855000776666107
1909,0.1855000776666107,1,0.3664805530231208,0.5545241100762041,0.1880435570530833
1910,0.1880435570530833,1,0.366586473391762,0.557173509831318,0.1905870364395559
1911,0.1905870364395559,1,0.369212681032517,0.5597997174720729,0.1905870364395559
1912,0.1905870364395559,1,0.369212681032517,0.5597997174720729,0.1905870364395559
1913,0.1905870364395559,1,0.369212681032517,0.5597997174720729,0.1905870364395559
1914,0.1905870364395559,1,0.369212681032517,0.5597997174720729,0.1905870364395559
1915,0.1905870364395559,0.9556772691957369,0.3545747463965902,0.5349878652902557,0.1804131188936655
1916,0.1804131188936655,1,0.3636535287492602,0.5491536064158709,0.1855000776666107
1917,0.1855000776666107,1,0.3664805530231208,0.5545241100762041,0.1880435570530833
1918,0.1880435570530833,1,0.366586473391762,0.557173509831318,0.1905870364395559
1919,0.1905870364395559,0.9556772691957369,0.3545747463965902,0.5349878652902557,0.1804131188936655
1920,0.1804131188936655,1,0.3636535287492602,0.5491536064158709,0.1855000776666107
1921,0.1855000776666107,1,0.3664805530231208,0.5545241100762041,0.1880435570530833
1922,0.1880435570530833,1,0.366586473391762,0.557173509831318,0.1905870364395559
1923,0.1905870364395559,1,0.369212681032517,0.5597997174720729,0.1905870364395559
1924,0.1905870364395559,1,0.369212681032517,0.5597997174720729,0.1905870364395559
1925,0.1905870364395559,1,0.369212681032517,0.5597997174720729,0.1905870364395559
1926,0.1905870364395559,1,0.369212681032517,0.5597997174720729,0.1905870364395559
1927,0.1905870364395559,1,0.369212681032517,0.5597997174720729,0.1905870364395559
1928,0.1905870364395559,1,0.369212681032517,0.5597997174720729,0.1905870364395559
1929,0.1905870364395559,1,0.369212681032517,0.5597997174720729,0.1905870364395559
1930,0.1905870364395559,1,0.369212681032517,0.5597997174720729,0.1905870364395559
1931,0.1905870364395559,1,0.369212681032517,0.5597997174720729,0.1905870364395559
1932,0.1905870364395559,1.046378345737535,0.3875448277137933,0.585762302312767,0.1982174745989738
1933,0.1982174745989738,1,0.3744136694911249,0.5675441853171534,0.1931305158260286
1934,0.1931305158260286,1,0.3718162050726434,0.5624032415121993,0.1905870364395559
1935,0.1905870364395559,1,0.369212681032517,0.5597997174720729,0.1905870364395559
1936,0.1905870364395559,1,0.369212681032517,0.5597997174720729,0.1905870364395559
1937,0.1905870364395559,1,0.369212681032517,0.5597997174720729,0.1905870364395559
1938,0.1905870364395559,0.9556772691957369,0.3545747463965902,0.5349878652902557,0.1804131188936655
1939,0.1804131188936655,1,0.3636535287492602,0.5491536064158709,0.1855000776666107
1940,0.1855000776666107,1,0.3664805530231208,0.5545241100762041,0.1880435570530833
1941,0.1880435570530833,0.9556772691957369,0.3520649394501326,0.532478058343798,0.1804131188936655
1942,0.1804131188936655,1,0.3636535287492602,0.5491536064158709,0.1855000776666107
1943,0.1855000776666107,1.046378345737535,0.3820245463741433,0.5802420209731171,0.1982174745989738
1944,0.1982174745989738,1,0.3744136694911249,0.5675441853171534,0.1931305158260286
1945,0.1931305158260286,1,0.3718162050726434,0.5624032415121993,0.1905870364395559
1946,0.1905870364395559,1,0.369212681032517,0.5597997174720729,0.1905870364395559
1947,0.1905870364395559,1,0.369212681032517,0.5597997174720729,0.1905870364395559
1948,0.1905870364395559,1,0.369212681032517,0.5597997174720729,0.1905870364395559
1949,0.1905870364395559,1,0.369212681032517,0.5597997174720729,0.1905870364395559
1950,0.1905870364395559,1,0.369212681032517,0.5597997174720729,0.1905870364395559
1951,0.1905870364395559,1,0.369212681032517,0.5597997174720729,0.1905870364395559
1952,0.1905870364395559,1,0.369212681032517,0.5597997174720729,0.1905870364395559
1953,0.1905870364395559,1,0.369212681032517,0.5597997174720729,0.1905870364395559
1954,0.1905870364395559,0.9556772691957369,0.3545747463965902,0.5349878652902557,0.1804131188936655
1955,0.1804131188936655,1,0.3636535287492602,0.5491536064158709,0.1855000776666107
1956,0.1855000776666107,1,0.3664805530231208,0.5545241100762041,0.1880435570530833
1957,0.1880435570530833,1.046378345737535,0.3847968209070969,0.5830142955060706,0.1982174745989738
1958,0.1982174745989738,1,0.3744136694911249,0.5675441853171534,0.1931305158260286
1959,0.1931305158260286,1,0.3718162050726434,0.5624032415121993,0.1905870364395559
1960,0.1905870364395559,1,0.369212681032517,0.5597997174720729,0.1905870364395559
1961,0.1905870364395559,1,0.369212681032517,0.5597997174720729,0.1905870364395559
1962,0.1905870364395559,1,0.369212681032517,0.5597997174720729,0.1905870364395559
1963,0.1905870364395559,1,0.369212681032517,0.5597997174720729,0.1905870364395559
1964,0.1905870364395559,1.046378345737535,0.3875448277137933,0.585762302312767,0.1982174745989738
1965,0.1982174745989738,1.046378345737535,0.3931049917796736,0.59386594576512,0.2007609539854464
1966,0.2007609539854464,1,0.3769520212105242,0.5700825370365528,0.1931305158260286
1967,0.1931305158260286,1,0.3718162050726434,0.5624032415121993,0.1905870364395559
1968,0.1905870364395559,1,0.369212681032517,0.5597997174720729,0.1905870364395559
1969,0.1905870364395559,1,0.369212681032517,0.5597997174720729,0.1905870364395559
1970,0.1905870364395559,1,0.369212681032517,0.5597997174720729,0.1905870364395559
1971,0.1905870364395559,1,0.369212681032517,0.5597997174720729,0.1905870364395559
1972,0.1905870364395559,1,0.369212681032517,0.5597997174720729,0.1905870364395559
1973,0.1905870364395559,1,0.369212681032517,0.5597997174720729,0.1905870364395559
1974,0.1905870364395559,1,0.369212681032517,0.5597997174720729,0.1905870364395559
1975,0.1905870364395559,1,0.369212681032517,0.5597997174720729,0.1905870364395559
1976,0.1905870364395559,0.9556772691957369,0.3545747463965902,0.5349878652902557,0.1804131188936655
1977,0.1804131188936655,1,0.3636535287492602,0.5491536064158709,0.1855000776666107
1978,0.1855000776666107,1.046378345737535,0.3820245463741433,0.5802420209731171,0.1982174745989738
1979,0.1982174745989738,1,0.3744136694911249,0.5675441853171534,0.1931305158260286
1980,0.1931305158260286,0.9556772691957369,0.3545193957550711,0.5374759940352092,0.1829565982801381
1981,0.1829565982801381,1,0.3638074340787385,0.5518509911318218,0.1880435570530833
1982,0.1880435570530833,1,0.366586473391762,0.557173509831318,0.1905870364395559
1983,0.1905870364395559,1,0.369212681032517,0.5597997174720729,0.1905870364395559
1984,0.1905870364395559,1,0.369212681032517,0.5597997174720729,0.1905870364395559
1985,0.1905870364395559,1,0.369212681032517,0.5597997174720729,0.1905870364395559
1986,0.1905870364395559,1,0.369212681032517,0.5597997174720729,0.1905870364395559
1987,0.1905870364395559,1,0.369212681032517,0.5597997174720729,0.1905870364395559
1988,0.1905870364395559,1,0.369212681032517,0.5597997174720729,0.1905870364395559
1989,0.1905870364395559,1.046378345737535,0.3875448277137933,0.585762302312767,0.1982174745989738
1990,0.1982174745989738,1,0.3744136694911249,0.5675441853171534,0.1931305158260286
1991,0.1931305158260286,0.9556772691957369,0.3545193957550711,0.5374759940352092,0.1829565982801381
1992,0.1829565982801381,1,0.3638074340787385,0.5518509911318218,0.1880435570530833
1993,0.1880435570530833,0.9556772691957369,0.3520649394501326,0.532478058343798,0.1804131188936655
1994,0.1804131188936655,1,0.3636535287492602,0.5491536064158709,0.1855000776666107
1995,0.1855000776666107,1,0.3664805530231208,0.5545241100762041,0.1880435570530833
1996,0.1880435570530833,1,0.366586473391762,0.557173509831318,0.1905870364395559
1997,0.1905870364395559,1,0.369212681032517,0.5597997174720729,0.1905870364395559
1998,0.1905870364395559,1,0.369212681032517,0.5597997174720729,0.1905870364395559
1999,0.1905870364395559,1,0.369212681032517,0.5597997174720729,0.1905870364395559
2000,0.1905870364395559,1,0.369212681032517,0.5597997174720729,0.1905870364395559
