id_str,created_at,text,retweeted,favorite_count,in_reply_to_screen_name
1585296671008768000,2022-10-26 15:45:54+00:00,"If Dr. Oz gets his way, where does this end? Would he recommend local officials make decisions about cancer treatments? Colonoscopies? Or is this kind of scrutiny reserved just for women? https://t.co/aXmVfTAl1v",False,2143,
1585261410589806592,2022-10-26 13:25:47+00:00,"Your vote can help move our country forward this November.

Join @BarackObama in making a plan to vote at https://t.co/Hy8C4mIL2M.
https://t.co/iPqIEp7CrE",False,2091,
1585083541955780608,2022-10-26 01:39:00+00:00,"Republican governors wrote me a letter saying student debt relief only helps the “elite few.”

Ted Cruz, the great senator from Texas, said it's for slackers who don't deserve relief. 

Who in the hell do they think they are?",False,38507,
1585057371004571650,2022-10-25 23:55:00+00:00,"Democrats are lowering your everyday costs like prescription drugs, health care costs, and energy bills.

Republicans have made it clear: They want to increase everyday costs.",False,13929,
1585028431946739712,2022-10-25 22:00:01+00:00,I don't want to hear it from MAGA Republicans. https://t.co/8FXRmZdE7C,False,49186,
1585000749502709760,2022-10-25 20:10:01+00:00,"Democracy is being put to the test in America. You have to defend it. Protect it. Choose it. 

We must decide whether we keep moving forward or go backwards.
https://t.co/iZHWZWdkE4",False,7325,
1584975698627887127,2022-10-25 18:30:28+00:00,Call a friend and remind them to vote early or on Election Day. Go to https://t.co/V9Mzpw8kB0 to get involved. https://t.co/m8UaqsAD55,False,4459,
1584944130190458882,2022-10-25 16:25:02+00:00,"If you have student loan debt, you can apply for relief at https://t.co/so4PFkH2UC.

There are no forms to upload and no special log-in to remember. 

It takes less than five minutes.",False,9354,
1584666294074359810,2022-10-24 22:01:00+00:00,"RT @POTUS: This Diwali, may we remember that from darkness there is power in the gathering of light. That the American story depends not on…",False,0,
1584628309815689219,2022-10-24 19:30:04+00:00,"Democrats are building a better America for everyone, with an economy that grows from the bottom up and the middle out.

Republicans are doubling down on their mega MAGA trickle-down economics that benefits the very wealthy. It failed the country before, and would fail us again.",False,13259,
1584597601407705088,2022-10-24 17:28:03+00:00,"With just over two weeks to go until the midterm elections, I’m thanking Democratic staff and volunteers who are getting out the vote and discussing the progress we’ve made under our leadership—including 10 million jobs since I came into office. Tune in. 
https://t.co/e0Jv5ACv3c",False,3767,
1584556593978408964,2022-10-24 14:45:06+00:00,"If we elect two more Democratic senators and keep control of the House, here is my promise to the American people:

The first bill I will send to Congress will be to codify Roe v. Wade. When passed, I will sign it in January—50 years after Roe was decided the law of the land.",False,49177,
1584311205212356608,2022-10-23 22:30:01+00:00,Whether you’re an early voter or showing up on Election Day—get to the polls and make your voice heard.,False,31937,
1584270251641909250,2022-10-23 19:47:16+00:00,You can't be pro-insurrection and pro-cop. https://t.co/iwWk26Zxbm,False,18167,
1583973477748391936,2022-10-23 00:08:00+00:00,"Republican leaders said if they get their way, they're going to extend the Trump tax cuts and repeal the minimum corporate tax of 15% that I just signed into law. 

They would allow the many largest corporations in America to go back to paying zero in federal income tax.",False,18917,
1583835632396251137,2022-10-22 15:00:15+00:00,"Let's look at the facts: The federal deficit went up every single year in the Trump administration. 

On my watch, things have been different. The deficit has come down both years that I've been in office.",False,31445,
1583628452904804353,2022-10-22 01:17:00+00:00,This is not your father’s Republican Party. https://t.co/00twJicOdb,False,38939,
1583571922440241153,2022-10-21 21:32:22+00:00,Make a plan to vote: https://t.co/Hy8C4n0lUk. https://t.co/THJzus1UFU,False,33922,
1583538101212762112,2022-10-21 19:17:58+00:00,"This year the deficit fell by $1.4 trillion, the largest one-year drop in American history. 

Further proof that we're rebuilding the economy in a responsible way.",False,38547,
1583506156546236421,2022-10-21 17:11:02+00:00,I believe this is the most important off-year election that we’ve had in generations. Don’t sit this out: Sign up to get involved today by visiting https://t.co/V9MzpvQJcq.,False,6880,
1583269592478396416,2022-10-21 01:31:01+00:00,"When it came time to actually do something about inflation, Republicans said no. https://t.co/5Ghwqkl0Y3",False,18849,
1583216496771211264,2022-10-20 22:00:02+00:00,"Democrats capped out-of-pocket drug expenses for seniors on Medicare at $2,000 a year—and every single Republican in Congress voted against it. https://t.co/MsI2jQpuZ4",False,9853,
1583150053707120641,2022-10-20 17:36:00+00:00,"195 House Republicans voted against a bill to protect birth control access.

157 House Republicans voted against a bill to protect marriage equality.

210 House Republicans voted against a bill to codify Roe v. Wade.

They are determined to take this country backwards.",False,26347,
1582907956542132224,2022-10-20 01:34:00+00:00,"You paid for your Social Security. Every single paycheck from the time you started working.

Republicans want to put it on the chopping block.",False,51434,
1582851837576609794,2022-10-19 21:51:00+00:00,"MAGA forces are determined to take this country backwards.

Backwards to an America where there is no right to choose, no right to privacy, no right to contraception, no right to marry who you love.

We can’t let that happen.",False,33315,
1582839759915089922,2022-10-19 21:03:01+00:00,"RT @POTUS: After seeing gas prices rise over the past few weeks, they're falling again. That’s progress.

But they’re not falling fast enou…",False,0,
1582813086267777024,2022-10-19 19:17:01+00:00,"I will never apologize for helping middle- and working-class Americans as they recover from the pandemic.

Especially not to Republicans who voted for a $2 trillion tax cut in the last administration that mainly benefitted the wealthiest Americans and the largest corporations.",False,22550,
1582765529105776640,2022-10-19 16:08:03+00:00,"Everything Democrats have fought so hard for is on the ballot in November, and we can't stop our progress. 

Can you help support Democrats with a donation before midnight?
https://t.co/jSpb5AuNRI",False,2921,
1582725774594871297,2022-10-19 13:30:04+00:00,"My good friend @BarackObama knows what is at stake in the midterm elections. If we elect more Democrats to Congress, we can codify Roe v. Wade and move forwards, not backwards.

Go to https://t.co/Hy8C4n0lUk to make your plan to vote. 
https://t.co/o8CQYr38fM",False,5480,
1582516811350048768,2022-10-18 23:39:44+00:00,"Together, we'll restore the right to choose for every woman in every state in America.

We can do this if we vote. Make a plan to vote at https://t.co/Hy8C4mJiSk.",False,8704,
1582467301844082695,2022-10-18 20:23:00+00:00,It’s time to pass an assault weapons ban to keep our communities safe. https://t.co/M8KqBGhFJY,False,24016,
1582419442432061440,2022-10-18 17:12:49+00:00,"The final say about your right to choose rests with you.

If you do your part and vote, Democratic leaders in Congress will do their part.

I’ll do my part.

With your support, I will sign a law codifying Roe in January.
https://t.co/Hy8C4n0lUk",False,5926,
1582418009540292620,2022-10-18 17:07:08+00:00,"We must elect more Democrats to the Senate and keep control of the House.

If we do that, here’s the promise I make to you and the American people:

The first bill I will send to Congress will be to codify Roe v. Wade. And when Congress passes it, I will sign it in January.",False,39117,
1582412615522783238,2022-10-18 16:45:42+00:00,"MAGA Republicans don’t have a clue about the power of American women, but they’re about to find out. Tune in to hear how we’ll codify Roe v. Wade into law. https://t.co/pxoUTlJmbL",False,5196,
1582387804083916801,2022-10-18 15:07:06+00:00,"In total, more than 40 million Americans can stand to benefit from student debt relief. About 90% of that relief is going to go to people making less than $75,000 a year.

Let me be clear: Not a dime will go to those in the top 5% income bracket. Period.",False,10430,
1582172358378491905,2022-10-18 00:51:00+00:00,"Republicans want a national ban on abortion—but if we elect two more Democratic senators and keep the House, we will codify Roe v. Wade. https://t.co/vyvNKzN1wG",False,14044,
1582150969437360128,2022-10-17 23:26:00+00:00,"With our votes, we have the power to move our country forward. Make a plan to vote early or on Election Day! https://t.co/Hy8C4mJiSk",False,4900,
1582118510037446656,2022-10-17 21:17:01+00:00,"We’re bringing relief to millions of borrowers who need it most. 

The application to apply for student debt relief is now open. Apply today: https://t.co/jHpKgsh7dY https://t.co/YJNYVSdBHt",False,6628,
1582053892380012549,2022-10-17 17:00:15+00:00,"Despite opposition from some of the most powerful special interests in the nation, we're lowering health care costs and strengthening Medicare. And we're fighting for folks who need our help.",False,14644,
1581790846277779456,2022-10-16 23:35:00+00:00,A vast majority of House Republicans have signed on to a Republican budget to cut Medicare and Social Security.,False,25930,
1581768199267553280,2022-10-16 22:05:01+00:00,"Thanks to the Inflation Reduction Act, no senior in America on Medicare will have to pay more than $2,000 a year for their prescriptions, no matter how much they cost.",False,21262,
1581684394720305153,2022-10-16 16:32:00+00:00,"Instead of Infrastructure Week being a punch line under my predecessor, Infrastructure Decade is a headline on my watch.",False,21839,
1581435510463266816,2022-10-16 00:03:02+00:00,"When it came time to help our seniors, every single Republican in Congress sided with Big Pharma. https://t.co/3R51RX5lMN",False,25946,
1581383663521972225,2022-10-15 20:37:00+00:00,"Yesterday, I issued an Executive Order directing the Department of Health and Human Services to put a plan on my desk within 90 days finding additional ways to lower prescription drug costs for seniors.",False,25941,
1581333332981604353,2022-10-15 17:17:00+00:00,"Next month, voters will have to decide. 

Democrats are working to bring down the cost of things talked about around the kitchen table—from prescription drugs to health care and more. 

Republicans are campaigning every day on an agenda to raise your costs.",False,15656,
1581049730565832705,2022-10-14 22:30:04+00:00,The choice is clear. https://t.co/eHHawQoTsP,False,69085,
1581024045575045121,2022-10-14 20:48:01+00:00,"Social Security benefits will go up by an average of $140 a month.

For the first time in 10 years, Social Security checks will go up while Medicare premiums go down.",False,22505,
1580996924366553088,2022-10-14 19:00:14+00:00,"The Inflation Reduction Act locks in lower health care premiums for 13 million people, lowers seniors’ prescription drug prices, and caps their out-of-pocket expenses for prescription drugs at the pharmacy at $2,000 per year.",False,9228,
1580969439247233039,2022-10-14 17:11:01+00:00,"We have 25 days left until the midterm elections to elect Democrats up and down the ballot. 

You can support @TheDemocrats’ efforts to fight back against MAGA Republicans ahead of this critical election by chipping in before the FEC deadline: 
https://t.co/fFpE7Ynaqu",False,2905,
1580704444701822976,2022-10-13 23:38:02+00:00,"So much is at stake in these midterm elections, folks. https://t.co/6faoJ4nwia",False,76819,
1580660907205480448,2022-10-13 20:45:02+00:00,"In my first year in office, I protected more lands and water than any American president since John F. Kennedy. After the previous administration rolled back protections, I restored full protections to three national monuments in Utah and New England.",False,18578,
1580618624116854784,2022-10-13 17:57:01+00:00,"Imagine if we elect two more Democrats to the Senate and keep the House. We'll codify Roe v. Wade, protect voting rights, and so much more.

Check your voter registration at https://t.co/Hy8C4mJiSk today.",False,8053,
1580357405522948096,2022-10-13 00:39:01+00:00,"We capped insulin costs for people on Medicare, but a lot of our Republican friends said, “No, we’re not going to do it for other people.” https://t.co/aKtDlTKiaA",False,15123,
1580332990047039489,2022-10-12 23:02:00+00:00,"Today, using authorities under the Antiquities Act, I’m establishing the Camp Hale Continental Divide National Monument. 

This is the first new national monument of my presidency under this authority.",False,10994,
1580294992576188416,2022-10-12 20:31:01+00:00,"RT @POTUS: Tribal Nations have stewarded the grounds of the Camp Hale-Continental Divide for thousands of years.
 
And today, tribes contin…",False,0,
1580294737419939840,2022-10-12 20:30:00+00:00,"In this November’s midterm elections, Democrats, Independents, and mainstream Republicans can come together to reject extreme MAGA Republicans. https://t.co/v8K5KwNzc3",False,8801,
1580233090957737985,2022-10-12 16:25:02+00:00,Senator Rick Scott has made it clear that he thinks Social Security and Medicare should be on the chopping block every five years. But we won't let him and the MAGA Republicans try to get their way: https://t.co/Hy8C4mJiSk.,False,5504,
1580002310809423872,2022-10-12 01:08:00+00:00,"158 House Republicans have signed on to a Republican budget that would cut Social Security and Medicare.

I have a different idea: I’ll protect Social Security and Medicare and make them stronger.",False,42461,
1579897879174721536,2022-10-11 18:13:02+00:00,"With only 28 days until the midterm elections, the stakes are clear: Republicans want a national abortion ban. Democrats want to codify Roe. 

Can you contribute to help elect Democrats up and down the ballot? 
https://t.co/udGGj8j2jJ",False,3880,
1579652252628836353,2022-10-11 01:57:00+00:00,Ask yourself: Do you want to put your Social Security into the hands of Ted Cruz and Marjorie Taylor Greene? https://t.co/cs7XYruduV,False,22632,
1579567195868176385,2022-10-10 20:19:01+00:00,"Every single Democrat voted for the Inflation Reduction Act.

Every single Republican voted against it.",False,64297,
1579277785255710720,2022-10-10 01:09:00+00:00,"Republicans want a national ban on abortion—but if you give me two more Democratic senators and Democrats keep the House, I promise you we will codify Roe v. Wade. https://t.co/lkE2epWZiL",False,25022,
1579238024717533184,2022-10-09 22:31:00+00:00,"The CHIPs and Science Act will help ensure tens of thousands of new, high-paying construction jobs.",False,20001,
1579160012521234432,2022-10-09 17:21:01+00:00,"Our economy created 263,000 jobs last month. That's 10 million jobs since I came into office—the fastest job growth at any point of any president in all of American history.",False,36009,
1578925968151875584,2022-10-09 01:51:00+00:00,"If you’re on Medicare, your insulin will be capped at $35 a month thanks to the Inflation Reduction Act.

We wanted to cut the cost of insulin for everyone—including hundreds of thousands of children with Type 1 diabetes—but Republicans voted to strike that out of the bill.",False,37910,
1578822576771846144,2022-10-08 19:00:10+00:00,"Republicans had no problem enacting a $2 trillion tax cut that overwhelmingly benefitted the wealthiest Americans and biggest corporations.

Now, thanks to the Inflation Reduction Act, corporations will have to pay a minimum corporate tax of 15%.",False,25375,
1578762191225860097,2022-10-08 15:00:13+00:00,"We’re building a clean energy economy, and we’re doing it from the bottom up and the middle out.",False,31958,
1578565900738777088,2022-10-08 02:00:13+00:00,MAGA Republicans can’t be pro-law enforcement and pro-insurrection. https://t.co/VXfRDwcUmc,False,14979,
1578543198494150656,2022-10-08 00:30:01+00:00,"Today's jobs numbers are an encouraging sign that we are transitioning to stable, steady growth. And more Americans are working than ever before. 

There's more to do to grow our economy from the bottom up and middle out, but we're making progress.",False,12202,
1578520547645759490,2022-10-07 23:00:00+00:00,This year’s elections are absolutely critical. Get involved at https://t.co/V9MzpvQJcq. https://t.co/oEUS8NQ2S8,False,5569,
1578493704494493696,2022-10-07 21:13:20+00:00,"Many Republicans have called the Bipartisan Infrastructure program “socialist.” Then, they asked for money from it.

You can’t make this stuff up. https://t.co/yQVHlM3vYw",False,60684,
1578456124587737108,2022-10-07 18:44:01+00:00,"Last year, a family of four saved an average of $2,400 through the American Rescue Plan I signed into law. And now, the Inflation Reduction Act locks in place those lower health care premiums for millions of families who get their coverage through the Affordable Care Act.",False,12047,
1578399854451200000,2022-10-07 15:00:25+00:00,"The United States must lead the world in producing semiconductor chips, and the CHIPs and Science Act is going to make sure that it will.",False,23329,
1578208490539081730,2022-10-07 02:20:00+00:00,"Extreme MAGA Republican Senator Ron Johnson wants to put Social Security and Medicare on the chopping block every year.

This guy never gives up. 

But we never give up either.",False,34567,
1578182820996030476,2022-10-07 00:38:00+00:00,"Sending people to prison for possessing marijuana has upended too many lives and incarcerated people for conduct that many states no longer prohibit. That's before you address the clear racial disparities around prosecution and conviction. 

Today, we start to right these wrongs.",False,35897,
1578164200253399042,2022-10-06 23:24:00+00:00,"The CHIPs and Science Act makes historic investments in companies to build advanced manufacturing facilities here in America. 

Now IBM is investing $20 billion to design and manufacture semiconductors, mainframe technology, and quantum computers.",False,7217,
1578155139487207425,2022-10-06 22:48:00+00:00,"Too many lives have been upended because of our failed approach to marijuana.

Today I announced a pardon of all prior federal offenses of simple possession of marijuana, urged governors to do the same, and asked HHS and DOJ to review how marijuana is scheduled under federal law.",False,35355,
1578100783060553733,2022-10-06 19:12:01+00:00,"RT @POTUS: As I’ve said before, no one should be in jail just for using or possessing marijuana.

Today, I’m taking steps to end our failed…",False,0,
1578076120427233280,2022-10-06 17:34:01+00:00,"The world is changing. We can either shape it, or we can be shaped by it. I believe we have an enormous opportunity to build back a country that is even better than before.

Can I count on you to join us? https://t.co/V9Mzpw8kB0",False,9908,
1578048186987454466,2022-10-06 15:43:01+00:00,"Congressional Republicans are doubling down on their extreme position with a proposal for a national abortion ban. That means even if you live in a state where extremist Republican officials are not running the show, your right to choose will still be at risk.",False,20479,
1577834526365175808,2022-10-06 01:34:00+00:00,"I wish I could say Republicans supported our progress in reducing health care costs and strengthening Medicare. That would be good for all of America.
 
But when it actually came time to do something about inflation around the kitchen table, every one of them voted no.",False,28184,
1577793255361609728,2022-10-05 22:50:00+00:00,"Congress should codify the protections of Roe v. Wade and do it once and for all. 

But right now, we're short a handful of votes, so the only way it's going to happen is if the American people vote in November.",False,35684,
1577697879237574656,2022-10-05 16:31:01+00:00,"I signed the Bipartisan Safer Communities Act into law, the first major gun safety legislation in nearly 30 years. I’m not going to stop until I again get an assault weapons ban passed.",False,29546,
1577484468838866946,2022-10-05 02:23:00+00:00,MAGA Republicans don’t have a clue about the power of women. They are about to find out. https://t.co/akmHFkuOXS,False,43311,
1577458297669550080,2022-10-05 00:39:00+00:00,"We're not going to sit by and let Republicans throughout the country enact extreme policies to threaten access to basic health care.

That's why we have taken a number of actions to protect access to reproductive health care, including emergency medical care.",False,18292,
1577427343982870528,2022-10-04 22:36:00+00:00,"For years, there has been no check on how high or how fast Big Pharma can raise drug prices. But thanks to the Inflation Reduction Act, that ends now. 

If Big Pharma tries to raise drug prices faster than inflation, they'll be penalized and have to rebate the money to Medicare.",False,14063,
1577363929684185089,2022-10-04 18:24:01+00:00,"If you’re on Medicare and you have diabetes, your insulin is going to be capped at $35 a month.",False,56235,
1577106228697862146,2022-10-04 01:20:00+00:00,"Senator Ron Johnson said if Republicans get control of Washington, they’re coming after the Affordable Care Act again, denying protections for anyone with a preexisting condition. 

These guys never stop.",False,41349,
1577095536594788352,2022-10-04 00:37:31+00:00,"Get in, folks. We're building a better America: https://t.co/V9Mzpw8kB0 https://t.co/cMKiF0Lqwz",False,133897,
1577056149354029065,2022-10-03 22:01:00+00:00,"Today, I announced more than $60 million in funding to help coastal areas in Puerto Rico become better prepared for storms. 

In addition, nearly $700 million in infrastructure investments in Puerto Rico have been announced since I signed the Bipartisan Infrastructure Law.",False,14678,
1576748620816203777,2022-10-03 01:39:00+00:00,"My dad used to say, “Joey, don’t compare me to the Almighty. Compare me to the alternative.”

And here’s the deal: Democrats want to codify Roe. Republicans want a national ban on abortion. The choice is clear.",False,62790,
1576375412099354624,2022-10-02 00:56:00+00:00,"Republicans are always talking about the deficit. Well, guess what? The last guy increased the debt with tax cuts for big corporations. Not a penny of it was paid for. 

This year, we've reduced the deficit by more than $1 trillion.",False,87806,
1576238616078057477,2022-10-01 15:52:25+00:00,RT @POTUS: We're beginning to see the scale of the devastation in Florida which is likely to rank among the worst in the nation’s history.…,False,0,
1575976297431449600,2022-09-30 22:30:04+00:00,"In the past 24 hours, we've approved four more counties in Florida for individual disaster assistance in addition to the nine counties we announced yesterday. 

The federal government will cover 100% of the cost to clear the massive debris left in the wake of the hurricane.",False,19160,
1575640322545156096,2022-09-30 00:15:01+00:00,"My message to the people of Florida and to the country: At times like this, America comes together. We’re going to pull together as one team, as one America.",False,38924,
1575590997118943232,2022-09-29 20:59:01+00:00,"RT @POTUS: I want to thank all the first responders, National Guard and Coast Guard members, and search and rescue personnel who are workin…",False,0,
1575500147978489858,2022-09-29 14:58:01+00:00,"RT @POTUS: This morning, I spoke with Governor Ron DeSantis to discuss the steps we're taking to support Florida in response to Hurricane I…",False,0,
1574935675580948480,2022-09-28 01:35:00+00:00,"In 42 days, democracy is on the ballot. Americans will have to choose between the MAGA Republican platform—embracing extremism and the Big Lie—and Democrats, independents, and mainstream Republicans who believe in the rule of law.",False,40913,
1574896921654829070,2022-09-27 23:01:00+00:00,"This morning, we got good news about lower costs. The Department of Health and Human Services announced that the premium for Medicare Part B will decrease next year. 

For years, that fee has gone up. Now, for the first time in more than a decade, it's going to go down.",False,19135,
1574867225374244864,2022-09-27 21:03:00+00:00,"There is so much on the line in these midterm elections. With just a few weeks to go, we need your help to protect and expand our Democratic majorities in Congress.

Can you chip in to help elect Democrats today?
https://t.co/QOggr7BzbZ",False,3845,
1574556933960237056,2022-09-27 00:30:01+00:00,"Democracy cannot survive when one side believes there’s only two outcomes to an election: either they win, or they were cheated.

That’s not democracy. And that’s where the vast majority of MAGA Republicans are today.  

You can’t love your country only when you win.",False,59789,
1574492776988917764,2022-09-26 20:15:05+00:00,"This November, we have a choice to be a nation of hope, unity, and optimism, or a nation of fear, division, and darkness. https://t.co/zUkNiGUHZh",False,11012,
1574443752369815561,2022-09-26 17:00:16+00:00,The power to get this done is in the hands of the American people. https://t.co/dhdDg2GGbC,False,36665,
1574210396260540422,2022-09-26 01:33:00+00:00,"Senator Lindsey Graham has proposed a national ban on abortion that would put criminal penalties on doctors. 

This November, if Republicans win control, they will vote for a nationwide ban on abortion. But if you give me two more Democrats in the Senate, I will codify Roe.",False,96448,
1574191076302274560,2022-09-26 00:16:14+00:00,"RT @POTUS: This Rosh Hashanah, Jewish communities will celebrate the birth of the world and the beginning of a new year.

Jill and I offer…",False,0,
1574092873112461312,2022-09-25 17:46:00+00:00,"If Republicans control the Congress, Social Security will be on the chopping block. But if you support Democrats, I promise you: Social Security will be protected. Period.",False,49284,
1574058156308762625,2022-09-25 15:28:03+00:00,"It’s time to pass the assault weapons ban. I’ve taken on the NRA, and I beat them before.

I plan on doing it again. https://t.co/SkQOe0VnLS",False,42470,
1573849015506333697,2022-09-25 01:37:00+00:00,"The MAGA Republicans didn’t side with law enforcement; they sided with the insurrectionists. 

Don’t tell me you support law enforcement if you can’t condemn what happened on January 6. You can’t be pro-law enforcement and pro-insurrection.",False,76828,
1573809756929679362,2022-09-24 23:01:00+00:00,"When I came to office, the economy was flat on its back—millions out of work. 

So we acted quickly. We passed the American Rescue Plan, which lifted this nation from economic crisis to economic recovery. And every single Republican voted against it.",False,32473,
1573765540258238466,2022-09-24 20:05:18+00:00,"We beat Big Pharma. Now, Medicare will have the power to do what so many Democrats and many Republicans in the past talked about doing: lowering prescription drug prices. https://t.co/sOMdwSuXKE",False,12727,
1573401317099405355,2022-09-23 19:58:01+00:00,"In February, I laid out our plan to supercharge the Cancer Moonshot that is bold, ambitious, and completely doable. 

The goal is to cut cancer death rates by at least 50% in the next 25 years and to create a more supportive experience for our patients and families.",False,13055,
1573365531574403073,2022-09-23 17:35:49+00:00,"Every single Republican in Congress voted against the Inflation Reduction Act.

When it came time to actually do something about inflation, Republicans said no.",False,32007,
1573361187491921920,2022-09-23 17:18:33+00:00,"If you give me two more Democratic senators, and Democrats keep the House, I promise you we will codify Roe v. Wade.

We will once again make Roe the law of the land.

We will once again protect a woman’s right to choose.",False,128853,
1573356414164148224,2022-09-23 16:59:35+00:00,"At @NEAToday to highlight the choice voters have between building an economy that works for working families, and the Republican plan to make health care more expensive, ban abortion nationwide, and put Medicare and Social Security on the chopping block. https://t.co/eYxWRRsJFC",False,3260,
1573301157568647171,2022-09-23 13:20:01+00:00,"46 days. Let’s do this.
https://t.co/eyyg5n1xUJ",False,10056,
1573064670101049344,2022-09-22 21:40:18+00:00,"We passed the most extensive gun legislation in 30 years and I'm not going to rest until we get assault weapons banned. Our kids should be learning how to read and write, not duck and cover. https://t.co/ZOiHY2PXnc",False,19852,
1573007724580831233,2022-09-22 17:54:01+00:00,"To address the inequities in cancer treatment, the Cancer Moonshot allows us to ensure prevention, detection, and treatment reach patients in urban, rural, suburban, and Tribal communities, so they have equal access to cancer diagnostics, therapeutics, and clinical trials.",False,12760,
1572716301763903488,2022-09-21 22:36:00+00:00,"I’m heading to Florida to talk to voters about the issues at stake in the midterms. From protecting Social Security to women’s health—we have work to do. Join me for a grassroots rally on Tuesday, September 27. RSVP here:
https://t.co/ihDdikuzA9",False,5648,
1572674530509819905,2022-09-21 19:50:01+00:00,"Last week, I signed an executive order that directs the federal government to ensure biotechnologies invented in the United States of America are made in the United States of America.",False,17370,
1572621677204164608,2022-09-21 16:20:00+00:00,Join us at https://t.co/V9MzpvQJcq to fight back against extreme MAGA Republicans. https://t.co/iiQs2AzzuS,False,10471,
1572358698177265664,2022-09-20 22:55:01+00:00,"Dark money erodes public trust. We need to protect public trust—and I'm determined to do that.

Republicans should join Democrats to pass the DISCLOSE Act and get it to my desk right away.",False,24646,
1572226577915584514,2022-09-20 14:10:01+00:00,"For our democracy to work, it is up to all of us to protect the right to vote—and exercise it. The first step that all of us can take is to make sure we are registered to vote. 

On National Voter Registration Day, go to https://t.co/Hy8C4mIL2M to check your registration status.",False,6358,
1571996318645587968,2022-09-19 22:55:03+00:00,"On National Voter Registration Day, @TheDemocrats are making sure everyone has the tools to talk to their community about the importance of voting. Learn how to take action with people across the country tomorrow at 7pm ET: 
https://t.co/yLUbBrwpMr",False,3803,
1571952319524384769,2022-09-19 20:00:13+00:00,"Social Security and Medicare.
A woman's right to choose.
An assault weapons ban.
Voting rights.

It’s all on the line in November.",False,37532,
1571866201524944897,2022-09-19 14:18:00+00:00,"There are only 50 days until the midterms. 

Imagine the possibilities if we elect more Democrats to the Senate and keep the House. From codifying Roe v. Wade to protecting voting rights—I'm ready to get it done. 

Join us and get involved at https://t.co/V9Mzpw8kB0.",False,15328,
1571602210643124227,2022-09-18 20:49:00+00:00,The single best-trained workers and trades in the world are American union workers.,False,22536,
1571261519932932096,2022-09-17 22:15:13+00:00,"The Inflation Reduction Act will lower prescription drug costs, health care costs, and energy costs for millions of families. We’re going to take the most aggressive action ever to confront the climate crisis and increase our energy security. https://t.co/CKQEAQ9CEp",False,10473,
1571199056466132993,2022-09-17 18:07:01+00:00,"The Bipartisan Infrastructure Law will invest $25 billion to modify our airports. 

From airports serving small towns to major cities, it matters.",False,13681,
1570941608002043904,2022-09-17 01:04:00+00:00,"The MAGA Republicans believe that for them to succeed, everyone else has to fail. I believe America is big enough for all of us to succeed, and that is the nation we’re building: a nation where no one is left behind.",False,57969,
1570895307940003840,2022-09-16 22:00:01+00:00,Every single Republican in Congress voted against lowering costs for Americans—now every single American needs to return the favor and vote them out of office. https://t.co/xT78xqO1g7,False,25615,
1570848495900233732,2022-09-16 18:54:01+00:00,"We're bringing back U.S. manufacturing jobs—680,000 jobs since I took office.",False,21645,
1570828616187154434,2022-09-16 17:35:01+00:00,"I'm excited to join folks in Florida to talk about the choice voters have in the upcoming midterms. RSVP now:
https://t.co/ihDdikuzA9",False,4266,
1570792139717775360,2022-09-16 15:10:04+00:00,We're turning infrastructure week from a punchline into an infrastructure decade.,False,21910,
1570532913191567366,2022-09-15 22:00:00+00:00,"We have to organize, mobilize, and get out the vote for Democrats. https://t.co/MapGHST6v1",False,8679,
1570442579933798400,2022-09-15 16:01:03+00:00,"I’m a car guy, and the vehicles at the Detroit Auto Show give me so many reasons to be optimistic about the future.
https://t.co/FOh0bnizMR",False,18336,
1570423459116908553,2022-09-15 14:45:04+00:00,"National Hispanic Heritage Month reminds us that the American identity is a fabric of diverse traditions and stories woven together. 

This month, we reaffirm that diversity is one of our country's greatest strengths and are committed to the success of Hispanic communities.",False,8637,
1570224633298944007,2022-09-15 01:35:00+00:00,"MAGA forces are determined to take this country backwards. 

Backwards to an America where there is no right to choose, no right to privacy, no right to contraception, no right to marry who you love.",False,48245,
1570192170258436096,2022-09-14 23:26:00+00:00,"Thanks to the Bipartisan Infrastructure Law, I'm pleased to announce we're approving funding for the first 35 states to build their own electric charging infrastructure throughout their state. They will be part of a network of 500,000 charging stations throughout the country.",False,15444,
1570085296947208194,2022-09-14 16:21:20+00:00,This is a nation that respects free and fair elections. We honor the will of the people. We do not deny it. https://t.co/5WbCDwgs1Y,False,11391,
1570071627228119041,2022-09-14 15:27:01+00:00,"Since we came to office, we've created nearly 10 million jobs, a record for any presidency up to this point, and 3.7% unemployment—a nearly 50-year low in this country.",False,20523,
1569891437780832256,2022-09-14 03:31:00+00:00,"Couldn’t agree more, Rick. And if anyone else wants to read your plan to put Social Security and Medicare on the chopping block, they should go to https://t.co/xDudwYX85v. 

Thanks for stopping by. https://t.co/9YXhMisGf5",False,133530,
1569848152152309760,2022-09-14 00:39:00+00:00,"We're going to build the future here in the United States of America with American workers, American companies, and with American-made products.",False,25458,
1569752779257745408,2022-09-13 18:20:01+00:00,"Thanks to the Inflation Reduction Act, folks on Medicare won’t pay more than $2,000 a year for their prescriptions.",False,21195,
1569729373292400642,2022-09-13 16:47:01+00:00,"Let’s be clear: Democrats sided with the American people with the Inflation Reduction Act, and every single Republican in Congress sided with special interests.

That’s the choice we face.",False,23243,
1569716537681911809,2022-09-13 15:56:01+00:00,"Today, we celebrate the passage of the Inflation Reduction Act, which will create jobs, make our tax code fairer, and lower costs for American families.

Every single Republican in Congress voted against it.",False,17742,
1569483248077512705,2022-09-13 00:29:00+00:00,"Throughout our history, America has often made the greatest progress, coming out of some of our darkest moments. I believe we can, and must, do that again, and we are.",False,25057,
1569460095502663688,2022-09-12 22:57:00+00:00,"Millions of retirees were at risk of losing their retirement security, so with the American Rescue Plan, we protected their pensions. It’s one of the most significant achievements for union workers and retirees in over 50 years. 

Not a single Republican voted for it.",False,25990,
1569002833948672000,2022-09-11 16:40:00+00:00,"Today, we share this solemn rite of remembrance and reflect on all that was lost in the fire and ash on September 11, 2001. For twenty-one years, we still kept our promise to never forget, and we will keep the memory of those precious lives stolen from us.",False,27977,
1568761804112953344,2022-09-11 00:42:14+00:00,Democrats offer a vision for a better America. It’s in our hands if we just get out and vote. https://t.co/mFRVN2Gtgz,False,20370,
1568709652774526977,2022-09-10 21:15:01+00:00,"Every Republican in Congress voted against lowering prescription drug costs, health care costs, tackling the climate crisis, lowering energy costs, creating good-paying jobs, and a fairer tax system.
 
Every single American needs to return the favor and vote them out of office.",False,65460,
1568630126752964608,2022-09-10 15:59:00+00:00,"Through the CHIPS and Science Act, we're going to support entrepreneurs and technology hubs across the country, including HBCUs, Minority-Serving Institutions, and Tribal colleges. We're going to tap into the greatest advantage we have: our diverse and talented workforce.",False,11862,
1568389038331277312,2022-09-10 00:01:00+00:00,"Since I took office, our economy has created nearly 10 million new jobs and 668,000 manufacturing jobs. Proof that ‘Made in America’ is no longer just a slogan. It's a reality today—and it's just beginning.",False,27680,
1568351056467206146,2022-09-09 21:30:05+00:00,"I was honored to unveil President @BarackObama and First Lady @MichelleObama’s White House portraits this week. 

They both dreamed big and secured lasting wins for the American people, helping lift their burden with the blessing of hope. https://t.co/w2yrhuwXmZ",False,32082,
1568295697136451586,2022-09-09 17:50:06+00:00,"America is at an inflection point. We have to choose: Are we going to be a nation of unity, hope, and optimism, or a nation of division, violence, and hatred?

Together, Democrats, Independents, and mainstream Republicans can choose to build a better America. https://t.co/KQa8ZbWVrP",False,20439,
1568246601885384709,2022-09-09 14:35:01+00:00,"Republicans have pushed an ultra-MAGA agenda to: 

—Threaten Social Security and Medicare
—Raise taxes on working families 
—Give big corporations and billionaires tax breaks

With 60 days until the midterms, the choice is clear. Vote. https://t.co/Hy8C4mIL2M",False,13170,
1567959961698713611,2022-09-08 19:36:00+00:00,RT @POTUS: Our statement on the death of Queen Elizabeth II. https://t.co/0n7pmVVg2w,False,0,
1567879194121588738,2022-09-08 14:15:04+00:00,"There are few people I've ever known with more integrity, decency, and moral courage than @BarackObama. https://t.co/EHKdsp8fAq",False,70269,
1567626333034881024,2022-09-07 21:30:17+00:00,"Barack and Michelle, welcome back. https://t.co/KTPxIPViwV",False,54232,
1567543320682942464,2022-09-07 16:00:25+00:00,"We’re going to build the future in America with American workers, in American factories, using American-made products.",False,22399,
1566782720369315841,2022-09-05 13:38:04+00:00,"The middle class built America, and unions built the middle class. 

On Labor Day, we recognize the fight unions and workers across the country have endured to keep our economy moving and make our nation strong. https://t.co/thDm0vSp0g",False,16643,
1566184283483537408,2022-09-03 22:00:06+00:00,"The American people won, and Big Pharma lost. Medicare now has the power to negotiate for lower prescription drug prices.",False,64920,
1566164187230965767,2022-09-03 20:40:14+00:00,"I made a bet on you, the American people, and that bet is paying off. Proving that from darkness, we can see the light. https://t.co/yHAFIb8Z13",False,18042,
1566113797466722304,2022-09-03 17:20:00+00:00,"Working-age women are now back at work at rates not seen since before the pandemic. Wages are up, and unemployment remains near a 50-year low.",False,25412,
1566063575428390913,2022-09-03 14:00:27+00:00,"For a long time, we’ve told ourselves that American democracy is guaranteed, but it’s not. https://t.co/cCswKfQ9BO",False,15649,
1565850561680924672,2022-09-02 23:54:00+00:00,We have now created nearly 10 million new jobs since I took office—the fastest growth in American history.,False,42182,
1565837049562800131,2022-09-02 23:00:19+00:00,Too much of what’s happening in our country today is not normal. Donald Trump and the MAGA Republicans represent an extremism that threatens the very foundations of our republic. https://t.co/ekJztMxhST,False,69717,
1565799241129377799,2022-09-02 20:30:04+00:00,"In August, the economy created 315,000 new jobs. 

American workers are back to work earning more, manufacturing more, and building an economy from the bottom up and the middle out.",False,13082,
1565496477748760577,2022-09-02 00:27:00+00:00,"The MAGA Republicans look at America and see carnage and darkness and despair.

I see an America with an unlimited future.

An America that is about to take off.",False,37148,
1565495974679793665,2022-09-02 00:25:00+00:00,"MAGA Republicans don’t understand what every truly patriotic American knows.
You can’t love your country only when you win.",False,70707,
1565494030246584322,2022-09-02 00:17:16+00:00,"For a long time, we’ve reassured ourselves that American democracy is guaranteed. But it is not.

We have to defend it.
Protect it.
Stand up for it.

That’s why tonight, I am asking the nation to come together and unite behind this single purpose—of saving our democracy.",False,18745,
1565493589181960194,2022-09-02 00:15:31+00:00,"There are far more Americans — far more Americans — of every background and belief who reject the extreme MAGA ideology than those who accept it.

And it is within our power to stop this assault on America.",False,28511,
1565493169856430084,2022-09-02 00:13:51+00:00,"Donald Trump and MAGA Republicans tried everything last time to nullify the votes of 81 million Americans.

This time they’re determined to succeed in thwarting the will of the people.",False,29372,
1565492666120523778,2022-09-02 00:11:51+00:00,Donald Trump and MAGA Republicans are a threat to the very soul of this country.,False,174918,
1565492287211192320,2022-09-02 00:10:21+00:00,"Donald Trump and MAGA Republicans represent an extremism that threatens the very foundations of our Republic.

They don't respect our Constitution.

They don't believe in the rule of law.

And they don't recognize the will of the people.",False,51474,
1565492046663663616,2022-09-02 00:09:24+00:00,RT @POTUS: Join me as I deliver remarks on the continued battle for the soul of the nation. https://t.co/VF5kPclCXs,False,0,
1565454955057659904,2022-09-01 21:42:00+00:00,"This is what Rick Scott’s election-year plan says: 
""All federal legislation sunsets every five years. If a law is worth keeping, Congress can pass it again."" 

Translation: 
Your Social Security, every five years, will be eliminated unless it's voted back into existence.",False,17247,
1565393552145801216,2022-09-01 17:38:01+00:00,"I am determined to ban assault weapons in this country. I did it once before, and I’ll do it again.",False,125406,
1565377000444919810,2022-09-01 16:32:14+00:00,MAGA Republicans have awakened a powerful force in America: the women of this nation. https://t.co/p93C0GmuFQ,False,16001,
1565358831017893888,2022-09-01 15:20:02+00:00,"For decades, climate deniers blocked any meaningful progress in dealing with the climate crisis, but not this year. Thanks to the Inflation Reduction Act, we’re taking the most aggressive action to confront the climate crisis ever.",False,21110,
1565090122898542592,2022-08-31 21:32:17+00:00,Whose side are you on? https://t.co/fKlr9pi2eP,False,22204,
1565048030067310595,2022-08-31 18:45:02+00:00,The American Rescue Plan took America from an economic crisis to an economic recovery. And not a single Republican voted for it.,False,19305,
1565007006443995138,2022-08-31 16:02:01+00:00,"We’ve come a long way. COVID no longer controls our lives, there are a record number of Americans working, businesses are growing, and our schools are open. 

Even in the face of unrelenting attacks from the most powerful special interests in the country, we got it done.",False,18470,
1564772708809936900,2022-08-31 00:31:00+00:00,Every single Republican member of Congress voted against the support for law enforcement in the American Rescue Plan. Every single one.,False,78290,
1564742510408261633,2022-08-30 22:31:00+00:00,"The extreme MAGA Republicans have made their choice: to go backwards, full of anger, violence, hate, and division. 

We’ve chosen a different path: forward, the future, unity, hope, and optimism. We choose to build a better America.",False,82468,
1564621482260561921,2022-08-30 14:30:05+00:00,"There are 70 days until the midterm elections. 

It's all on the ballot: Social Security and Medicare. Choice. Voting rights. But we can have the last word. Electing Democrats in November is critical to keep moving our country forward. 

Register to vote: https://t.co/Hy8C4mIL2M",False,12015,
1564398241428422658,2022-08-29 23:43:00+00:00,"Thanks to the Inflation Reduction Act, if you’re on Medicare and you have diabetes, your cost of insulin will be capped at $35 a month.",False,52849,
1564018740525768704,2022-08-28 22:35:00+00:00,"We just passed the first significant new gun safety legislation in nearly 30 years in this country. 

We took on the NRA—and beat them. But we are not stopping here.

I am determined to ban assault weapons in this country. I did it once before, and we are going to do it again.",False,60674,
1564018489094189056,2022-08-28 22:34:00+00:00,"My plan for student loan relief allows those with undergraduate loans the chance to sign up and cap their loan payments at 5% of their monthly income. 

Find out more at https://t.co/jHpKgsh7dY.",False,9224,
1563985566110257152,2022-08-28 20:23:11+00:00,"If we elect more Democrats to the Senate and keep the House Democratic, imagine the possibilities.

We’ll codify Roe v. Wade, protecting a woman’s right to choose. 

We’ll ban assault weapons, saving countless lives. 

We’ll protect voting rights.

Let’s get it done. https://t.co/QpVj0GzYVP",False,35165,
1563932424941309952,2022-08-28 16:52:01+00:00,"Every single Republican who voted against the Inflation Reduction Act voted against capping insulin prices for Medicare recipients at $35 for a month's supply.

Why the Republican caucus would support pharma and continue the price gouging for insulin is beyond me.",False,37094,
1563889182686208008,2022-08-28 14:00:11+00:00,"MAGA Republicans have awakened a powerful force in America—the women of this nation.

These MAGA Republicans don’t have a clue about the power of women in America. 

They are about to find out.",False,115185,
1563667678719627265,2022-08-27 23:20:00+00:00,"Senator Ron Johnson wants Social Security and Medicare on the chopping block every year. He's the same guy who said if Republicans get control of Congress, they'll try to get rid of the ACA again—denying insurance to people with preexisting conditions.

These guys never stop.",False,46520,
1563657611383377925,2022-08-27 22:40:00+00:00,"—American Rescue Plan
—Bipartisan Infrastructure Law
—Bipartisan Safer Communities Act 
—PACT Act 
—CHIPS and Science Act

All this progress is part of our vision, plan, and determined effort to get the job done for the American people.",False,14624,
1563625148418236416,2022-08-27 20:31:00+00:00,"In this moment, those who love this country—Democrats, Independents and mainstream Republicans—must be stronger, more determined, and more committed to saving America than MAGA Republicans are committed to destroying America.",False,85011,
1563588897002881024,2022-08-27 18:06:57+00:00,Every single one. https://t.co/0dTB6Awz8T,False,16827,
1563571796171194370,2022-08-27 16:59:00+00:00,"Our middle-class families deserve breathing room. 

It’s the whole reason I ran for president. 

And our student loan relief plan will give opportunity to millions of families who need it the most.",False,18689,
1563302019032846336,2022-08-26 23:07:00+00:00,"Senator Rick Scott wrote the only election-year plan the GOP has this year—in it, he wants to require Congress to vote on the future of Social Security every 5 years.

Do you want to put your Social Security into the hands of Ted Cruz or Marjorie Taylor Greene?",False,90898,
1563283902898114562,2022-08-26 21:55:01+00:00,"Under my student debt relief plan, almost 90% of the benefit will go to folks making less than $75,000 a year.",False,38000,
1563237850115878917,2022-08-26 18:52:01+00:00,"10 million jobs—more than ever created before at this point of a presidency. 
3.5% unemployment rate—a near record low in the history of this country. 
More than 220 million Americans were vaccinated. 
Record small business creation. 

That’s our economic record.",False,14826,
1563213196348993542,2022-08-26 17:14:03+00:00,"Every Republican in Congress voted against lower prescription drug prices.
 
Against lower health care costs.
Against a fairer tax system.
Against tackling the climate crisis.
Against lowering your energy costs.
Against creating good-paying jobs.

They chose the already-powerful.",False,18508,
1562955005228765186,2022-08-26 00:08:06+00:00,"Wall Street didn’t build this country. You did. The working people—the middle class—built this nation. And unions built the middle class.

We won’t let anyone or anything tear America apart.",False,24249,
1562953391441334275,2022-08-26 00:01:41+00:00,"Every election is a choice. My dad used to say: “Don’t compare me to the Almighty. Compare me to the alternative.”

Well, the alternative to the Democrats is the MAGA Republicans.",False,81645,
1562953001710788611,2022-08-26 00:00:08+00:00,"Every single Republican voted against:
❌ Lowering prescription drug prices
❌ Lower health care costs
❌ Tackling the climate crisis
❌ Lower energy costs
❌ Creating good-paying jobs
❌ A fairer tax system",False,29572,
1562951850357583872,2022-08-25 23:55:34+00:00,"We had to take on the big drug companies to pass the Inflation Reduction Act.

For decades, Big Pharma fought to block giving Medicare the power to negotiate for lower prices.

And, for decades, Big Pharma won.

Not this year. The American people won. And big pharma lost.",False,9330,
1562950578296147968,2022-08-25 23:50:30+00:00,"In 2020, 81 million Americans voted to save our democracy.

That’s why Donald Trump isn’t just a former president. He’s a defeated former president.

Now, you need to vote to save democracy again.",False,73821,
1562948265040945154,2022-08-25 23:41:19+00:00,"In Maryland to discuss what’s at stake in this election and how we will continue to deliver for the American people. Tune in now.
https://t.co/hhDR6fnS10",False,3254,
1562914214981029890,2022-08-25 21:26:01+00:00,"Yesterday, we put out a plan to bring relief to millions of working and middle-class people with student loans.

We’re keeping my campaign promise and forgiving up to $10,000 of federal student loan debt for individuals making less than $125,000 a year.",False,15215,
1562863634715357185,2022-08-25 18:05:01+00:00,"The Inflation Reduction Act is a loss for Big Pharma. 

This is a win for the American people—for you.",False,13551,
1562601957633560576,2022-08-25 00:45:13+00:00,"My plan to address student loan debt is responsible, fair, and focuses the benefit on middle-class and working families. https://t.co/IVp95AfuYW",False,9323,
1562586862510014464,2022-08-24 23:45:14+00:00,I will never apologize for helping working Americans and the middle-class. https://t.co/tZ9HTu744j,False,21942,
1562578252614361088,2022-08-24 23:11:01+00:00,"Today, we’re meeting my campaign commitment with targeted debt relief to folks from families who need it most. 

If you received a Pell Grant while in college and make less than $125,000 a year, you are eligible for up to $20,000 in debt reduction. https://t.co/1soacSBajg",False,9027,
1562463641806311426,2022-08-24 15:35:36+00:00,"RT @POTUS: In keeping with my campaign promise, my Administration is announcing a plan to give working and middle class families breathing…",False,0,
1562172072419278849,2022-08-23 20:17:00+00:00,"We'll no longer have a situation where 55 of the largest corporations in America pay zero in federal income taxes on $40 billion in profits thanks to the Inflation Reduction Act.

And no one making less than $400,000 per year will pay a penny more in federal taxes.",False,21802,
1562143637797994504,2022-08-23 18:24:01+00:00,"The Inflation Reduction Act caps insulin prices for Medicare recipients at $35 for a month's supply. 

It's a game changer.",False,23751,
1561844164282798085,2022-08-22 22:34:01+00:00,"In this historic moment, Democrats sided with the American people—and every single Republican in the Congress sided with the special interests. 
https://t.co/NblX0IhwKR",False,11617,
1561764137667026945,2022-08-22 17:16:01+00:00,"The Inflation Reduction Act will reduce the deficit without raising a penny in taxes on people making under $400,000 a year.",False,18170,
1561485800600125442,2022-08-21 22:50:00+00:00,"Today, there are more people working in America than before the pandemic began. In fact, there are more people working in America than at any point in American history.",False,25977,
1561443523131580416,2022-08-21 20:02:00+00:00,I remember sitting at my mom and dad’s dining room table and watching them choose which bills they were going to pay that month because there wasn’t enough money to pay all of them. That’s why I’m doing everything in my power to lower costs for families.,False,56332,
1561400742040088577,2022-08-21 17:12:00+00:00,"The Inflation Reduction Act caps out-of-pocket expenses for prescription drug prices at no more than $2,000 a year for Medicare recipients.",False,12864,
1561121650900455426,2022-08-20 22:43:00+00:00,"Let's be clear: At this historic moment, Democrats sided with the American people, and every single Republican in Congress sided with special interests.

https://t.co/ll2x4Nc7Kj",False,20988,
1561086670744817669,2022-08-20 20:24:00+00:00,"From the fundamental right to privacy to the benefits we depend on, like Social Security and Medicare—so much is at risk in this midterm election.

With 80 days until Election Day, check your voter registration: https://t.co/Hy8C4mIL2M",False,5189,
1561033320431075328,2022-08-20 16:52:00+00:00,The midterms will be here before we know it. Join me and @DrBiden in Maryland for a grassroots event to hear what's at stake in this election and how we will continue to deliver for the American people. RSVP today: https://t.co/vP1YSEVJE4,False,4314,
1560990110883127303,2022-08-20 14:00:18+00:00,"Two years ago, I accepted the Democratic Party’s nomination for president.

I'm incredibly grateful for the trust you have put in me and @KamalaHarris. Since then, we've made historic infrastructure investments, achieved record job growth, and began rebuilding our economy. https://t.co/Q1dKniGpLq",False,19449,
1560755998826156033,2022-08-19 22:30:02+00:00,"The Inflation Reduction Act is the biggest step forward on climate ever.  

It includes ensuring that we create clean energy opportunities in frontline and fenceline communities that have been smothered by legacy pollution and it will help fight environmental injustice.",False,9933,
1560700880156065795,2022-08-19 18:51:00+00:00,We're seeing a stronger labor market where jobs are booming and more Americans are working than ever in history. That's what happens when you build an economy from the bottom up and the middle out—it gives everyone a chance to get ahead.,False,13906,
1560673954225950721,2022-08-19 17:04:01+00:00,"We passed the Inflation Reduction Act while keeping my campaign commitment: No one earning less than $400,000 a year will pay a single penny more in federal taxes.",False,32903,
1560413988608933888,2022-08-18 23:51:00+00:00,"Every single Republican who voted against the Inflation Reduction Act voted against:

— Lower prescription drug prices
— Lower health care costs
— A fairer tax system
— Tackling the climate crisis
— Lowering energy costs
— Creating good-paying jobs",False,27130,
1560314345879470080,2022-08-18 17:15:03+00:00,"Democrats voted to cut the deficit to fight inflation by having the wealthy and big corporations pay their fair share. Every single Republican opposed requiring big corporations to pay a minimum tax of 15%, instead of some getting away with paying $0 in federal income taxes.",False,13816,
1560032726459236352,2022-08-17 22:36:00+00:00,"Thanks to the Inflation Reduction Act, we are giving Medicare the power to negotiate for lower prescription drug prices. 

Despite big drug companies spending millions to beat this law, we prevailed.",False,12013,
1559984662369505281,2022-08-17 19:25:01+00:00,The Inflation Reduction Act will take the most aggressive action ever to confront the climate crisis and strengthen our energy security.,False,16819,
1559938147215179776,2022-08-17 16:20:11+00:00,The Inflation Reduction Act is one of the most significant laws in our history. The American people won and the special interests lost. https://t.co/pXlnmnWNYU,False,11940,
1559631898619641857,2022-08-16 20:03:15+00:00,"The Inflation Reduction Act will help save money on prescription drugs, cut health care premiums, cut energy costs, take aggressive action on climate, and make large corporations pay their fair share in taxes.

We got it done. https://t.co/XjdkNkOpov",False,14782,
1559563157638610952,2022-08-16 15:30:06+00:00,"RT @POTUS: For millions, hearing aids and the doctor’s visit to get them are too expensive. That's why I called on the FDA to make them ava…",False,0,
1559543003152277507,2022-08-16 14:10:01+00:00,"Democrats sided with the American people with the Inflation Reduction Act, and the Republicans sided with special interests. 

That's the choice we face: Whether we protect the already powerful or have the courage to build a future where everybody has an even shot.",False,15676,
1559338652400074754,2022-08-16 00:38:00+00:00,"Thanks to the Inflation Reduction Act, America is going to take the most aggressive action we’ve ever taken in confronting the climate crisis and strengthening the energy security of America and the world.",False,25192,
1559291843757723649,2022-08-15 21:32:00+00:00,"With the final passage of the Inflation Reduction Act, the American people are going to see lower prescription drug prices, lower health care costs, and lower energy costs, and big corporations are finally going to start to pay their fair share.",False,17534,
1558498114515910656,2022-08-13 16:58:00+00:00,"RT @POTUS: With the passage of the Inflation Reduction Act, House Democrats chose to build a future where everybody has a shot, not just th…",False,0,
1558213528342913025,2022-08-12 22:07:10+00:00,"RT @POTUS: Today, the American people won. Special interests lost.

With the passage of the Inflation Reduction Act in the House, families…",False,0,
1557841286987751429,2022-08-11 21:28:00+00:00,"The PACT Act will mean new facilities, improved care, and retention of health care workers treating veterans. This new law matters.",False,13275,
1557784664571527168,2022-08-11 17:43:00+00:00,A key driver of our economic recovery is the resurgence of America's small businesses. We learned recently that small businesses with less than 50 employees created nearly 3 million jobs in 2021—the most ever in a single year.,False,9629,
1557744912875114497,2022-08-11 15:05:03+00:00,"I was proud then, and I'm even prouder to serve with you now, @KamalaHarris. https://t.co/Mhxm2pS4GE",False,11398,
1557728662015082498,2022-08-11 14:00:28+00:00,It's been two years since I announced @KamalaHarris as my running mate. She’s a fearless fighter and the best partner I could have for the work ahead. https://t.co/BZxx5Nd7EQ,False,61390,
1557487457641402377,2022-08-10 22:02:01+00:00,"Today, we're one step closer to fulfilling our sacred obligation with the PACT Act, the most significant law our nation has passed to help millions of veterans who are exposed to toxic substances during their military services.",False,11554,
1557464360934580224,2022-08-10 20:30:14+00:00,I will always fight for the care and benefits veterans have more than earned and deserve. https://t.co/bgpRc0hPfH,False,55768,
1557383032817975296,2022-08-10 15:07:04+00:00,"In just 90 days, voters must choose between ultra-MAGA Republicans who are attacking our freedoms, and Democrats who are fighting to defend them.

Make sure you're registered to vote: https://t.co/Hy8C4mIL2M",False,9861,
1557372450584788994,2022-08-10 14:25:01+00:00,RT @POTUS: The PACT Act is the most significant law in our nation’s history to help millions of veterans who were exposed to toxic substanc…,False,0,
1557140669600333826,2022-08-09 23:04:00+00:00,"One of the ways we’re giving working people a fighting chance is by making health care, prescriptions, energy, and so much more affordable and accessible through the Inflation Reduction Act.",False,13704,
1557106497825505280,2022-08-09 20:48:13+00:00,"Today, I signed the CHIPS and Science Act into law, a once-in-a-generation investment in America itself.

A law the American people can be proud of. https://t.co/sS5bGkNQkV",False,12679,
1557045548007542784,2022-08-09 16:46:01+00:00,"The Inflation Reduction Act caps seniors’ out of pocket spending for prescription drugs at $2,000 per year.",False,18201,
1556772997804982272,2022-08-08 22:43:00+00:00,"The Inflation Reduction Act makes the largest investment ever in combating climate change.

It addresses the climate crisis and strengthens our energy security, creating jobs manufacturing solar panels, wind turbines, and electric vehicles in America with American workers.",False,8065,
1556739543637917697,2022-08-08 20:30:04+00:00,"Let me be clear:

We're going to invest in America. 
We're going to make it in America. 
We're going to win the economic competition of the 21st century in America.",False,20111,
1556724932456972288,2022-08-08 19:32:01+00:00,"RT @POTUS: To the people of Kentucky: Jill and I want you to know that the country is with you.

We’re praying for the families of those wh…",False,0,
1556713105958240258,2022-08-08 18:45:01+00:00,"I ran for president promising to make government work for working families again, and that is what the Inflation Reduction Act does—period.",False,33829,
1556386287090819075,2022-08-07 21:06:21+00:00,"Today, Senate Democrats passed the Inflation Reduction Act, siding with American families over special interests, voting to lower the cost of prescription drugs, health insurance, and energy and reduce the deficit while making the wealthiest corporations pay their fair share.",False,33771,
1556058538899755008,2022-08-06 23:24:00+00:00,"The CHIPS Act will supercharge our efforts to make semiconductors here in America. It will make cars, appliances, and computers cheaper and lower the costs of everyday goods. And, it will create high-paying manufacturing jobs across the country.",False,18225,
1556004693746253824,2022-08-06 19:50:02+00:00,"The PACT Act is the biggest expansion of VA health care in decades, and the largest single bill ever to comprehensively address exposure to burn pits.

I look forward to signing this bill, so veterans and their families get the benefits and health care they earned and deserve.",False,10626,
1555951584856662016,2022-08-06 16:19:00+00:00,"The voters of Kansas sent a powerful signal that this fall, the American people will vote to preserve and protect their rights and refuse to let them be ripped away by politicians. 

We have your back.",False,18409,
1555685582206124032,2022-08-05 22:42:00+00:00,"This week, I signed an executive order to make sure health care providers comply with federal law, so women don't face delays or denials of medically necessary care. 

It builds on the first one I signed last month that will also help safeguard access to health care.",False,12349,
1555629772629213190,2022-08-05 19:00:14+00:00,"We’ve taken another step toward reducing inflation and costs for America’s families. 

The Inflation Reduction Act would help save money on prescription drugs, health premiums, and much more. It will not raise taxes on those making less than $400,000.",False,9573,
1555576887694561280,2022-08-05 15:30:05+00:00,"The unemployment rate now matches the lowest it’s been in more than 50 years: 3.5%. 

More people are working than at any point in American history, and it’s the result of my economic plan to build the economy from the bottom up and middle out.",False,27478,
1555342858114269189,2022-08-05 00:00:08+00:00,More than 35 million Americans are enrolled in Affordable Care Act related coverage—the highest on record.,False,21026,
1555303061186379776,2022-08-04 21:22:00+00:00,"Voters in Kansas rejected extreme efforts to amend the state constitution to take away a woman’s right to choose. 

This vote makes clear what we know: The majority of Americans agree that women should have access to abortion and the right to make their own health care decisions.",False,12690,
1554642279838670848,2022-08-03 01:36:18+00:00,"The bipartisan PACT Act is the biggest expansion of benefits for service-connected health issues in 30 years. Millions of veterans who may have been exposed to harmful toxins will have quicker access to health care services and benefits. 

I look forward to signing this bill.",False,21024,
1554638367861755905,2022-08-03 01:20:45+00:00,"RT @POTUS: Congress has passed the PACT Act, a critical step towards fulfilling our sacred obligation to care for our veterans and their fa…",False,0,
1554568228550180869,2022-08-02 20:42:02+00:00,"126 economists wrote that the Inflation Reduction Act would lower costs for families, set the stage for strong economic growth, and tackle the climate crisis. 

Send it to my desk. https://t.co/nZpIpBFgj7",False,11535,
1554250434403090434,2022-08-01 23:39:14+00:00,RT @POTUS: I’m addressing the nation on a successful counterterrorism operation. https://t.co/SgTVaszA3s,False,0,
1553510421709086722,2022-07-30 22:38:42+00:00,"RT @POTUS: Folks, today I tested positive for COVID again. 
 
This happens with a small minority of folks. 
 
I’ve got no symptoms but I am…",False,0,
1553433797802315778,2022-07-30 17:34:13+00:00,"RT @POTUS: Fifty-seven years ago, Medicare became law. And for 57 years, Republicans on the Hill have fought it. Including Senator Scott wh…",False,0,
1553426194326077440,2022-07-30 17:04:00+00:00,"While COVID is still with us, our fight against this virus is making a difference. We can now protect ourselves from serious illness due to COVID, and COVID deaths are down nearly 90%.",False,15898,
1553120735018745857,2022-07-29 20:50:13+00:00,"These COVID tools are free, convenient, safe, and they work. https://t.co/Y63EqER9b5",False,6765,
1553066076509970432,2022-07-29 17:13:01+00:00,"Let me be clear:

The Inflation Reduction Act would be the most significant legislation in history to tackle the climate crisis and improve our energy security right away. 

Let's pass it for the American people.",False,19029,
1553025076097957890,2022-07-29 14:30:06+00:00,"By making more semiconductors in the United States, the CHIPS and Science Act will increase domestic manufacturing and lower costs for families.

I look forward to signing this bill into law and continuing to grow our economy for working families across the country.",False,13422,
1552804598519398401,2022-07-28 23:54:00+00:00,"The Inflation Reduction Act would lower health care costs for millions of Americans, and it would be the most important investment we've made in energy security and creating clean energy solutions for the future.

It's a big deal.",False,21186,
1552760922732695552,2022-07-28 21:00:27+00:00,"My message to Congress is this:

The Inflation Reduction Act is the strongest bill you can pass. It will lower inflation, cut the deficit, reduce health care costs, tackle the climate crisis, and promote energy security. https://t.co/YtF1h7G7R5",False,9755,
1552062206761746433,2022-07-26 22:44:00+00:00,Brave women and men in uniform across America should never forget that the defeated former president of the United States watched January 6 happen and didn’t have the spine to act.,False,70717,
1551993265473323010,2022-07-26 18:10:03+00:00,"You can’t be pro-insurrection and pro-cop. 
You can’t be pro-insurrection and pro-democracy. 
You can’t be pro-insurrection and pro-American.
https://t.co/DCHprpK9Sx",False,44841,
1551279297851269122,2022-07-24 18:53:00+00:00,"I grew up in a family where if the price of gas went up, we felt it.

Gas prices have dropped since mid-June and should continue to come down in the days and weeks ahead. I know those extra dollars and cents mean something.",False,29840,
1550966738019287041,2022-07-23 22:11:00+00:00,"With oil prices coming down 20% from June highs, it's unacceptable that prices at the pump have only come down by half as much.

It's time for oil and gas companies to pass these lower costs on to Americans.",False,35168,
1550896273250832385,2022-07-23 17:31:00+00:00,"Americans have seen gas prices drop by about 60 cents a gallon in the last month, saving the average driver about $30/month.

An extra 60 cents a gallon back in your pocket is meaningful. It's breathing room. 

And we're not done working to lower costs for families.",False,21292,
1550154110279753728,2022-07-21 16:21:55+00:00,"RT @POTUS: Folks, I'm doing great. Thanks for your concern. Just called Senator Casey, Congressman Cartwright, and Mayor Cognetti (and my S…",False,0,
1547993400653123585,2022-07-15 17:16:01+00:00,"The price of oil is down about 20% since mid-June, but the price of gas has so far only fallen half as much. 

Oil and gas companies must not use this moment as an excuse for profiting by not passing along savings at the pump.",False,31318,
1547551959686725634,2022-07-14 12:01:53+00:00,"The Supreme Court’s decision on Dobbs was received by Republicans in Congress as a green light to go further and try to ban abortion nationwide. 

The choice is clear: We must elect Democrats in November. https://t.co/Gl7b3KIAZy",False,6920,
1547269203987763200,2022-07-13 17:18:19+00:00,"Make no mistake: The Bipartisan Safer Communities Act is real progress, but more has to be done. https://t.co/lpKTdsTM33",False,6651,
1546923404586000384,2022-07-12 18:24:14+00:00,"There can be no greater responsibility than to do all we can to ensure the safety of our families, our children, and our fellow Americans. https://t.co/HsT6qFNDwu",False,7647,
1546872262661382147,2022-07-12 15:01:01+00:00,"RT @POTUS: My team and I have been monitoring the BA.5 variant of COVID-19 for months. We're prepared, and we know how to manage this momen…",False,0,
1546658176627625986,2022-07-12 00:50:19+00:00,"Make no mistake: The Bipartisan Safer Communities Act is real progress, but more has to be done. https://t.co/7cVhPoTCG1",False,5707,
1546653067290021888,2022-07-12 00:30:01+00:00,"The Bipartisan Safer Communities Act closes the ""boyfriend loophole,"" so if you are convicted of assault against a dating partner, you cannot buy a gun.

​​If we keep guns out of the hands of domestic abusers, we can save the lives of their partners and stop more mass shootings.",False,14208,
1546639792015904774,2022-07-11 23:37:16+00:00,"The action we take today on gun violence is a step designed to make our nation the kind of nation it should be.
 
It's about the most fundamental things: the lives of our children and our loved ones. https://t.co/GRL2KhBDcA",False,5089,
1546539063829839872,2022-07-11 16:57:00+00:00,"Republicans voted against protecting retirement and pensions, but had no problem passing a $2T tax cut that benefited the wealthiest Americans. They choose to make life more comfortable for the ultra-rich while opposing retirement security for working people.",False,32537,
1546260478564962306,2022-07-10 22:30:00+00:00,"Republicans are doing nothing but obstructing our efforts to crack down on gas-price gouging, lower food prices, lower healthcare costs, and hopefully, soon, lower your prescription drug costs. 

This is not right. And that’s why this election is going to be so darn important.",False,38258,
1546176483693133824,2022-07-10 16:56:14+00:00,"Last week, I had the honor of recognizing an extraordinary group of Americans with the Presidential Medal of Freedom—our nation's highest civilian award. 

These individuals are all working to ensure the idea of America shines like the sun to light up the future of the world. https://t.co/K0CpmUtKYs",False,6597,
1546161324442402816,2022-07-10 15:56:00+00:00,"We’ve seen the risk millions of workers face as they watch their pensions turn into broken promises. Now that we are implementing the Special Financial Assistance program, millions of workers will have the retirement they earned.

Zero Republicans voted for this legislation.",False,15736,
1545821338790764545,2022-07-09 17:25:01+00:00,"This week, I was proud to award the Medal of Honor to four soldiers who performed acts of incredible heroism during the Vietnam War. 

They stood in the way of danger and risked everything to defend our nation, and they are finally getting the recognition they deserve. https://t.co/g0H0T9BEnT",False,10832,
1545808322384764928,2022-07-09 16:33:18+00:00,This is why elections matter. https://t.co/KW3nENBtgr,False,14384,
1545771851355459584,2022-07-09 14:08:23+00:00,"The Court and its allies are committed to moving America backwards with fewer rights, less autonomy, and politicians invading the most personal decisions. https://t.co/j4B29jRnpo",False,8190,
1545571492120895489,2022-07-09 00:52:13+00:00,"Extreme Republicans have not only fought to take away our rights, but they are determined to go as far as they can. https://t.co/oP1YbNZMaO",False,8599,
1545554152176091141,2022-07-08 23:43:19+00:00,"The fastest way to restore Roe is to pass a national law codifying Roe, which I will sign immediately upon its passage.

We need two additional pro-choice senators and a pro-choice House to codify Roe as federal law. Your vote can make that a reality. https://t.co/qrNBCzbhDg",False,11997,
1545543268695416832,2022-07-08 23:00:04+00:00,"Today, I signed an executive order to protect the reproductive rights of women in the aftermath of the Supreme Court's extreme decision to overturn Roe v. Wade.

It formalizes the actions I announced right after the decision and will add new measures to protect women's health. https://t.co/EujXCMAwFR",False,26951,
1545509530439745539,2022-07-08 20:46:00+00:00,"We have more Americans working in the private sector today than any day during the former president's time in office. 

In the second quarter of this year, we created more jobs than in any quarter under any of my predecessors in the nearly 40 years before the pandemic.",False,10249,
1545483861173215232,2022-07-08 19:04:00+00:00,"Today we learned that our private sector has recovered all of the jobs lost during the pandemic, and added more.

There’s more work to do, but this recovery would not have been possible without the actions we took to fix a broken COVID response and pass the American Rescue Plan.",False,14668,
1545458448078454785,2022-07-08 17:23:01+00:00,"This week, I joined union workers and retirees in Cleveland to announce the implementation of the Special Financial Assistance program, which will protect millions of workers who faced significant cuts to their retirement before the passage of the American Rescue Plan. https://t.co/Q9vt34BFSH",False,4213,
1545444797598511106,2022-07-08 16:28:47+00:00,"RT @POTUS: This Court has made it clear it will not protect the rights of women.

I will. That’s why today I'm signing an Executive Order t…",False,0,
1545404861558280193,2022-07-08 13:50:05+00:00,"RT @POTUS: I am stunned, outraged, and deeply saddened by the news that my friend Abe Shinzo, former Prime Minister of Japan, was shot and…",False,0,
1545163248340713472,2022-07-07 21:50:00+00:00,"If states try to block a woman from getting medication the FDA has already approved and that has been available for more than twenty years, we will act to protect that woman’s right to that medication.",False,46040,
1545101340522807296,2022-07-07 17:44:00+00:00,"If extremist governors try to block a woman from traveling from a state that prohibits her from seeking the medical help she needs to a state that provides that care, we will act to protect her bedrock rights.",False,42339,
1544826029616898048,2022-07-06 23:30:01+00:00,"Congress must act to codify Roe and the filibuster should not stand in the way. 

But right now, we don’t have the votes to change the filibuster. That means we need to elect more Democratic senators and reelect our House majority in November to get this bill to my desk.",False,40569,
1544416578321743872,2022-07-05 20:23:00+00:00,"This fall, Roe is on the ballot. Personal freedoms are on the ballot.  

Until then, we will do everything within our power to ensure that women have access to the medication they need and that they will have the freedom to travel to seek the care they need.",False,33925,
1544103239330807809,2022-07-04 23:37:54+00:00,RT @POTUS: Jill and I are shocked by the senseless gun violence that has yet again brought grief to an American community this Independence…,False,0,
1543965370368901122,2022-07-04 14:30:04+00:00,"While we celebrate the Fourth of July, I am thinking of the countless service members who have pledged their lives to defend our nation and democracy around the world. 

We are forever in debt to those who sacrifice so much to keep us safe.",False,18889,
1543370937512464385,2022-07-02 23:08:00+00:00,"We will protect a woman’s access to medications approved by the FDA, like contraception, which is essential for preventative health care, and have taken steps to ensure that these critical medications are available to the fullest extent possible.",False,27735,
1542920414577434627,2022-07-01 17:17:47+00:00,RT @POTUS: Tune in as I convene a virtual meeting with Governors to discuss efforts to protect access to reproductive health care. https://…,False,0,
1542896060787482626,2022-07-01 15:41:01+00:00,"Bipartisan members of Congress came together to heed the call of families across the country and passed the Bipartisan Safer Communities Act to address the scourge of gun violence in our communities.

Kids in schools and communities will be safer because of it.",False,8212,
1542647170192625664,2022-06-30 23:12:01+00:00,"The Supreme Court’s ruling in West Virginia vs. EPA risks damaging our nation’s ability to keep our air clean and combat climate change.

We cannot ignore the existential threat the climate crisis poses. Our fight against climate change must carry forward, and it will.",False,23844,
1542537210989355010,2022-06-30 15:55:04+00:00,"We have to codify Roe vs. Wade into law. 

If the filibuster gets in the way, we should provide an exception to the filibuster to deal with the Supreme Court decision.",False,68255,
1542275218407936006,2022-06-29 22:34:00+00:00,"COVID-19 vaccinations are available for children under five years of age. More and more locations are ramping up appointments, and more vaccines are being delivered to providers in your areas every day. 

This is a monumental step forward.",False,9052,
1542175058927435777,2022-06-29 15:56:00+00:00,"My message to all LGBTQ+ youth: 

Be you. 

You are loved. 
You are heard. 
You are understood. 
You belong. 

And we have your back.",False,140794,
1541895969867980800,2022-06-28 21:27:00+00:00,"RT @POTUS: Yesterday's loss of life in San Antonio is horrifying – my prayers are with those who lost their lives, their loved ones, and th…",False,0,
1541076888495394817,2022-06-26 15:12:16+00:00,This is an extreme and dangerous path the Court is now taking us on. https://t.co/qqCG5tGGkl,False,15320,
1540822715988336640,2022-06-25 22:22:17+00:00,"With your vote, you can act. You can have the final word. This is not over. https://t.co/oFNyakELLz",False,15570,
1540790695665057797,2022-06-25 20:15:03+00:00,"I'd like to thank members of the House and Senate for working to get the Bipartisan Safer Communities Act done, and the families I've met with who lost loved ones to gun violence. 

They led the way so other families won't have to experience the pain they had to live through.",False,8761,
1540760493987491845,2022-06-25 18:15:02+00:00,"This morning, I signed the Bipartisan Safer Communities Act into law—the most significant gun safety law in the last 30 years. The bill:

—Includes red-flag laws
—Closes the “boyfriend loophole”
—Requires young people ages 18 to 21 to undergo enhanced background checks

And more.",False,21948,
1540742620384821249,2022-06-25 17:04:00+00:00,"I’ve warned about how overturning Roe risks a broader right to privacy for everyone.

The right to make the best decisions for your health. 
The right to marry the person you love.

With your vote, you can act. You can have the final word. This is not over.",False,46700,
1540711894545219585,2022-06-25 15:01:55+00:00,This decision is a culmination of deliberate efforts over decades to upset the balance of our law. https://t.co/ginEwqrTn4,False,8128,
1540497557826465792,2022-06-25 00:50:13+00:00,We need to restore the protections of Roe as law of the land. We need to elect officials who will do that. https://t.co/fnDEKiWnzI,False,15622,
1540468564402094080,2022-06-24 22:55:00+00:00,"It's a sad day for the country. 

Nearly 50 years ago, Roe vs. Wade was decided. Today, the Supreme Court of the United States expressly took away a constitutional right from the American people. 

Personal freedoms are on the ballot this fall.",False,67021,
1540385547008499712,2022-06-24 17:25:08+00:00,"RT @POTUS: Today is a very solemn moment for the United States.

The Supreme Court expressly took away a Constitutional right from the Amer…",False,0,
1540379614517903360,2022-06-24 17:01:33+00:00,"This fall, we must elect more senators and representatives who will codify a woman’s right to choose into federal law. We need to elect more state leaders to protect this right at the local level. We need to restore the protections of Roe as law of the land.",False,102825,
1540113725906100225,2022-06-23 23:25:00+00:00,"50 years ago today, Title IX transformed our nation, benefitting millions of women and girls.

As we look ahead, I am committed to protecting this progress and working to achieve full equality, inclusion, and dignity for all Americans.",False,11989,
1540075228042346496,2022-06-23 20:52:02+00:00,"I'm deeply disappointed by the Supreme Court’s ruling in New York State Rifle &amp; Pistol Association v. Bruen. This ruling contradicts common sense and the Constitution, and should deeply trouble us all. 
 
I remain committed to doing everything in my power to reduce gun violence.",False,57206,
1540047115002564608,2022-06-23 19:00:19+00:00,"With vaccines, treatments, and other tools widely available, more than 220 million Americans are vaccinated, more than 100 million Americans have their booster shot, and daily deaths due to COVID-19 are down 90%.

We've come a long way in our fight against COVID-19.",False,6970,
1539758130313056257,2022-06-22 23:52:00+00:00,"Since I took office, we've been committed to making sure every parent has the opportunity to protect their children from COVID-19. 

Starting this week, you can go to https://t.co/EwdQ2dXioe and find information and appointments near you. https://t.co/RRO6auk1j7",False,5486,
1539711828045037568,2022-06-22 20:48:00+00:00,"We're taking additional steps to increase pay for our nation's federal firefighters. 

These actions will temporarily put back pay into firefighters' pockets, increasing their bi-weekly checks by up to 50% of their annual base salary for two years.",False,8450,
1539641375414751232,2022-06-22 16:08:03+00:00,"The United States is now the first country in the world to offer safe and effective COVID-19 vaccines for children as young as six months old.

For the first time in our fight against this pandemic, nearly every American can now have access to life-saving vaccines.",False,11793,
1539348182345338882,2022-06-21 20:43:01+00:00,"The Ocean Shipping Reform Act will help lower shipping costs and bring down prices on products that American families need and ensure that American farmers, ranchers, and other exporters are treated fairly.",False,11252,
1539259816916418567,2022-06-21 14:51:53+00:00,"RT @POTUS: Fifteen states are now at their lowest unemployment rates on record, and last month, the unemployment rate broke new records in…",False,0,
1539022538457726979,2022-06-20 23:09:01+00:00,"The ultra-MAGA agenda is attacking families and our freedom.

300 discriminatory anti-LGTBQ+ bills have been introduced in states. In Texas, they’re knocking on doors to investigate parents raising trans kids.

These attacks are real and consequential for families.",False,28542,
1538930936976494593,2022-06-20 17:05:01+00:00,"During the pandemic, nine major shipping companies increased their prices by as much as 1,000%, earning $190B in profit.

The Ocean Shipping Reform Act I signed into law will crack down on these ocean carriers and help bring down prices for American families and businesses.",False,20545,
1538611007689474052,2022-06-19 19:53:44+00:00,"RT @POTUS: My father taught me that there is no higher calling than being a good parent — and that family is the beginning, middle, and end…",False,0,
1538525422551552000,2022-06-19 14:13:39+00:00,RT @POTUS: The emancipation of enslaved Black Americans was not the end of our nation's work to deliver on the promise of equality — it was…,False,0,
1538320660069507074,2022-06-19 00:40:00+00:00,"Ask yourself:

How well are you going to sleep at night knowing that every five years ultra-MAGA Republicans are going to vote on whether you’ll have Social Security, Medicare, and Medicaid?
https://t.co/ztt2wHno46",False,17098,
1538270665056391168,2022-06-18 21:21:20+00:00,"RT @POTUS: Good news, folks: Vaccines for kids under 5 have now been authorized by the FDA and recommended by the CDC.
 
For the first time…",False,0,
1538194386021908483,2022-06-18 16:18:14+00:00,"This week, I signed an executive order that directs key federal agencies to protect LGBTQ+ communities from hateful attacks, use the full force of the federal government to prevent inhumane practices of conversion therapy, and advance equality for families. https://t.co/CibWfJmP5p",False,14123,
1537936630706626566,2022-06-17 23:14:00+00:00,"Republican Senator Rick Scott’s plan could put Social Security, Medicare, and Medicaid on the chopping block every 5 years.
https://t.co/YocbV3ARIV",False,7123,
1537918075978145795,2022-06-17 22:00:17+00:00,"In May, the economy ​​added 390,000 jobs, bringing the total to 8.7 million jobs created since I took office—an all-time record.",False,24929,
1537907191050514434,2022-06-17 21:17:01+00:00,RT @POTUS: Today marks seven years since the white supremacist massacre at Mother Emanuel AME Church in South Carolina. We also mourn the l…,False,0,
1537793941067780097,2022-06-17 13:47:01+00:00,"All I’m asking is for the largest corporations and the wealthiest Americans to begin to pay their fair share in taxes. 

I made this commitment from the beginning. Nothing’s changed. 

No one making less than $400,000 will pay a single penny more in federal taxes.",False,28288,
1537597695350784003,2022-06-17 00:47:12+00:00,"We've come a long way in a short time.

Before we were sworn in, so many Americans lost their jobs that my predecessor became the second president in history to leave office with fewer jobs than when he took office. https://t.co/ODjyCY3ktO",False,5974,
1537574997820055552,2022-06-16 23:17:00+00:00,"I continue to call on Congress to pass the PRO Act, which will make it easier for workers to organize. 

I’m not just saying that to be pro-union. I’m saying that because I’m pro-American.",False,11060,
1537553104228556800,2022-06-16 21:50:01+00:00,"When I ran for office, I said I wanted to rebuild the backbone of the economy: the middle class.

Because everybody does better when everybody is in on the deal.",False,24200,
1537481954077331456,2022-06-16 17:07:17+00:00,"Under my predecessor, the deficit rose every single year he was in office.

Under my plan, we’re on track to cut the deficit by $1.7 trillion this year—the largest decline in American history. https://t.co/QGmjNPOklQ",False,8989,
1537206067637141509,2022-06-15 22:51:01+00:00,"When I took office, the economy had stalled and COVID was out of control. Since then, we’ve achieved the most robust recovery in modern history. 

Because of that foundation, we’re better positioned to overcome global inflation and reach a new chapter of stable and steady growth.",False,18723,
1537150703633850371,2022-06-15 19:11:01+00:00,"When I hear “climate,” I think jobs. 

Good-paying, high-quality jobs that will help speed our transition to a green economy of the future and unleash sustainable growth.",False,17793,
1537104911573319680,2022-06-15 16:09:03+00:00,"Unions built the middle class. When you’ve got a union, workers’ voices are heard and heeded. They provide democracy in the workplace and allow people to have dignity and respect in their work.",False,13367,
1537060853161263106,2022-06-15 13:13:59+00:00,"RT @POTUS: Ten years ago today, I stood by President Obama as we carried out one of our proudest accomplishments. On this 10th DACA Anniver…",False,0,
1536845973548408833,2022-06-14 23:00:07+00:00,"When we invest in strengthening workers and the middle class, the poor have a ladder up, and those at the top still do just fine. 

That’s how we can increase opportunity and decrease persistent inequity.",False,13485,
1536800779411013635,2022-06-14 20:00:32+00:00,"RT @POTUS: The fact is we’ve got about 790 or so billionaires in America.
 
You know what their average tax rate is? About 8%.
 
I believe…",False,0,
1536796282697748480,2022-06-14 19:42:40+00:00,RT @POTUS: Ask yourself: How well are you going to sleep at night knowing that every five years Ted Cruz and other Congressional Republican…,False,0,
1536463422962925569,2022-06-13 21:40:00+00:00,"One of my favorite parts of the job is when I get to meet our incredible supporters across the country. My team and I are hosting a sweepstakes to join me at one of our events.

Chip in today to be automatically entered to win and see rules at: https://t.co/0q2LXX4IzP",False,6133,
1535312590074699777,2022-06-10 17:27:00+00:00,"Less than 1% of the population risks everything to defend our nation, our values, and everything we hold dear.

Veterans are the backbone of who we are as a country.",False,18117,
1535003851211825153,2022-06-09 21:00:11+00:00,"This week, I signed nine different bills with overwhelming bipartisan support to improve care for our veterans and honor their service and sacrifice. 

We must equip those that we send into harm's way and care for them and their families when they come home.",False,12752,
1534705086571720704,2022-06-09 01:13:00+00:00,"Republicans talked about it, but we oversaw a deficit reduction of $350 billion last year—and we're on target to reduce the deficit by the end of the fiscal year by $1.7 trillion.",False,30665,
1534649975178764290,2022-06-08 21:34:01+00:00,"It costs drug companies $10 to develop a vial of insulin, but some families can pay as high as $1,000 a month for this lifesaving drug.

That’s flat-out wrong—and it’s why I’m fighting to cap the cost of insulin at $35/month.",False,36461,
1534571959652171776,2022-06-08 16:24:00+00:00,"While my economic agenda has put us in a better fiscal position—strengthening Social Security and Medicare—congressional Republicans have put forward a different approach.

Led by NRSC Chair Rick Scott, their plan would put these programs on the chopping block every five years.",False,7867,
1534304195888701444,2022-06-07 22:40:00+00:00,"We cannot fail the American people again.
https://t.co/Zm5dX7G225",False,11012,
1534237008779956224,2022-06-07 18:13:02+00:00,"In 1994, Congress passed a bipartisan assault weapons ban. Nine categories of semi-automatic weapons were included, like AK-47s and AR-15s. 

In the 10 years it was law, mass shootings went down. After Republicans let the law expire in 2004, mass shootings tripled.",False,24203,
1534199772550246404,2022-06-07 15:45:04+00:00,"Here's what the overwhelming majority of American people believe we must do.
https://t.co/u4MJuv6tCd",False,7341,
1533965210783993857,2022-06-07 00:13:00+00:00,"Over the last two decades, more school-aged children have died from guns than on-duty police officers and active-duty military combined. Think about that. 

How much more carnage are we willing to accept? How many more innocent lives must be taken before we say enough?",False,30649,
1533944071827374082,2022-06-06 22:49:00+00:00,"Thanks to the Bipartisan Infrastructure Law, we're making critical investments in our climate and physical infrastructure to help increase our nation's climate resilience—from beginning to replace pipes to expanding our clean energy technologies.",False,9062,
1533856347774664704,2022-06-06 17:00:25+00:00,"In Buffalo and Uvalde, I spent hours with family members whose lives will never be the same. They had one message for all of us: 

Do something.

It's time for Congress to pass universal background checks and ban assault weapons and high-capacity magazines.",False,27059,
1533457806807932928,2022-06-05 14:36:46+00:00,"RT @POTUS: In Texas, you can be 18-years-old and buy an assault weapon – even though you can’t buy a pistol until you’re 21.

If we can’t b…",False,0,
1533252276294410242,2022-06-05 01:00:03+00:00,"I grew up in a family where it mattered when the price of gas or groceries rose—that’s why fighting inflation is my top economic priority. 

By reducing health care costs, fixing supply chains, and making housing more affordable, we’re creating an economy that works for everyone.",False,29766,
1533216527692046342,2022-06-04 22:38:00+00:00,"In less than a year and a half, we’ve achieved the strongest job market in decades and the fastest decline in unemployment on record. 

Fighting inflation is a top priority, but Americans can have confidence that our economy faces this challenge from a position of strength.",False,17690,
1533196381212618752,2022-06-04 21:17:57+00:00,"RT @POTUS: It was great to meet with you this week at the White House, @bts_bighit. The rise in anti-Asian hate crimes requires all of us t…",False,0,
1533121150498353153,2022-06-04 16:19:00+00:00,"I understand how difficult this formula shortage has been for families across the country. 

That's why we're using every tool available to increase supply, get more baby formula on shelves, work with manufacturers to reopen factories, and ramp up production quickly.",False,11098,
1532856657008541697,2022-06-03 22:48:00+00:00,"I'm proud to say that because of Operation Fly Formula, high-quality formula is on the way to American shelves. 

We've already conducted two flights with 1.5 million 8-ounce bottles of hypoallergenic formulas for children with severe allergies.",False,15872,
1532509833584332800,2022-06-02 23:49:51+00:00,"RT @POTUS: Over the last two decades, more school-age children have died from guns than on-duty police officers and active duty military co…",False,0,
1532508214276784129,2022-06-02 23:43:25+00:00,"RT @POTUS: We should reinstate the ban on assault weapons and high-capacity magazines that we passed in 1994.

In the ten years it was law,…",False,0,
1532507905152385031,2022-06-02 23:42:11+00:00,"RT @POTUS: We need to:

Ban assault weapons — and if we can’t, then we should raise the age to purchase them from 18 to 21.

Ban high-capac…",False,0,
1532507626981949448,2022-06-02 23:41:05+00:00,"RT @POTUS: This isn’t about taking away anyone’s rights.

It’s about protecting children. It’s about protecting families. It’s about protec…",False,0,
1532505394534301696,2022-06-02 23:32:13+00:00,"RT @POTUS: Tonight, I’m addressing the nation on the recent tragic mass shootings, and the need for Congress to pass commonsense laws to co…",False,0,
1532418019447783425,2022-06-02 17:45:01+00:00,"We’ve added 545,000 manufacturing jobs since I took office—and more manufacturing jobs were created in 2021 than in any year in nearly 30 years.

This is no accident. It is a direct result of my economic plan to grow the economy from the bottom up and middle out.",False,14130,
1532126093293010945,2022-06-01 22:25:00+00:00,"Pride is about courage and justice.

Since my first day in office, I've signed a comprehensive executive order to protect LGBTQ+ rights, reinforced federal protections for transgender kids, and launched a whole-of-government initiative to advance equity in LGBTQ+ communities.",False,15645,
1532051920411668480,2022-06-01 17:30:16+00:00,"I want every member of the LGBTQ+ community to know you are loved just as you are. 

During Pride Month, we celebrate the contributions of the LGBTQ+ community and will continue fighting for every person to be treated with the dignity they deserve. https://t.co/HkJ7xaIDu5",False,8627,
1531993545598550017,2022-06-01 13:38:18+00:00,"RT @POTUS: During Pride Month, we honor the resilience of LGBTQI+ people who are fighting to live authentically and freely. We reaffirm tha…",False,0,
1531394300814172161,2022-05-30 21:57:07+00:00,"RT @POTUS: Our memorial to fallen heroes must not be just a day when we pause and pray.
 
It must be a daily commitment to act. To come tog…",False,0,
1531319805529280512,2022-05-30 17:01:06+00:00,RT @POTUS: Join us as we honor our fallen heroes at the 154th National Memorial Day Observance. https://t.co/tw700jSFFE,False,0,
1531275783444041730,2022-05-30 14:06:11+00:00,"RT @POTUS: On Memorial Day, we remember the patriots who gave their lives in the service of America, in the service of freedom, and in the…",False,0,
1529932270483685377,2022-05-26 21:07:32+00:00,"RT @POTUS: On Sunday, Jill and I are traveling to Uvalde, Texas to grieve with the community that lost 21 lives in the horrific elementary…",False,0,
1529576544183664640,2022-05-25 21:34:00+00:00,"These kinds of mass shootings rarely happen anywhere else in the world.

Why are we willing to live with this carnage? Where in God's name is our backbone to have the courage to stand up to the gun lobby? 

It is time to turn this pain into action.",False,62937,
1529569555366006785,2022-05-25 21:06:14+00:00,"RT @POTUS: I just signed an Executive Order that delivers the most significant police reform in decades. It will increase accountability, b…",False,0,
1529556603728535552,2022-05-25 20:14:46+00:00,"RT @POTUS: Tune in as I sign a historic Executive Order to advance effective, accountable policing and strengthen public safety. https://t.…",False,0,
1529494506172780545,2022-05-25 16:08:01+00:00,"It’s time for those who obstruct or delay, or block the common-sense gun laws, we need to let you know that we will not forget.

We can do so much more. We have to do more.",False,36153,
1529299393119244290,2022-05-25 03:12:42+00:00,"To lose a child is to have a piece of your soul ripped away. It is never quite the same.
 
And it’s the feeling shared by the siblings, grandparents, families, and communities left behind.
 
I ask the nation to pray for them, to give them strength in the darkness they feel.",False,48799,
1529265949622386688,2022-05-25 00:59:49+00:00,"RT @POTUS: These kinds of mass shootings rarely happen elsewhere in the world.

Why are we willing to live with this carnage? Why do we kee…",False,0,
1529261744970924032,2022-05-25 00:43:06+00:00,"RT @POTUS: I’m addressing the nation on the horrific elementary school shooting in Uvalde, Texas. https://t.co/8WI1nWHu6R",False,0,
1528835913970855936,2022-05-23 20:31:00+00:00,"The Ultra-MAGA Republicans’ proposal puts Social Security, Medicare, and Medicaid on the chopping block every five years.",False,33427,
1528778790461112322,2022-05-23 16:44:01+00:00,"I proposed a minimum tax for corporations that asks them to pay their fair share in taxes. 

Senator Scott’s plan lets them off scot-free.",False,26066,
1528517816579670016,2022-05-22 23:27:00+00:00,Republicans don't want to solve inflation by lowering costs. They want to solve it by raising taxes and lowering your income.,False,51677,
1528503975242260481,2022-05-22 22:32:00+00:00,"Under my predecessor, the deficit increased every single year he was president.  

Last year, the deficit was reduced by $350B. And this year, we're on track to cut the federal deficit by $1.5T—the biggest decline in debt ever in American history.",False,42112,
1528485856264192003,2022-05-22 21:20:00+00:00,"Right now, the average billionaire—there are about 790 of them or so in America—has an average federal tax rate of 8%. 

No billionaire should be paying a lower tax rate than a teacher, a firefighter, an electrician, or a police officer.",False,83998,
1528436028821884929,2022-05-22 18:02:00+00:00,"Rebuilding America with union labor is smart for business.  

Why? When union workers are on the job, projects are completed efficiently and professionally, and they ultimately save money.",False,11373,
1528400544162844673,2022-05-22 15:41:00+00:00,"Unions allow workers to maintain their dignity. 

It's a lot more than just paychecks and benefits, it's about the dignity of workers.",False,22012,
1527386125249040395,2022-05-19 20:30:04+00:00,"We're working to make sure safe baby formula gets to all who need it by:

- Invoking the Defense Production Act to increase domestic production 
- Launching Operation Fly Formula to use federal planes to fly formula in from abroad",False,12477,
1527362957780234270,2022-05-19 18:58:00+00:00,"We cannot remain silent.
https://t.co/NsZFMjgbam",False,8474,
1527345343125344261,2022-05-19 17:48:01+00:00,"In America, evil will not win, I promise you. Hate will not prevail. And white supremacy will not have the last word.",False,69887,
1527066508974858242,2022-05-18 23:20:01+00:00,"Three years ago, I kicked off my campaign for president in Philadelphia. Since then, we've gotten to work making historic infrastructure investments, creating record job growth, and rebuilding our economy.

There's more work ahead of us, but we’re building a better America. https://t.co/lnJkwd84KY",False,10387,
1526963343109541888,2022-05-18 16:30:05+00:00,"We’ve reduced the deficit by $350 billion, and we’re on track to reduce the deficit by $1.5 trillion this fiscal year.

There’s more work to do, but this has never happened before in American history.",False,25914,
1526735610198863872,2022-05-18 01:25:09+00:00,Electing @JohnFetterman to the United States Senate would be a big step forward for Pennsylvania’s working people. https://t.co/k5HguGZSTb,False,30302,
1526721984180146176,2022-05-18 00:31:00+00:00,"A plan by Republican Senator Rick Scott would increase taxes on 70% of the American public and put Social Security, Medicare, and Medicaid on the chopping block every five years.

Under my plan, no one making less than $400,000 will see their taxes increase.",False,23975,
1526691542794129408,2022-05-17 22:30:03+00:00,"On the International Day Against Homophobia, Transphobia, and Biphobia, we stand in support and solidarity with LGBTQI+ people in the United States and around the world. 

We stand with you and will continue to defend human rights and dignity.",False,14329,
1526663608855412740,2022-05-17 20:39:03+00:00,"When I ran for office, I said I wanted to rebuild the backbone of our economy—the middle class.

Because I believe that everybody does better when everybody is in on the deal. https://t.co/0BTVvg2bde",False,6708,
1526606607806865409,2022-05-17 16:52:32+00:00,"RT @POTUS: Jill and I are in Buffalo to stand with the community and to grieve with the families. As a nation, we must find purpose to live…",False,0,
1526599163017838593,2022-05-17 16:22:57+00:00,"RT @POTUS: Tune in as I deliver remarks from Buffalo, New York. https://t.co/CJnHoieWAi",False,0,
1526332921405132800,2022-05-16 22:45:01+00:00,"There are a whole range of issues that are susceptible if the leaked opinion on Roe v. Wade ends up being the actual Court opinion. 

It’s not just choice that’s at stake here.",False,22587,
1526009909774532654,2022-05-16 01:21:29+00:00,RT @POTUS: Jill and I will travel to Buffalo on Tuesday to grieve with the community that lost ten lives in a senseless and horrific mass s…,False,0,
1526009802182250501,2022-05-16 01:21:03+00:00,"RT @POTUS: Jill and I pray for the victims, their families and devastated community from yesterday’s mass shooting in Buffalo, New York. Ou…",False,0,
1525234935346483210,2022-05-13 22:02:00+00:00,"You want to bring down inflation?

Let’s make sure the wealthiest corporations pay their fair share.",False,100307,
1525189221794840576,2022-05-13 19:00:21+00:00,"During my first year in office, American agriculture exports shattered all previous records—$177 billion last year alone.

We have to keep investing in our farmers to reduce prices for consumers.",False,13538,
1525186168870121478,2022-05-13 18:48:13+00:00,"RT @POTUS: I know families across the country are worried about the availability of infant formula. That’s why yesterday, I brought togethe…",False,0,
1525159029810552832,2022-05-13 17:00:23+00:00,"Republicans in Congress are so deeply committed to protecting big corporations that they would rather raise taxes on working American families.
https://t.co/1Z0v3YTNyC",False,6564,
1524884879724404755,2022-05-12 22:51:00+00:00,"Republicans love to attack me as a big spender. Let's compare the facts.

Under my predecessor, the deficit exploded, rising every single year. Under my plan, we are on track to cut the federal deficit by $1.5 trillion by the end of the fiscal year.",False,51852,
1524883801448538118,2022-05-12 22:46:43+00:00,"RT @POTUS: Families across the country — especially those who need specialty formulas — depend on the availability of infant formula.
 
I'm…",False,0,
1524818698170773506,2022-05-12 18:28:02+00:00,"Senator Rick Scott’s ultra-MAGA agenda could raise taxes on 75 million American families, over 95% of whom make less than $100,000 a year. 

Their plan is going to make working families poorer.
https://t.co/ARj00d35Zi",False,5737,
1524781920101486593,2022-05-12 16:01:53+00:00,"RT @POTUS: In remembrance of today’s tragic milestone, I’ve ordered the United States flag to be flown at half-staff in memory of the one m…",False,0,
1524555154586062853,2022-05-12 01:00:48+00:00,"To protect the right to choose, voters need to elect more pro-choice senators this November, and return a pro-choice majority to the House. If they do, Congress can pass this bill in January, and put it on my desk, so I can sign it into law.",False,15794,JoeBiden
1524554898343354369,2022-05-12 00:59:47+00:00,"Once again – as fundamental rights are at risk at the Supreme Court – Senate Republicans have blocked passage of the Women’s Health Protection Act, a bill that affirmatively protects access to reproductive health care.",False,22271,
1524123109741187073,2022-05-10 20:24:00+00:00,"High-speed internet is not a luxury any longer. It's a necessity. 

That's why the Bipartisan Infrastructure Law included $65 billion to make sure we expand access to broadband internet in every region of the country—urban, suburban, and rural.",False,17423,
1524069900251246595,2022-05-10 16:52:34+00:00,"RT @POTUS: My plan will lower your costs. Congressional Republicans’ plan will lower your income.

It’s that simple. https://t.co/tPWiglnQmf",False,0,
1523710900326309888,2022-05-09 17:06:02+00:00,"I encourage Congressional Republicans to join us in our efforts to lower prices for families across the country, by making more in America, strengthening our supply chains, and cutting energy and prescription drug costs.",False,20513,
1523362483636908032,2022-05-08 18:01:33+00:00,"RT @POTUS: Happy Mother’s Day, @FLOTUS. You’re the love of my life and the life of my love. You bring me joy and laughter every day, and I’…",False,0,
1523327622779969541,2022-05-08 15:43:01+00:00,"My mom believed the greatest virtue of all was courage, and that someday the bravery that exists in every heart will be summoned. 

To the extraordinary mothers everywhere, I wish you all a happy Mother's Day. https://t.co/YCAknZYlzX",False,13900,
1523085018805202944,2022-05-07 23:39:00+00:00,"When I took office, there were around 20 million people relying on unemployment benefits to feed their families; today, that number is around 1 million—the lowest since 1970. 

We are building an economy that values the dignity of work.",False,26676,
1523014824157847552,2022-05-07 19:00:04+00:00,"There have been only 3 months in the last 50 years where the unemployment rate in America is lower than it is now. 

This is a direct result of the American Rescue Plan, our COVID vaccination program, and my plan to grow our economy from the bottom up and middle out.",False,16612,
1522715081213104133,2022-05-06 23:09:00+00:00,"The Republican plan led by Senator Rick Scott of Florida would tax half of our small business owners an extra $1,200 a year on average.

My plan would make it easier to start a small business by expanding their access to capital.",False,16277,
1522673558270496770,2022-05-06 20:24:00+00:00,"Today, we learned that the economy created 428,000 jobs in April—bringing the total number of jobs created since I took office to 8.3 million.

There's more work to do, but our plans and policies have produced the strongest job creation economy in modern times.",False,10271,
1522629518808301572,2022-05-06 17:29:01+00:00,"All the talk about the deficit from my Republican friends—I love it. 

The deficit was reduced by $350 billion in my first year in office, and we are on track to reduce it by another $1.5 trillion.",False,35273,
1522355461961535488,2022-05-05 23:20:00+00:00,"My plan to reduce the deficit would help reduce inflationary pressures and lower everyday costs for families.

My plan lets Medicare negotiate the price of prescription drugs. We can cap the price of insulin at $35 instead of the hundreds of dollars for some families.",False,12419,
1522305795265806337,2022-05-05 20:02:39+00:00,"RT @POTUS: Today, I met with grassroots worker organizers to thank them for their leadership in organizing unions. From the Amazon Labor Un…",False,0,
1522281479170109442,2022-05-05 18:26:01+00:00,"While there’s still more work to do, we’re on track to cut the federal deficit by another $1.5 trillion by the end of this fiscal year—the biggest decline in a single year ever in American history.",False,16886,
1522252296649953280,2022-05-05 16:30:04+00:00,"Let me tell you about this Ultra-MAGA Agenda.
https://t.co/Cl41pqMEX1",False,8319,
1521999366898298882,2022-05-04 23:45:01+00:00,"Senator Rick Scott released an Ultra-MAGA Agenda.

It could raise taxes on 75 million American families. 

Under this new plan, while big corporations and billionaires would pay nothing more, working-class folks are going to pay a hell of a lot more.",False,34797,
1521652328507527168,2022-05-04 00:46:00+00:00,"At the federal level, we will need more pro-choice senators and a pro-choice majority in the House to adopt legislation that codifies Roe, which I will work to pass and sign into law.",False,57206,
1521603759901708288,2022-05-03 21:33:01+00:00,"If the Court overturns Roe, it will fall on our nation’s elected officials at all levels of government to protect a woman’s right to choose. 

And it will fall on voters to elect pro-choice officials this November.",False,50425,
1521551422931845123,2022-05-03 18:05:02+00:00,"I believe that a woman’s right to choose is fundamental. Roe has been the law of the land for almost fifty years, and basic fairness and the stability of our law demand that it not be overturned.

We will be ready when any ruling is issued.",False,106480,
1521500905862008835,2022-05-03 14:44:18+00:00,RT @POTUS: My statement on the reported Supreme Court decision draft. https://t.co/Kt3bP0kzqU,False,0,
1521259496454213632,2022-05-02 22:45:02+00:00,"As the proud husband of an educator, I've seen firsthand the dedication and selflessness of our nation's educators. 

Teaching isn't what @DrBiden does, it's who she is. On Teacher Appreciation Week, we honor teachers' work to build confidence and inspire curiosity. https://t.co/oyYOyt5cfc",False,23265,
1521219229600698369,2022-05-02 20:05:01+00:00,"Last year, we saw businesses with fewer than 50 workers create 1,900,000 jobs for the first three quarters of 2021 alone. 

While there’s still more work to do, that's the highest rate of small business creation ever recorded in a single year.",False,8948,
1521169660791697408,2022-05-02 16:48:03+00:00,"The Republican proposal, led by Senator Rick Scott, would raise taxes on 6.1 million small business owners—including 82% of small business owners who earn less than $50,000 a year. 

That’s just not right.",False,30415,
1521133913908944896,2022-05-02 14:26:01+00:00,RT @POTUS: Jill and I extend our warmest wishes to all who are celebrating Eid al-Fitr. As Muslims around the world conclude the month of R…,False,0,
1521127470858223616,2022-05-02 14:00:24+00:00,"The people who made a difference in my life, in a fundamental way, were teachers.

This National Teacher Appreciation Week, we honor their service and passion and celebrate the immeasurable contributions of our nation’s educators in schools from coast to coast.",False,15388,
1520810784632324097,2022-05-01 17:02:01+00:00,"I grew up in a family where, when prices went up for things like gasoline, it became a discussion at the kitchen table. We felt it. 

That's why I'm focused on doing everything I can to lower the cost of gas and energy and accelerate our transition to clean energy.",False,37653,
1520776308313235456,2022-05-01 14:45:01+00:00,"Just as Putin chose to launch this brutal invasion, he could make the choice to end it. 

Russia is the aggressor, and the world must and will hold Russia accountable.",False,41251,
1520549814324416518,2022-04-30 23:45:00+00:00,"Our party is working to ensure that we can expand our Democratic majorities in the years to come—and we need your help to do it. 

Chip in before the end of the month deadline to help elect Democrats up and down the ballot: 
https://t.co/Ivryo0uc4U",False,4149,
1520534463482150912,2022-04-30 22:44:00+00:00,"With the help of the American Rescue Plan, local governments were able to add a record 279,000 new educators in 2021 and nearly 46,000 teaching jobs in the first months of 2022.",False,13937,
1520496716734210048,2022-04-30 20:14:01+00:00,"Thanks in large part to the American Rescue Plan, last year, Americans applied to start 5.4 million new businesses—20% more than any other year on record.

The American economy is strong because our small businesses are strong.",False,10513,
1520491178956836864,2022-04-30 19:52:01+00:00,"Twelve years later, Republicans still haven't stopped their attacks on the Affordable Care Act. 

If they have their way, 100 million Americans with preexisting conditions could once again be denied health care coverage by their insurance companies.",False,13988,
1520467577050439682,2022-04-30 18:18:13+00:00,"The Republican plan led by Senator Rick Scott of Florida would tax half of our small business owners an extra $1,200 a year on average. https://t.co/2kHWJDrxq3",False,7223,
1520434054415491079,2022-04-30 16:05:01+00:00,"Through decades of organizing, negotiating, picketing, and protesting, labor unions secured vital workplace protections that union and non-union workers rely on today, and we are working to strengthen both unions and the workplace protections they provide.",False,9623,
1520204789761589248,2022-04-30 00:54:00+00:00,Not only do Republicans oppose making big corporations pay their fair share—they want middle class families and small business owners to pay more in taxes.,False,32932,
1520178366015549446,2022-04-29 23:09:00+00:00,"A stronger economy built from the bottom up and the middle out puts greater power in workers' hands to improve their lives, provide for their families, and choose higher quality, higher-paying, and safer jobs.",False,14184,
1520153460544581634,2022-04-29 21:30:02+00:00,"Democrats are working tirelessly to open doors for more outstanding entrepreneurs.

But the Republican plan led by Senator Rick Scott would tax half of our small business owners an extra $1,200 a year on average.",False,12361,
1520088026516529152,2022-04-29 17:10:02+00:00,"American workers are beginning to rebuild our nation's roads, bridges, ports, and waterways.

The Bipartisan Infrastructure Law will create new jobs, modernize communities across the country, and open infrastructure jobs to people of all backgrounds.",False,8987,
1519811748483809281,2022-04-28 22:52:12+00:00,This is not your father’s Republican Party. https://t.co/trUWTISdx5,False,8781,
1519730163054956544,2022-04-28 17:28:00+00:00,"Ensuring worker safety is a national priority and a moral imperative.

On Workers Memorial Day, we honor and remember those who lost their lives on the job and reaffirm every worker's basic right to a safe and healthy workplace.",False,7072,
1519708023832383490,2022-04-28 16:00:02+00:00,"RT @POTUS: I just signed a request to Congress for critical security, economic, and humanitarian assistance to help Ukraine continue to cou…",False,0,
1518403170338279424,2022-04-25 01:35:01+00:00,RT @POTUS: Congratulations to @EmmanuelMacron on his re-election. France is our oldest ally and a key partner in addressing global challeng…,False,0,
1518275076403400704,2022-04-24 17:06:01+00:00,"Thanks to the Bipartisan Infrastructure Law, we’re going to start replacing 100% of the lead pipes and water lines that go into homes and schools in this country.

Every American, every child, should be able to turn on a faucet and drink water that’s clean.",False,23656,
1518241289657016322,2022-04-24 14:51:45+00:00,RT @POTUS: Jill and I send warm wishes to all our friends in the Orthodox Christian community who are observing Easter today. We rejoice wi…,False,0,
1517996741332713472,2022-04-23 22:40:00+00:00,"The unemployment rate for veterans is 2.4%—tied for the lowest rate on record. 

There is still more work to do, but this historic progress is the result of rebuilding America’s economy from the bottom up and the middle out.",False,16017,
1517964027120472066,2022-04-23 20:30:01+00:00,"Through the Bipartisan Infrastructure Law, we’re investing $25 billion to upgrade and modernize American airports.",False,14879,
1517885256627634177,2022-04-23 15:17:00+00:00,"The United States will ban Russian-affiliated ships from our ports.

That means no ship that sails under the Russian flag or that is owned or operated by a Russian interest will be allowed to dock in a United States port or access our shores. None.",False,40834,
1517671094693601280,2022-04-23 01:06:00+00:00,"Thanks to the Bipartisan Infrastructure Law, we’re going to plant 1.2 billion trees across the country to begin the vital work of reforesting America. It makes sense and also makes a big difference in our cities and on our city streets.",False,26075,
1517625324514721796,2022-04-22 22:04:08+00:00,"RT @POTUS: I am calling on Congress to pass new investments and tax credits to lower costs for families.  

That includes tax credits to bu…",False,0,
1517502237722955784,2022-04-22 13:55:01+00:00,"On Earth Day, we’re committed to building a future where everyone has clean air to breathe, clean water to drink, and healthy communities to work and live.

By investing in climate resilience and infrastructure, and a clean energy future, we can tackle the climate crisis head-on.",False,10683,
1517306693771837441,2022-04-22 00:58:00+00:00,"Putin has failed to achieve his grand ambitions on the battlefield.

President Zelenskyy and his democratically elected government remain in power, and Ukrainian armed forces—joined by brave Ukrainian civilians—have thwarted Russia's conquest of their country.",False,15774,
1517275488691142657,2022-04-21 22:54:00+00:00,"Our unity at home and our unity with allies, partners, and the Ukrainian people is sending an unmistakable message to Putin: He will never succeed in dominating and occupying all of Ukraine. That will not happen.",False,12187,
1517208548584927232,2022-04-21 18:28:01+00:00,"I’m doing everything I can to bring down prices to address Putin’s Price Hike.  

That’s why I authorized the release of 1 million barrels per day on average for the next six months from our Strategic Petroleum Reserve.",False,24429,
1517162022844182533,2022-04-21 15:23:08+00:00,RT @POTUS: I met with Prime Minister Shmyhal of Ukraine this morning to convey our continued commitment to support Ukraine in the face of R…,False,0,
1516909829188734979,2022-04-20 22:41:00+00:00,"Thanks to the Bipartisan Infrastructure Law, we’re making the most significant investment in modernizing our roads and bridges since the Interstate Highway System was built under President Eisenhower.",False,13043,
1516810932768460804,2022-04-20 16:08:02+00:00,"Our recovery so far has led to the creation of 7.9 million new jobs—more jobs created over the first 14 months than any president ever. The unemployment rate is at 3.6%, down from 6.4% in January 2021.

We have more work to do, but America is on the move.",False,13695,
1516532090313052163,2022-04-19 21:40:00+00:00,"While Congressional Republicans are proposing big tax increases on middle-class families, I am fighting for tax cuts for the middle class and to ensure that the super wealthy and large corporations pay their fair share.",False,23039,
1516454095976026120,2022-04-19 16:30:05+00:00,"The difference couldn’t be clearer:

Under the Congressional Republican Tax Plan, 75 million middle-class families’ taxes will increase an average of almost $1,500 a year.

Under my plan, no one making less than $400,000 will have their taxes raised.",False,18608,
1515718307919409165,2022-04-17 15:46:19+00:00,"RT @POTUS: As we reflect today on Christ’s Resurrection, we are reminded that with faith, hope, and love — even death can be defeated. From…",False,0,
1515033214833860611,2022-04-15 18:24:01+00:00,"When we build more in America, we increase economic capacity, and ultimately it helps lower everyday prices for families.
https://t.co/hWTyRb4kIL",False,7030,
1515014340390400003,2022-04-15 17:09:01+00:00,"From day one, every action I've taken to rebuild our economy has been guided by one principle—made in America. It means using products, parts, and materials built right here in the United States. It means bringing manufacturing jobs back and building supply chains here at home.",False,19005,
1514989532986458119,2022-04-15 15:30:26+00:00,"RT @POTUS: Jill and I join our fellow Christians in observing Good Friday. Today, we remember Jesus’s sacrifice on the cross, pray for all…",False,0,
1514960446238908419,2022-04-15 13:34:51+00:00,"RT @POTUS: Happy Passover to all who celebrate in America, Israel, and around the world. May God bless you all during this season of renewa…",False,0,
1514274974630035460,2022-04-13 16:11:02+00:00,"To help deal with Putin’s Price Hike, I’ve authorized the use of 1 million barrels per day on average for the next six months from our Strategic Petroleum Reserve—the largest release of our national reserve in history.",False,39127,
1513977893898100738,2022-04-12 20:30:32+00:00,RT @POTUS: Jill and I are praying for those injured in the New York City subway shooting. We are grateful for the first responders and civi…,False,0,
1512891350206791681,2022-04-09 20:33:00+00:00,"America is back to work. 

Our economy added 7.9 million jobs since I took office—more jobs created on average per month than under any other president in history. That’s millions of families with a little more breathing room and the dignity a job provides.",False,19539,
1512590810239356937,2022-04-09 00:38:46+00:00,Today is a good day—a day that history is going to remember. https://t.co/gskJzbu2DK,False,22217,
1512503378693263361,2022-04-08 18:51:21+00:00,"RT @POTUS: Judge Jackson brings a rare combination of experience and qualifications to the Court.
 
A federal judge who served on the secon…",False,0,
1512468142345363462,2022-04-08 16:31:20+00:00,"RT @POTUS: Today is a good day for America. A day that history will remember. Tune in as the Vice President, Judge Ketanji Brown Jackson, a…",False,0,
1512206336955756550,2022-04-07 23:11:00+00:00,"RT @POTUS: Historic moment for our courts and for our country. Congratulations, Judge Jackson. https://t.co/eLSfs1QoHB",False,0,
1512173878285684737,2022-04-07 21:02:02+00:00,"Congratulations, Ketanji Brown Jackson. https://t.co/CGe6fdl7gk",False,106905,
1512139538705129493,2022-04-07 18:45:34+00:00,RT @POTUS: Judge Jackson’s confirmation was a historic moment for our nation. We’ve taken another step toward making our highest court refl…,False,0,
1512114912935530504,2022-04-07 17:07:43+00:00,"Over the last four weeks, fewer Americans filed initial claims for unemployment insurance than any time in our nation’s recorded history. 

While we have more work to do to lower costs for families, today’s data demonstrates that America is on the move again.",False,8224,
1511840425358893060,2022-04-06 22:57:00+00:00,"Today, we enshrine in law our recognition that the Postal Service is fundamental to our economy, to our democracy, to our health, and the very sense of who we are as a nation.",False,23713,
1511742091805831176,2022-04-06 16:26:16+00:00,"If Republicans have their way, up to 100 million Americans with preexisting conditions could once again be denied health care coverage by their insurance companies.

I’ve got a better idea. Instead of destroying the Affordable Care Act, let's keep building on it. https://t.co/jqtoDPgekn",False,7096,
1511716630765711360,2022-04-06 14:45:05+00:00,"RT @POTUS: Today, my Administration is extending the pause on federal student loan repayments through August 31st, 2022. https://t.co/xwicA…",False,0,
1511507984463052815,2022-04-06 00:56:00+00:00,"Over 31 million people now have health insurance through the Affordable Care Act.
4 out of 5 Americans can find quality coverage for under $10 a month.
The average family is saving $2,400 a year on their premiums.

The Affordable Care Act is stronger now than it has ever been.",False,13172,
1511481058809856006,2022-04-05 23:09:01+00:00,"Mr. President, welcome back to the White House.
https://t.co/JY2pjxOQKd",False,67063,
1511398798597230601,2022-04-05 17:42:08+00:00,RT @POTUS: It’s an honor to welcome my friend President @BarackObama back to the White House. I look forward to discussing the big step we’…,False,0,
1511382408137957384,2022-04-05 16:37:00+00:00,"Thanks to the Bipartisan Infrastructure Law, we’re making the largest investment in American roads and bridges since the creation of the interstate highway system.",False,13557,
1511137543470911491,2022-04-05 00:24:00+00:00,"After a long stretch, Americans are back to work, and the economy has gone from being on the mend to being on the move.",False,25998,
1511114642931818498,2022-04-04 22:53:00+00:00,"2021 was the best year for trucking employment since 1994—there are now 35,000 more trucking jobs than there were before the pandemic.",False,14422,
1511020578836303873,2022-04-04 16:39:14+00:00,Our economy has gone from being on the mend to being on the move. https://t.co/Amb9aw3gdx,False,7999,
1510984283535679489,2022-04-04 14:15:00+00:00,"RT @POTUS: Judge Jackson will bring extraordinary qualifications, deep experience and intellect, and a rigorous judicial record to the Supr…",False,0,
1510752259474444291,2022-04-03 22:53:01+00:00,"Last year, we reduced the deficit by more than $350 billion. And now under my budget, we’re on track for the largest one-year reduction in the deficit in U.S. history.

America is on the move. https://t.co/8TbMH4BJ1z",False,18541,
1510386091941150721,2022-04-02 22:38:00+00:00,"In March, the unemployment rate fell to 3.6%, down from 6.4% when I took office about 15 months ago – the fastest decline in unemployment to start a president's term ever recorded.",False,39956,
1510355395390414849,2022-04-02 20:36:01+00:00,"A firefighter and a teacher shouldn’t pay a higher tax rate than a billionaire pays. That’s not right.

My budget contains a Billionaire Minimum Income Tax to make sure billionaires pay their fair share. https://t.co/MkPFrUsAo6",False,23190,
1510056671313334280,2022-04-02 00:49:00+00:00,"Putin’s invasion of Ukraine has driven up gas prices and food prices all over the world. 

To help deal with that, yesterday I authorized the release of 1 million barrels per day for the next six months from our Strategic Petroleum Reserve.",False,35889,
1510022194214182914,2022-04-01 22:32:00+00:00,"Last week, I met with NATO allies to reiterate our strong support for the Ukrainian people.

Putin was banking on NATO being divided, but it has never been more united than it is today.",False,13521,
1509979666580389899,2022-04-01 19:43:01+00:00,"Over the course of my presidency, our recovery has now created 7.9 million jobs—the most jobs created over the first 14 months of any presidency, in any term, ever.",False,23474,
1509915834877153285,2022-04-01 15:29:22+00:00,"This week, I signed the Emmett Till Antilynching Act into law, making lynching a federal hate crime for the first time in American history.

As we work toward becoming a more perfect union, we must also come to terms with the sins of our past. https://t.co/kxuZ4BKof2",False,7650,
1509666876116418567,2022-03-31 23:00:06+00:00,"No longer will Americans have to scour the internet to find vaccines, treatments, tests, or masks. 

Just visit https://t.co/n2B6pfyjAt.",False,4255,
1509648482558164999,2022-03-31 21:47:00+00:00,"Today, I'm authorizing the release of 1 million barrels of oil per day for the next six months—over 180 million barrels—from the Strategic Petroleum Reserve. This is a wartime bridge to increase oil supply until production ramps up later this year.",False,29059,
1509582610699362312,2022-03-31 17:25:15+00:00,"RT @POTUS: To transgender Americans of all ages, I want you to know that you are so brave. You belong. I have your back. https://t.co/mD4F0…",False,0,
1509540525627658252,2022-03-31 14:38:01+00:00,"My Billionaire Minimum Income Tax is fair, and it would raise $360 billion that can be used to lower costs for families and cut the deficit.
https://t.co/mOpSJ03KrY",False,11447,
1509519767304036358,2022-03-31 13:15:32+00:00,"RT @POTUS: Today we celebrate the life and legacy of César Estrada Chávez, a champion for social justice and advocate for farm workers and…",False,0,
1509305265673445377,2022-03-30 23:03:11+00:00,We know boosters are critical to providing an additional level of protection against COVID-19. That's why I received my second booster today. https://t.co/yAV6SyXxpv,False,14544,
1509267219880030210,2022-03-30 20:32:00+00:00,"Today we launched https://t.co/n2B6pfyjAt, a one-stop shop where anyone in America can find what they need to navigate the virus.",False,3150,
1509202797702651911,2022-03-30 16:16:01+00:00,"Under my budget, nobody making less than $400,000 a year would pay a penny more in federal taxes",False,64417,
1508902249371738115,2022-03-29 20:21:44+00:00,RT @POTUS: I just signed the Emmett Till Antilynching Act into law — making lynching a federal hate crime for the first time in American hi…,False,0,
1508884954847059974,2022-03-29 19:13:01+00:00,"My budget includes historic deficit reduction, historic investments in our security at home and abroad, and an unprecedented commitment to building an economy where everyone has a chance to succeed.",False,14824,
1508814487880716311,2022-03-29 14:33:00+00:00,My budget makes the investments needed to reduce costs for families and make progress on my Unity Agenda—including investments to cut the costs of child care and health care; help families pay for other essentials; end cancer as we know it; and support our veterans.,False,9820,
1508611147024506881,2022-03-29 01:05:00+00:00,My budget would further reduce the deficit by continuing to support the economic growth that has increased revenues and ensuring that billionaires and large corporations pay their fair share.,False,11286,
1508594285377200129,2022-03-28 23:58:00+00:00,"We are on track to reduce the federal deficit by more than $1.3 trillion this year, cutting in half the deficit from the last year of the previous administration and delivering the largest one-year reduction in the deficit in U.S. history.",False,19039,
1508578180680011787,2022-03-28 22:54:00+00:00,"A dictator bent on rebuilding an empire will never erase a people's love for liberty. 

Brutality will never grind down the will to be free. Ukraine will never be a victory for Russia.",False,37451,
1508556405867003905,2022-03-28 21:27:29+00:00,RT @POTUS: Every student deserves to feel safe and welcome in the classroom. Our LGBTQI+ youth deserve to be affirmed and accepted just as…,False,0,
1508541948671537160,2022-03-28 20:30:02+00:00,"Rather than breaking Ukrainian resolve, Russia's brutal tactics have strengthened their resolve. Rather than driving NATO apart, the West is now stronger and more united than it's ever been.",False,21445,
1508531109239439364,2022-03-28 19:46:58+00:00,"RT @POTUS: My father had an expression: “Don’t tell me what you value. Show me your budget—and I’ll tell you what you value.”

The budget I…",False,0,
1508487590982430729,2022-03-28 16:54:02+00:00,"Russia's economy was ranked the 11th biggest economy in the world before this invasion. 

It will soon not even rank among the top 20 in the world.",False,35915,
1508138784893947915,2022-03-27 17:48:00+00:00,"The darkness that drives autocracy is ultimately no match for the flame of liberty that lights the souls of free people everywhere.
https://t.co/y7B8mm6exD",False,16432,
1508105315157479431,2022-03-27 15:35:01+00:00,My message to the people of Ukraine: We stand with you. Period.,False,137242,
1507868254936739843,2022-03-26 23:53:01+00:00,"RT @POTUS: To the Russian people: You are not our enemy.
 
The American people stand with you and the brave citizens in Ukraine who want pe…",False,0,
1507868226335789062,2022-03-26 23:52:54+00:00,"RT @POTUS: Putin has the gall to say he is “de-Nazifying” Ukraine.

This lie isn’t just cynical. It is obscene. 

President Zelenskyy was d…",False,0,
1507768783447986180,2022-03-26 17:17:45+00:00,"RT @POTUS: Watch live as I deliver remarks on the united efforts of the free world to support the people of Ukraine, hold Russia accountabl…",False,0,
1507487532015144963,2022-03-25 22:40:10+00:00,My message to the 82nd Airborne Division on the ground in Poland: Every single one of you stepped up. Thank you. https://t.co/9Z9NeiWllQ,False,14721,
1507473148207378437,2022-03-25 21:43:00+00:00,"Americans are getting back to work at a historic pace, with fewer Americans on unemployment insurance today than at any time in the last half century.",False,20206,
1507378087239036930,2022-03-25 15:25:16+00:00,The United States is prepared to commit more than $1 billion in humanitarian assistance to help get relief to millions of Ukrainians affected by the war in Ukraine. https://t.co/c6AeFn8QDn,False,9032,
1507160840566460416,2022-03-25 01:02:00+00:00,"NATO has never been more united than it is today. 

Putin is getting exactly the opposite of what he intended to have as a consequence of going into Ukraine.",False,51510,
1507143475262853122,2022-03-24 23:53:00+00:00,"This morning, we received news that the number of Americans on unemployment insurance fell to its lowest level since 1970.

This historic progress is no accident: it’s the result of an economic strategy to grow the economy from the bottom up and middle out.",False,18636,
1506969692711362567,2022-03-24 12:22:27+00:00,"RT @POTUS: Today in Brussels I’m meeting with our NATO Allies, G7 members, and the European Council to discuss our ongoing response to Russ…",False,0,
1506797968338345985,2022-03-24 01:00:05+00:00,"The Affordable Care Act was groundbreaking and life-changing legislation that has provided access to health care to millions of Americans, including the more than 130 million Americans with preexisting conditions.",False,12248,
1506774544752726024,2022-03-23 23:27:00+00:00,"The Affordable Care Act that was signed into law 12 years ago was the first step in ensuring that everyone has access to affordable health care. I am proud that since November 2021, 14.5 million Americans have signed up for quality, affordable coverage.",False,10870,
1506754153938399234,2022-03-23 22:05:59+00:00,"RT @POTUS: Madeleine Albright was a force for goodness, grace, and decency — and for freedom. Hers were the hands that turned the tide of h…",False,0,
1506664575235944448,2022-03-23 16:10:01+00:00,"On the anniversary of the Affordable Care Act being signed into law, know that as long as any American lies awake at night wondering how they’re going to pay their medical bills, we will keep fighting to lower costs and further expand health coverage.",False,14223,
1506631950790017028,2022-03-23 14:00:23+00:00,"Twelve years ago today, I watched President Obama sign the Affordable Care Act into law. I was proud to serve as vice president every day, but never more so than on that historic day. https://t.co/14wgXW6Fvc",False,8674,
1505896098849767429,2022-03-21 13:16:22+00:00,"RT @POTUS: Judge Ketanji Brown Jackson is a brilliant legal mind with the utmost character and integrity. 
 
She deserves to be confirmed a…",False,0,
1505587220954206221,2022-03-20 16:49:00+00:00,"Folks, we’re investing $65 billion from our Bipartisan Infrastructure Law to deliver high-speed internet everywhere in America.

We can’t be a country where a mother has to take her kid to the McDonald’s parking lot to access the internet to do their homework.",False,36941,
1505568972741267460,2022-03-20 15:36:29+00:00,RT @POTUS: Jill and I want to extend our best wishes to all who are celebrating Nowruz around the world. The Nowruz holiday means gathering…,False,0,
1504837788004405253,2022-03-18 15:11:01+00:00,"28 years ago, we passed the Violence Against Women Act to provide protection against domestic violence, stalking, sexual assault—and to support survivors. 

This week, I signed legislation to reauthorize and strengthen the Violence Against Women Act.",False,25074,
1504572286258532358,2022-03-17 21:36:01+00:00,Oil prices are decreasing. Gas prices should too. https://t.co/JwIMdOiAJ8,False,44691,
1504548185896853511,2022-03-17 20:00:15+00:00,"The world is united in our support for Ukraine and our determination to make Putin pay a very heavy price. 

America is leading this effort together with allies and partners—providing enormous levels of security and humanitarian assistance.
https://t.co/nQQTnPsVVG",False,6659,
1504524470442201100,2022-03-17 18:26:01+00:00,"Everything between Ireland and the United States runs deep—our joys, our sorrows, our passion, our drive, and our unrelenting optimism and hope.",False,17850,
1504504396519981059,2022-03-17 17:06:15+00:00,"Let there be no doubt, no uncertainty, no question, America stands with the forces of freedom. We always have and we always will. https://t.co/bmxSmeVuT4",False,11070,
1504465833296379911,2022-03-17 14:33:00+00:00,"Today we celebrate the deep affection we have for Ireland and the people of Ireland. That includes millions of Americans like my great-great-grandfather, great-grandfather, and grandfather, all of whom were Irish Americans on both sides of the family. Happy St. Patrick’s Day!",False,20106,
1504099669865025537,2022-03-16 14:18:00+00:00,"The Bipartisan Government Funding Bill includes $13.6B to address Russia's invasion of Ukraine and the impact on surrounding countries.

Putin's aggression against Ukraine has united people across America, united our two parties in Congress, and united the freedom-loving world.",False,14745,
1503892806397485058,2022-03-16 00:36:00+00:00,"There are over 200,000 kids in America and many more adults with Type 1 diabetes needing insulin every day.

It costs $10 to make a vial of insulin, yet the average cost can be up to $1,000 a month.

Let’s cap the cost of insulin at $35 a month.",False,53803,
1503780571813720068,2022-03-15 17:10:01+00:00,"Not only has Infrastructure Week finally arrived, but we’re talking about an infrastructure decade.  
 
Folks, we’ve already authorized 4,000 projects all across the country—including 1,500 bridges in disrepair—and they’re starting repairs this year.",False,14849,
1503738162652319744,2022-03-15 14:21:30+00:00,RT @POTUS: My Administration is committed to closing the gender pay gap ensuring that all Americans have a fair and equal opportunity to ge…,False,0,
1503467252682743810,2022-03-14 20:25:00+00:00,"As my mother would say, “God love them.”
https://t.co/XlDuH52PAi",False,9066,
1503412393795371018,2022-03-14 16:47:01+00:00,"The American people are united, the world is united, and we stand with the people of Ukraine. 

We will not let autocrats and would-be emperors dictate the direction of the world.",False,48644,
1503389329250562051,2022-03-14 15:15:22+00:00,RT @POTUS: We are continuing the close cooperation with Allies and partners to make sure that the Ukrainian people can defend their nation.…,False,0,
1503051009911930883,2022-03-13 16:51:00+00:00,"Before I took office, people were hurting and we had to act. We passed the American Rescue Plan without a single, solitary Republican vote. 

Few pieces of legislation in our history have done more to lift the country out of crisis.",False,36778,
1502777456952066057,2022-03-12 22:44:00+00:00,"Putin was counting on a divided NATO, a divided West and quite frankly, a divided America.

But he got none of that.",False,115125,
1502755237609811969,2022-03-12 21:15:43+00:00,We will not let autocrats and would-be emperors dictate the direction of the world. https://t.co/HH7gJazdmP,False,22547,
1502452314724085766,2022-03-12 01:12:00+00:00,"Few pieces of legislation have done more to lift us out of this crisis than the American Rescue Plan.

It fueled our efforts to vaccinate the nation.
Delivered immediate economic relief for millions of Americans.
Helped cut health insurance costs.

It was just the beginning.",False,8330,
1502430923614302218,2022-03-11 23:47:00+00:00,"Thanks to the American Rescue Plan, we lifted this country out of crisis and added more jobs to the economy in a single year than any other administration.",False,30884,
1502409281194369027,2022-03-11 22:21:00+00:00,"Unlike the $2 trillion tax cut passed in the previous administration that benefitted the top 1% of Americans, the American Rescue Plan helped working people and left no one behind.

It's why our economy has recovered faster than other major global economies.",False,16411,
1502389402244460550,2022-03-11 21:02:01+00:00,"One year later, American Rescue Plan is helping millions of families on Affordable Care Act plans save $2,400 a year on their health premiums. 

Let’s make those savings permanent.",False,10257,
1502378076302450691,2022-03-11 20:17:00+00:00,"When Vice President @KamalaHarris and I took office, there was no national plan to get Americans vaccinated and jump-start our economy.

The American Rescue Plan helped us get 500 million shots in arms and set off the greatest single year of job growth in our history.",False,10743,
1502351904222990343,2022-03-11 18:33:00+00:00,"One year ago today, I signed the American Rescue Plan into law. It helped deliver: 

—500 million shots in arms
—The fastest single year of job growth in our history
—A record decline in unemployment two years ahead of predictions

America is getting back on track.",False,10874,
1502331108578496516,2022-03-11 17:10:22+00:00,"We are stronger today than we were a year ago, thanks to the American Rescue Plan. https://t.co/RRj1UIUeyp",False,6147,
1502054694964899842,2022-03-10 22:52:00+00:00,"We are pushing for investments so we can manufacture more in America, strengthen our supply chains, and move goods to market at lower costs.

And I’m pressing Congress to pass my plan to lower the cost of essentials like prescription drugs and energy.",False,16743,
1502030787704672256,2022-03-10 21:17:00+00:00,"With all the bright spots in our economy—record job growth and higher wages—too many families are struggling to keep up with the bills. Inflation is robbing them of the gains they might otherwise feel. 
 
I get it. That’s why my top priority is getting prices under control.",False,13969,
1501992032419872768,2022-03-10 18:43:00+00:00,"A large contributor to inflation this month was an increase in gas and energy prices as markets reacted to Putin’s aggressive actions. 

I know that higher prices impact a family’s budget, which is why I am fighting to bring down the everyday prices that are squeezing Americans.",False,26858,
1501963036428587017,2022-03-10 16:47:47+00:00,RT @POTUS: Today’s inflation report is a reminder that Americans’ budgets are being stretched by price increases and families are starting…,False,0,
1501654058213519367,2022-03-09 20:20:01+00:00,"Veterans are the backbone, the spine, and sinew of who we are in this country.

One percent of you serves. The rest of us deserve to treat you with the dignity and respect in service that you deserve. You're the best of us, and we owe you.",False,17375,
1501590638663458819,2022-03-09 16:08:01+00:00,"We're going to continue to support the brave Ukrainian people as they fight for their country.

I call on Congress to pass the $12 billion Ukraine assistance package.",False,51953,
1501377985592582156,2022-03-09 02:03:00+00:00,"I'm going to do everything I can to minimize Putin's price hike here at home. 
https://t.co/UT1V4DIuNd",False,15203,
1501326899397775365,2022-03-08 22:40:00+00:00,"We're banning all imports of Russian oil and gas and energy.

That means Russian oil will no longer be acceptable at U.S. ports and the American people will deal another powerful blow to Putin.",False,69284,
1501231281283252224,2022-03-08 16:20:03+00:00,"On International Women’s Day and every day, let us recognize that all of us have a better future when women and girls can reach their full potential—and together, let’s renew our efforts to advance dignity, equality, and limitless possibilities for all.",False,17397,
1500930585900027915,2022-03-07 20:25:12+00:00,The American Rescue Plan has resulted in historic economic growth. https://t.co/etuZgshaJE,False,8366,
1500872406675644417,2022-03-07 16:34:01+00:00,"It costs pharmaceutical companies $10 to make a vial of insulin, yet drug companies can charge families up to 30x that amount.

Let’s cut the cost of insulin to $35 a month.",False,53067,
1500652477087105026,2022-03-07 02:00:05+00:00,Last year has been the best year for manufacturing jobs and trucking jobs since 1994.,False,32272,
1500601116047953923,2022-03-06 22:36:00+00:00,Let’s cap the cost of insulin at $35 a month.,False,108353,
1500560348688101381,2022-03-06 19:54:00+00:00,"One of the most serious constitutional responsibilities a president has is nominating someone to serve on the U.S. Supreme Court.
 
Judge Ketanji Brown Jackson is one of our nation’s top legal minds who will continue Justice Breyer’s legacy of excellence.",False,15402,
1500526626005737473,2022-03-06 17:40:00+00:00,"The onslaught of state legislation targeting transgender Americans and their families is wrong. 

Let’s finally get the bipartisan Equality Act to my desk.",False,28904,
1500491140415565828,2022-03-06 15:19:00+00:00,"RT @POTUS: On Sunday, March 7, 1965, time stopped and blood spilled as brave and righteous Americans sought to cross a bridge named after a…",False,0,
1500234992290603016,2022-03-05 22:21:09+00:00,"My message to those suffering from addiction: You are not alone. 

We are going to beat the opioid epidemic. https://t.co/W4nYeNJMQM",False,9843,
1500155467854716934,2022-03-05 17:05:09+00:00,Capitalism without competition is exploitation. https://t.co/wBlLZmXZwM,False,14747,
1499893707201466368,2022-03-04 23:45:01+00:00,"In February, the economy created 678,000 jobs, following the greatest year of job growth in American history and the fastest economic growth in almost 40 years.",False,18056,
1499882884227862539,2022-03-04 23:02:00+00:00,"My plan to fight inflation will lower your everyday costs and reduce the deficit. 
https://t.co/3fudH3s4Ck",False,7320,
1499862500581511182,2022-03-04 21:41:00+00:00,"Too many families are still struggling with higher costs. I get it. Our top priority must be getting prices under control. That’s why we’re going to create more jobs that you can earn a living, a good living, right here in America, and invest in infrastructure and innovation.",False,20831,
1499795571531526147,2022-03-04 17:15:03+00:00,"Since I took office, the economy has created 7.4 million jobs. That’s 7.4 million jobs providing families with dignity and a little more breathing room. 

We are building a better America.",False,32866,
1499754314281238529,2022-03-04 14:31:07+00:00,"RT @POTUS: Our economy has now added 7.4 million jobs since I took office. 678,000 jobs added just last month. And unemployment is down to…",False,0,
1499544204309147648,2022-03-04 00:36:13+00:00,To the Russian oligarchs and corrupt leaders who have bilked billions of dollars off this violent regime: no more. https://t.co/tyHE8V4gIa,False,12789,
1499512326646550531,2022-03-03 22:29:32+00:00,"RT @POTUS: In my State of the Union Address, I said the United States is going after the crimes of Russian oligarchs.
 
Today, we’re adding…",False,0,
1499448280106819586,2022-03-03 18:15:03+00:00,"Last year, our economy created 369,000 American manufacturing jobs. Don’t tell me we can't be a manufacturing center again—we can.",False,29752,
1498859549859753987,2022-03-02 03:15:38+00:00,"We are stronger today than we were a year ago. And we will be stronger a year from now than we are today. This is our moment to meet and overcome the challenges of our time.

And we will.

As One People. One America.

The United States of America.",False,15159,
1498858901785264129,2022-03-02 03:13:04+00:00,"I’m more optimistic about America today than I’ve been my whole life, because I see the future that’s within our grasp.
Because I know there is simply nothing beyond our capacity.",False,23593,
1498857896586752003,2022-03-02 03:09:04+00:00,"Last month, I announced the plan to supercharge the Cancer Moonshot that President @BarackObama asked me to lead six years ago.
Our goal is to cut the cancer death rate by at least 50% over the next 25 years.",False,6515,
1498855886948913154,2022-03-02 03:01:05+00:00,"The onslaught of state laws targeting transgender Americans and their families is simply wrong.

As I said last year, especially to our younger transgender Americans: I will always have your back as your president, so you can be yourself and reach your God-given potential.",False,12561,
1498853773854363656,2022-03-02 02:52:41+00:00,"RT @POTUS: Some are talking about “living with COVID-19.”
 
Tonight, I say that we will never just accept living with COVID-19. We will con…",False,0,
1498851847485931523,2022-03-02 02:45:02+00:00,"As Wall Street firms take over more nursing homes, quality in those homes has gone down and costs have gone up.
That ends on my watch.
Medicare is going to set higher standards for nursing homes and make sure your loved ones get the care they deserve and that they expect.",False,6344,
1498849358405591041,2022-03-02 02:35:08+00:00,"My plan to fight inflation will lower your costs and lower the deficit.

17 Nobel laureates in economics said my plan will ease long-term inflationary pressures.",False,8793,
1498848801506963457,2022-03-02 02:32:56+00:00,RT @POTUS: We need to level the playing field with China and other competitors. That’s why it’s so important to pass the Bipartisan Innovat…,False,0,
1498848735798960130,2022-03-02 02:32:40+00:00,"Ford is investing $11B to build electric vehicles—creating 11,000 jobs across the country.

GM is making the largest investment in its history—$7B to build electric vehicles, creating 4,000 jobs in Michigan.",False,38672,
1498847613319323648,2022-03-02 02:28:12+00:00,"Tonight, I’m announcing that this year we will start fixing over 65,000 miles of highway and 1,500 bridges in disrepair.",False,45026,
1498847180022505472,2022-03-02 02:26:29+00:00,"We’re done talking about infrastructure weeks.
We’re going to have an infrastructure decade.

It is going to transform America.",False,6416,
1498846647576580097,2022-03-02 02:24:22+00:00,"Unlike the $2 trillion tax cut passed in the previous administration that benefited the top 1% of Americans, the American Rescue Plan helped working people—and left no one behind.",False,14267,
1498843323703992325,2022-03-02 02:11:10+00:00,"RT @POTUS: President Putin thought he could roll into Ukraine — and the world would roll over.
 
Instead, he met a wall of strength he neve…",False,0,
1498842685028933642,2022-03-02 02:08:37+00:00,RT @POTUS: Tune in as I deliver the State of the Union address to a joint session of Congress. https://t.co/Kgg9cxK21w,False,0,
1498673917791281153,2022-03-01 14:58:00+00:00,"Tonight, I’ll be taking the stage to deliver my State of the Union address to the nation.

Folks in every corner of the country are hosting parties to watch the address and discuss our vision for America. Join one here: 
https://t.co/hap8s9XNcu",False,7727,
1498352115625959425,2022-02-28 17:39:17+00:00,I believe it’s time that we have a Court that reflects the full talents and greatness of our nation with a nominee of extraordinary qualifications—and that we inspire all young people to believe that they can one day serve their country at the highest level. https://t.co/7G2LwCtzkB,False,14128,
1497703523366195201,2022-02-26 22:42:00+00:00,"With a uniquely accomplished and wide-ranging background both in public service and in private law practice, Judge Ketanji Brown Jackson cares about making sure our democracy works for the American people. She deserves to be confirmed to our nation’s highest court.",False,28222,
1497620726806978567,2022-02-26 17:13:00+00:00,"Two years ago, I made the commitment to nominate the first Black woman to the Supreme Court. I sought a candidate with exceptional credentials, unimpeachable character, and unwavering dedication to the rule of law. 

I’m proud to nominate Judge Ketanji Brown Jackson.",False,79009,
1497237531649261569,2022-02-25 15:50:19+00:00,RT @POTUS: I’m proud to announce that I am nominating Judge Ketanji Brown Jackson to serve on the Supreme Court. Currently serving on the U…,False,0,
1496955557277802498,2022-02-24 21:09:51+00:00,"RT @POTUS: I spoke with the G7 leaders today, and we are in full agreement:

We will limit Russia’s ability to be part of the global econom…",False,0,
1496696324925779978,2022-02-24 03:59:45+00:00,"RT @POTUS: Russia alone is responsible for the death and destruction this attack will bring, and the United States and its Allies and partn…",False,0,
1496696286766149635,2022-02-24 03:59:36+00:00,RT @POTUS: The prayers of the world are with the people of Ukraine tonight as they suffer an unprovoked and unjustified attack by Russian m…,False,0,
1496246304627957766,2022-02-22 22:11:32+00:00,"RT @POTUS: At every step, we have shown that the United States and our Allies and partners are working in unison. 
 
We are united in our s…",False,0,
1495920792818925568,2022-02-22 00:38:04+00:00,RT @POTUS: I have signed an Executive Order to deny Russia the chance to profit from its blatant violations of international law. We are co…,False,0,
1495172832669704193,2022-02-19 23:05:56+00:00,"RT @POTUS: On this Day of Remembrance of Japanese American Incarceration During World War II, we acknowledge the unjust incarceration of so…",False,0,
1494822544385449984,2022-02-18 23:54:01+00:00,"The Great Lakes provide more drinking water than any set of lakes in the world, benefitting more than 40 million people. Our historic investment in their restoration will help ensure that they can continue to be enjoyed today, tomorrow, and for generations to come.",False,21902,
1494805968793841672,2022-02-18 22:48:09+00:00,"RT @POTUS: The American people are united. Europe is united. The Transatlantic community is united. The entire free world is united.
 
Russ…",False,0,
1494790530991013893,2022-02-18 21:46:49+00:00,RT @POTUS: I spoke today with Transatlantic Allies and partners to discuss Russia’s military build-up in and around Ukraine. We agreed on o…,False,0,
1494749358306349064,2022-02-18 19:03:12+00:00,"We’re investing $1 billion to make the most significant restoration and cleanup of the Great Lakes in its history. 

Thanks to my Bipartisan Infrastructure Law, we will strengthen the region's economy, provide clean drinking water, and create more good-paying jobs. https://t.co/3qmGaFZR0g",False,5404,
1494681608577822721,2022-02-18 14:33:59+00:00,"RT @POTUS: Let’s go, @TeamUSA! Jill and I are so proud of everything America's athletes have accomplished so far, and we look forward to se…",False,0,
1494373585716187147,2022-02-17 18:10:01+00:00,"17 Nobel Prize winners in economics say the Build Back Better Agenda will ease longer-term inflationary pressures.

We can get this done.",False,29697,
1494079142404448256,2022-02-16 22:40:00+00:00,"If Congress passes our Build Back Better Agenda, we can lower costs for working families with a stroke of a pen.",False,30521,
1493993676221169667,2022-02-16 17:00:24+00:00,"My Build Back Better Agenda would lower child care costs, helping parents get back to work. This will help reduce the burden on hardworking families and give them the breathing room they’ve needed. 
https://t.co/f56piST17T",False,6698,
1493691774505787392,2022-02-15 21:00:45+00:00,"RT @POTUS: From the beginning of this crisis, I have been clear and consistent: The United States is prepared no matter what happens.  
 
W…",False,0,
1493315864288018439,2022-02-14 20:07:01+00:00,"Under the Build Back Better plan, no one making under $400,000 per year will see their taxes go up a single penny.",False,38163,
1493262766198636544,2022-02-14 16:36:01+00:00,"The Bipartisan Infrastructure Law includes $7.5B for states to start building a national network of electric vehicle chargers. Using American parts, these chargers will be installed up and down our highways and the benefits will ripple thousands of miles in every direction.",False,10970,
1493253497273389070,2022-02-14 15:59:11+00:00,"RT @POTUS: You’re the love of my life and the life of my love, Jilly. Happy Valentine’s Day. https://t.co/bDNWg6gYbW",False,0,
1493239744788152320,2022-02-14 15:04:32+00:00,"RT @POTUS: On February 14th, 2018, a gunman stole the lives of 14 students and 3 educators at Marjory Stoneman Douglas High School. Today w…",False,0,
1492940390135123973,2022-02-13 19:15:01+00:00,"We're on track to build a convenient, reliable, equitable national public charging network so that, no matter where you live in America, charging an electric vehicle will be quick and easy. 

This foundation will help American automakers set the pace for electric vehicles.",False,11501,
1492905157088141316,2022-02-13 16:55:00+00:00,"The clean energy investments in my Build Back Better plan will set our country on track to create more good-paying jobs, lower energy costs for families, and combat the climate crisis—without raising costs for working families.",False,10007,
1492898872405991431,2022-02-13 16:30:02+00:00,"If it costs drug companies less than $10 to make a vial of insulin, there’s no reason Americans should pay over $300 for this life-saving medicine. 

Under my Build Back Better Agenda, we can cap co-pays for insulin at $35 a month.",False,36728,
1492623802248871943,2022-02-12 22:17:00+00:00,"Last year, the American Rescue Plan made affordable, quality coverage a reality for over 5M Americans. My Build Back Better Agenda extends that access by lowering prescription drug costs, capping costs for people on Medicare, and bringing greater transparency to hospital care.",False,12119,
1492602914036236288,2022-02-12 20:54:00+00:00,"Nearly one in four Americans struggle to afford prescription drugs. 

Nearly 30% have skipped doses—or cut pills in half—because they can’t afford the costs.

The Build Back Better Agenda will help lower prescription costs and make these life-saving drugs more affordable.",False,12960,
1492535026814234630,2022-02-12 16:24:15+00:00,No American should have to ration or avoid refilling prescriptions because they cannot afford them. My Build Back Better Agenda would help change this. https://t.co/l1aUkcJqJ4,False,9453,
1492240928328794116,2022-02-11 20:55:36+00:00,"We’re gearing up to make all 600,000 federal government vehicles electric, bringing more manufacturing jobs back to our country, and building supply chains here at home. We’re making “buy American” a reality—not just a promise.",False,36809,
1491951120029212692,2022-02-11 01:44:00+00:00,"Last year saw the highest increase in U.S. manufacturing jobs in nearly 30 years. 

By investing in innovation and manufacturing, we’ll create thousands of additional jobs helping build America’s products here in America.",False,11027,
1491890979573542912,2022-02-10 21:45:02+00:00,"With my Build Back Better plan, we’ll usher in a new generation of electricity—one that builds a clean energy future for America. We’ll rebuild our grid to be more resilient against extreme weather and lower energy costs for families.",False,12755,
1491887296177754118,2022-02-10 21:30:23+00:00,"RT @POTUS: We can cap co-pays for insulin at $35 a month.

We could do that with the stroke of a pen.

The Senate just needs to pass my Bui…",False,0,
1491547712784850954,2022-02-09 23:01:01+00:00,"From my time as vice president to now, I'm making sure our country is built on good-paying union jobs because we know that when folks get a decent wage, not only do workers get a little breathing room, but everybody in the community does better.",False,18741,
1491190232813043712,2022-02-08 23:20:31+00:00,RT @POTUS: I want every member of the LGBTQI+ community — especially the kids who will be impacted by this hateful bill — to know that you…,False,0,
1491164184461066247,2022-02-08 21:37:00+00:00,"Get vaccinated. 
Get boosted. 
Wear a mask while you’re in public. 

We are going to get through this together.",False,55533,
1491146095799717889,2022-02-08 20:25:08+00:00,"RT @POTUS: Today’s announcement by Tritium is part of the drumbeat of a jobs resurgence unlike anything we’ve seen before.
 
Let’s keep com…",False,0,
1490841561625677827,2022-02-08 00:15:01+00:00,"Folks, I am proud to call myself a union president because organized unions know how to get it done. And we are going to ensure that we build a better America for those who build this country—the middle class.",False,33247,
1490733869942910977,2022-02-07 17:07:05+00:00,"There’s a clear choice between a party that is focused on the future, and a party that’s focused on trying to relitigate the past. If you’re able, chip in to support electing Democrats who will help continue moving our nation forward.
https://t.co/GqkAHx3GwO",False,4358,
1490721748068753410,2022-02-07 16:18:55+00:00,RT @POTUS: I look forward to welcoming German Chancellor Olaf Scholz to the White House this afternoon. We’re working together to support U…,False,0,
1490484203816988672,2022-02-07 00:35:00+00:00,"When we invest in innovation, it powers up the private sector to do what it does best: creating new technologies, new industries, and most importantly new good-paying jobs. These are the kinds of partnerships that help us build a made in America future. 

We can't slow down now.",False,9798,
1490449977495203840,2022-02-06 22:19:00+00:00,"Americans have missed more than 9 million cancer screenings in the last two years because of COVID-19. 

If you were supposed to get a cancer screening during the pandemic, call your primary care doctor today.",False,16245,
1490423302480973827,2022-02-06 20:33:00+00:00,"The Bipartisan Infrastructure Law will rebuild our nation’s roads and bridges, creating more good union jobs. And we’ll do it by supporting union-based apprenticeships, community colleges, and on-the-job trainings in manufacturing and construction.",False,8787,
1490404428314152960,2022-02-06 19:18:00+00:00,"I know that there is more work to do to repair the frustration and fatigue in our country as a result of the pandemic, but we have come a long way in one year. Life-saving vaccines and an increase in our supply of tests are helping us get on track to moving beyond the pandemic.",False,14751,
1490354631381336066,2022-02-06 16:00:08+00:00,"From the largest drop in the unemployment rate on record to the largest reduction in childhood poverty ever recorded in a single year, my first year in office saw the strongest economic growth in nearly 40 years. 

There’s more work to do, but America is on the move.",False,14301,
1490129421788983298,2022-02-06 01:05:14+00:00,"I know January was a hard month for many Americans. After almost two years, the emotional and physical weight of the pandemic has been incredibly difficult to bear for so many folks across the country.

But, despite the challenges, we have the tools to keep our recovery going. https://t.co/9pddR3Jr6z",False,6814,
1490105461324062721,2022-02-05 23:30:01+00:00,"Stronger law enforcement is critical to stopping gun crime, but it’s made more effective when we invest in strengthening our communities.

My comprehensive strategy makes sure cities and states have the tools they need to invest in proven, community-based tactics to reduce crime.",False,8877,
1490073497233760256,2022-02-05 21:23:00+00:00,"The Bipartisan Infrastructure Law isn’t just about infrastructure—it’s about jobs.

We’re going to create good-paying jobs for Americans by modernizing our bridges, highways, roads, ports, and airports.",False,8158,
1490028761261170697,2022-02-05 18:25:14+00:00,"I committed to this fight when I was Vice President. It's one of the reasons why, quite frankly, I ran for president. Let there be no doubt: Now that I am president, this is a presidential White House priority. Period. https://t.co/sXKyYt2Cz5",False,7025,
1490005802819674117,2022-02-05 16:54:01+00:00,"The hardships of the past two years are hard to overstate. But please know that our country and economy are in a much better place today. There is still more work to be done, but we are doing everything we can to prepare for a future beyond the pandemic.",False,13621,
1489988439403638790,2022-02-05 15:45:01+00:00,"In January our economy created 467,000 jobs, exceeding all expectations. 

Over the last 12 months, our country added 6.6 million jobs—more than during any 12-month period in our nation’s history.",False,13759,
1489763496006979585,2022-02-05 00:51:10+00:00,"I've asked Congress to provide $200 million to invest in community violence intervention programs that can interrupt violence, mediate conflict, de-escalate, and succeed in preventing shootings. https://t.co/X7xvKPTLPG",False,6799,
1489727467413778440,2022-02-04 22:28:00+00:00,"We are supercharging the Cancer Moonshot. The goal is to cut the cancer death rate in half in the next 25 years. 

It’s bold. It’s ambitious. But it's completely doable.",False,19696,
1489607962737971205,2022-02-04 14:33:08+00:00,"RT @POTUS: We created 467,000 jobs in January. That’s more than 6.6 million jobs since I took office.

2021 was the greatest year of job cr…",False,0,
1489346480750178307,2022-02-03 21:14:06+00:00,"The Bipartisan Infrastructure Law will reconnect communities by modernizing highways, repairing bridges, and making the largest investment ever in affordable, high-speed Internet. 

Our country has never made such significant investments. Now we are.",False,7217,
1489296382582304769,2022-02-03 17:55:02+00:00,"Get vaccinated. 
Get boosted. 
Wear a mask while you’re in public. 

We are going to get through this together.",False,50513,
1489230943558815744,2022-02-03 13:35:00+00:00,"RT @POTUS: Last night at my direction, U.S. military forces successfully undertook a counterterrorism operation. Thanks to the bravery of o…",False,0,
1489033649962065920,2022-02-03 00:31:01+00:00,"To build a truly strong economy, we need a future that's made in America.
https://t.co/IFDZ05pw0R",False,7199,
1488964300970643460,2022-02-02 19:55:27+00:00,"RT @POTUS: Today, I’m proud to announce our plan to supercharge the Cancer Moonshot as a central effort of the Biden-Harris Administration.…",False,0,
1488922707278368774,2022-02-02 17:10:10+00:00,"This time last year, at-home tests were difficult to come by. Now, we’re making 1 billion at-home tests available to order to your home—for free.

Visit https://t.co/S3QwmHvt3K or call (800) 232-0233 to get yours.",False,7695,
1488892530632581132,2022-02-02 15:10:16+00:00,"As I said during a meeting with the National Governors Association, last year was the greatest year of job growth in American history. And we’ll keep it going in 2022. https://t.co/pEzLF2zDpF",False,4956,
1488616901760757760,2022-02-01 20:55:01+00:00,"Happy Lunar New Year to those celebrating throughout the nation and around the world. I’m grateful for the invaluable contributions the AAPI community has made to our society, economy, and culture. May the Year of the Tiger bring happiness, health, and prosperity to all.",False,13089,
1488566627385982976,2022-02-01 17:35:14+00:00,"Black History Month serves as both a celebration and a powerful reminder that Black history is American history, Black culture is American culture, and Black stories are essential to the ongoing story of America—our faults, our struggles, our progress, and our aspirations. https://t.co/nW7Fe3YbOx",False,6409,
1488522794468093952,2022-02-01 14:41:04+00:00,"RT @POTUS: Our nation was founded on an idea: that all of us are created equal. As we celebrate National Black History Month, we recommit o…",False,0,
1488312141430071300,2022-02-01 00:44:00+00:00,"Since I was sworn in, America has added an additional 367,000 good-paying manufacturing jobs in America—the highest increase in U.S. manufacturing jobs in 30 years.",False,28576,
1488250289635438597,2022-01-31 20:38:14+00:00,"Extreme weather cost the country $145 billion last year alone. And it’s not going to ease up.

Our Bipartisan Infrastructure Law invests in our resilience, building roads higher, our levees stronger, and our power grids more durable so that they can stand up to extreme weather. https://t.co/PaxoP3kzXt",False,6134,
1487222141959479303,2022-01-29 00:32:44+00:00,"RT @POTUS: This morning, the Frick Park Bridge collapsed in Pittsburgh. This afternoon, I visited the site and met with local officials. Ji…",False,0,
1487191758903599117,2022-01-28 22:32:00+00:00,"Fastest economic growth in nearly four decades.
Greatest year of job growth in American history. 

This is no accident. 

Our economic strategy is creating good jobs for Americans and making our companies more competitive. And it’s just the beginning.",False,16654,
1487171316046249985,2022-01-28 21:10:46+00:00,"RT @POTUS: Good news, folks: You can get free COVID-19 tests delivered right to your home. Head to https://t.co/12LzJrqFsC to get yours tod…",False,0,
1487128090648227843,2022-01-28 18:19:00+00:00,"After four decades and 28 years on the United States Supreme Court, I commend Justice Stephen Breyer’s life of service. His brilliance, his desire to know more, kindness to those around him, and his optimism for the promise of our country has made him a model public servant.",False,13279,
1486862338116534279,2022-01-28 00:43:00+00:00,"I’m keeping the commitment I made during my campaign for president—I will nominate the first Black woman to the United States Supreme Court.
https://t.co/aoVrliWiMH",False,10661,
1486836920927797248,2022-01-27 23:02:00+00:00,"Last year, we had the fastest economic growth in 38 years.

While there is still more work to do, it’s clear we are finally building an American economy for the 21st century.",False,24399,
1486713091467268102,2022-01-27 14:49:57+00:00,"RT @POTUS: In 2021, we had the fastest economic growth since 1984.
 
The Biden economic plan is working, folks.",False,0,
1486007260446867460,2022-01-25 16:05:14+00:00,"RT @POTUS: A handful of giant corporations are dominating industries from tech to agriculture — and Americans are paying the price.
 
My Ad…",False,0,
1485758484197040142,2022-01-24 23:36:41+00:00,"RT @POTUS: To those who have not been vaccinated yet: now is the time.
 
Protect yourself and your family.",False,0,
1485725598995603456,2022-01-24 21:26:00+00:00,"Good-paying, decent jobs you can raise a family on. 
Jobs for the future. 
Jobs in every part of the country.

That’s what made in America is all about.",False,22470,
1485645579682304002,2022-01-24 16:08:02+00:00,Please wear a mask. It’s an important tool to help stop the spread of the Omicron variant.,False,66487,
1485345346066829318,2022-01-23 20:15:01+00:00,Get your booster shot.,False,95411,
1485037816446865408,2022-01-22 23:53:00+00:00,"Folks, we’re not going to give up. Some people may call what is happening now the new normal. I call it a job not yet finished. We are moving toward a time when COVID-19 won’t disrupt our daily lives. We may not be there yet, but we will get there.",False,47222,
1485000822098382849,2022-01-22 21:26:00+00:00,"The Bipartisan Infrastructure Law is going to upgrade everything from roads, bridges, airports, transit, railroad, to make our economy move faster and reduce prices for families. It's going to create better jobs for Americans across the country. We’ll be moving again.",False,13848,
1484958617090543620,2022-01-22 18:38:18+00:00,RT @POTUS: The constitutional right established in Roe v. Wade 49 years ago today is under assault as never before. We must recommit to str…,False,0,
1484941573796286466,2022-01-22 17:30:34+00:00,RT @POTUS: Jill and I are saddened to hear two NYPD officers were shot last night — one fatally. We’re keeping them and their families in o…,False,0,
1484679250984804353,2022-01-22 00:08:12+00:00,There’s a clear choice in the midterms: there’s a party that works for people and is focused on the future—and a party that works for one man and is focused on relitigating the past. https://t.co/j82xpPppwx,False,11440,
1484650575262363652,2022-01-21 22:14:15+00:00,"Over the last year, we have seen the grit and determination of the American people in the face of some of the biggest challenges. But I believe the best days of our country are ahead of us. We will get through this. https://t.co/ViiocVN6Oc",False,7111,
1484590939196862464,2022-01-21 18:17:16+00:00,"While the Omicron variant may be a cause for concern, it’s not cause for panic. Between vaccines and boosters to masks and at-home tests, we have the tools to save lives and keep our businesses and schools open. https://t.co/8aqqDGmCVJ",False,6083,
1484340974813790215,2022-01-21 01:44:00+00:00,"More than 200 million Americans are vaccinated.
One billion free COVID-19 tests are available for Americans to order. 
More than 400 million free masks will soon be distributed to communities nationwide.

We will get through this pandemic together.",False,11429,
1484308008351924227,2022-01-20 23:33:00+00:00,"One year ago, we promised that we would move quickly to deliver results for working families. From getting shots in arms and getting people back to work, to passing laws to create jobs and rebuild our crumbling infrastructure, we are making progress for the American people.",False,17472,
1484297689906958340,2022-01-20 22:52:00+00:00,"Tune in tonight as Vice President @KamalaHarris and I host a grassroots event to celebrate what we’ve accomplished this past year and what’s next. RSVP now.
https://t.co/tBNkNnRQNw",False,4721,
1484280073620541443,2022-01-20 21:42:00+00:00,"RT @POTUS: The last year has been a year of challenges, but it’s also been a year of enormous progress. https://t.co/snfEyGWGD4",False,0,
1484262714130288648,2022-01-20 20:33:01+00:00,"One year ago, we started to write an American story of hope, not fear. 
Of unity, not division. 
Of light, not darkness.

An American story of decency and dignity.
Of love and of healing.
Of greatness and of goodness.

May this be the story that continues to guide us forward.",False,12711,
1484215137284333573,2022-01-20 17:23:58+00:00,"I've never been more optimistic about America's future. 
https://t.co/UzOdpHW5RB",False,5735,
1484210869928144901,2022-01-20 17:07:01+00:00,"RT @POTUS: 210 million Americans fully vaccinated.
96% of schools open.
6.4 million jobs created.
3.9% unemployment.
5 million Americans ga…",False,0,
1484198537306984451,2022-01-20 16:18:01+00:00,"Our first year was the greatest year of job growth in modern American history, including over 6 million jobs added—more in one year than ever on record. We have more work ahead, but I know we can do it together.",False,18769,
1484173968051425281,2022-01-20 14:40:23+00:00,"January 20, 2021 was a day of renewal and resolve for our nation. With hope, we set our sights on a nation we knew we could be and must be. 

And it was just the beginning. https://t.co/VDhqch8xU9",False,8785,
1484008488913326081,2022-01-20 03:42:49+00:00,RT @POTUS: I am profoundly disappointed that the Senate has failed to stand up for our democracy. I am disappointed — but I am not deterred…,False,0,
1483970281685270534,2022-01-20 01:11:00+00:00,"From getting more than 200 million Americans fully vaccinated to the addition of over 6 million new jobs, we’ve made record progress for working families over the last year.",False,25847,
1483854287776141318,2022-01-19 17:30:05+00:00,"A year ago, we set out to write the next chapter in the American story.

Join me and Vice President @KamalaHarris this Thursday for a virtual event as we reflect on our first year and look ahead to the future.
https://t.co/tBNkNnRQNw",False,6989,
1483446750169997313,2022-01-18 14:30:41+00:00,"RT @POTUS: Jim Crow 2.0 is about two insidious things: voter suppression and election subversion. It’s about making it harder to vote, who…",False,0,
1483118182965690372,2022-01-17 16:45:04+00:00,"On Martin Luther King, Jr. Day, we must protect the hard-fought gains he helped achieve—and continue his unfinished struggle for a freer and more just society by raising our voices to confront abuses of power, challenge hate and discrimination, and protect the right to vote.",False,34196,
1483089224073162753,2022-01-17 14:50:00+00:00,"RT @POTUS: On Martin Luther King Jr. Day, we must commit to his unfinished work – of delivering jobs and justice, and protecting the sacred…",False,0,
1482787992146259968,2022-01-16 18:53:00+00:00,"If you have not gotten vaccinated, do it. Personal choice impacts all of us—our hospitals, our country. 

COVID-19 is one of the most formidable things America's ever faced. We have to work together, not against each other. We are the United States of America. We can do this.",False,31034,
1482396411236917253,2022-01-15 16:57:00+00:00,"Repairing and rebuilding our nation's bridges
Delivering clean water for every American
Expanding access to high-speed internet 
Building resilience against severe weather

The Bipartisan Infrastructure Law is making critical investments that we've never seen before.",False,12762,
1482166143494369284,2022-01-15 01:42:00+00:00,"Across the country, 45,000 of our bridges are in desperate need of repair. My Bipartisan Infrastructure Law includes $40 billion to make those repairs.",False,25614,
1482026474102300673,2022-01-14 16:27:00+00:00,"I’ve said it before: If you are unvaccinated, and test positive, you are 17 times more likely to get hospitalized.

The best way to keep yourself and your family safe is to get vaccinated, boosted, and wear a mask indoors and in public spaces.",False,38779,
1481998275800711179,2022-01-14 14:34:57+00:00,"RT @POTUS: Great news, folks. A record 10 million people have enrolled in health care through https://t.co/gRX1fGFEzj since November 1st.…",False,0,
1481687240011091968,2022-01-13 17:59:01+00:00,"21st century Jim Crow is about voter suppression and subversion—it’s about who gets to vote, who counts your vote, and whether your vote is counted.

The Senate must pass the John Lewis Voting Rights Advancement Act and the Freedom to Vote Act.",False,22688,
1481656544878120961,2022-01-13 15:57:02+00:00,"RT @POTUS: I am directing my team to procure 500 million more COVID-19 at-home, rapid tests. 

That will mean one billion tests to be distr…",False,0,
1481428029805060102,2022-01-13 00:49:00+00:00,"It’s not enough to praise Congressman John Lewis’ memory. In order to follow in his footsteps, we must translate eulogy into action and support the bill in his name.

The Senate must pass the John Lewis Voting Rights Advancement Act and the Freedom to Vote Act.",False,20584,
1481390084696035332,2022-01-12 22:18:13+00:00,"Last year alone, 34 laws were enacted in 19 states with provisions restricting voting rights.

What’s their end game? To turn the will of the voters into a mere suggestion. https://t.co/T9ufFTgqYz",False,9527,
1481344042562695172,2022-01-12 19:15:16+00:00,"The right to vote and to have that vote counted is democracy’s threshold liberty. Without it, nothing is possible.

This is about all of us. It’s about the people. It’s about America. https://t.co/nfBiII7uvk",False,8110,
1481300188606222340,2022-01-12 16:21:00+00:00,"I'll be clear: to protect our democracy, I support changing the Senate rules to prevent a minority of senators from blocking action on voting rights.",False,58955,
1481028679685873664,2022-01-11 22:22:08+00:00,"RT @POTUS: When it comes to protecting majority rule in America, a majority should rule in the United States Senate.
 
To protect our democ…",False,0,
1481011265556430851,2022-01-11 21:12:56+00:00,RT @POTUS: Tune in as I deliver remarks on the urgent need to pass legislation to protect the constitutional right to vote and the integrit…,False,0,
1480915474464526345,2022-01-11 14:52:17+00:00,RT @POTUS: History has never been kind to those who have sided with voter suppression over voting rights. And it will not be kind to those…,False,0,
1480678187722059777,2022-01-10 23:09:24+00:00,"RT @POTUS: January 6, 2021 made it clear: there is a dagger at the throat of our democracy.
 
Tomorrow, I’m headed to Atlanta where I will…",False,0,
1480311475638046724,2022-01-09 22:52:13+00:00,"Since the start of my presidency, Republicans have done nothing but try to obstruct the country's economic recovery. https://t.co/WivbP7JWNF",False,19755,
1480209753095688197,2022-01-09 16:08:00+00:00,"From day one, my economic agenda has been different. It's been about taking a fundamentally new approach to our economy: one that sees the prosperity of working families as a solution, not the problem.",False,31481,
1479976616252039168,2022-01-09 00:41:36+00:00,"RT @POTUS: Harry Reid and I grew up on different sides of the country, but we came from the same place where certain values run deep. Loyal…",False,0,
1479842843644645377,2022-01-08 15:50:02+00:00,"RT @POTUS: Yesterday afternoon, I visited Colorado to see the aftermath of the recent wildfire firsthand and meet with those impacted. As I…",False,0,
1479640911462248448,2022-01-08 02:27:38+00:00,"RT @POTUS: The son of tomato farmers in the Bahamas, Sidney Poitier became the first Black man to win the Academy Award for Best Actor — bu…",False,0,
1479631030709624834,2022-01-08 01:48:22+00:00,"I believe the power of the presidency and the purpose is to unite this nation, not divide it. https://t.co/RzELTfTV9a",False,14001,
1479595957343895553,2022-01-07 23:29:00+00:00,"Right now, in states throughout the country, new laws are being written not to protect the vote, but to deny it. The former president and his supporters want not only to suppress the vote, but to subvert it. 

It’s wrong, undemocratic, and un-American.",False,35754,
1479579411812954122,2022-01-07 22:23:15+00:00,Today’s a historic day for America’s economic recovery. https://t.co/PG8EAIk415,False,5657,
1479565323066134531,2022-01-07 21:27:16+00:00,The election of 2020 was the greatest demonstration of democracy in the history of this country. https://t.co/49b2vmejBz,False,7586,
1479554183237935113,2022-01-07 20:43:00+00:00,"Folks, get your booster.",False,105476,
1479522725416816641,2022-01-07 18:38:00+00:00,The FDA has now authorized booster shots for children ages 12 to 15. Vaccinating our children is the best way to protect them from the Omicron variant.,False,15908,
1479516003675652102,2022-01-07 18:11:18+00:00,"We must be absolutely clear about what is true and what is a lie. 

The former president did what no president in the history of this country has ever done: He refused to accept the results of an election and the will of the American people. https://t.co/QCWCcbofUM",False,12319,
1479460570847973378,2022-01-07 14:31:01+00:00,"Folks, I know we're all tired and frustrated about the pandemic.

But please, wear your mask in public to protect yourself and others. Get vaccinated and boosted. Take advantage of what resources we already have. We’ll get through this—together.
https://t.co/2CbSjLwOcG",False,13744,
1479255214284812293,2022-01-07 00:55:00+00:00,"Folks, we have a responsibility to see that America is an idea. One that requires vigilant stewardship.

As we stand here today, one year since January 6, 2021, we must be firm and resolute and unyielding in our defense of the right to vote and to have that vote counted.",False,21231,
1479236394161778689,2022-01-06 23:40:13+00:00,"I did not seek this fight brought to this Capitol one year ago today, but I will not shrink from it either. 

I will stand in this breach and defend this nation. I will not allow anyone to place a dagger at the throat of democracy. The will of the people will be heard. https://t.co/spR4EkrVb7",False,14102,
1479226302423044103,2022-01-06 23:00:07+00:00,You cannot love your country only when you win. You cannot obey the law only when it's convenient. You cannot be patriotic when you embrace and enable lies.,False,150909,
1479215017274847237,2022-01-06 22:15:17+00:00,"Here is the truth about what we saw on January 6, 2021: Rioters menaced the halls of the Capitol. They were not looking to save the cause of America, but to subvert the Constitution. https://t.co/fvzTT3Czos",False,13755,
1479203536256831508,2022-01-06 21:29:39+00:00,"One year ago, democracy was attacked. 

For the first time in our history, a president tried to prevent the peaceful transition of power as a violent mob reached the Capitol. 

But they failed. We must work to ensure that it never happens again.",False,46924,
1479104150428209157,2022-01-06 14:54:44+00:00,"RT @POTUS: Here is the truth: The former president of the United States has created and spread a web of lies about the 2020 election.

He’s…",False,0,
1479092205990121479,2022-01-06 14:07:16+00:00,RT @POTUS: Tune in as I deliver remarks to mark one year since the January 6th deadly assault on the Capitol. https://t.co/nvklC2pgl8,False,0,
1479084731627184128,2022-01-06 13:37:34+00:00,"RT @POTUS: One year ago today, democracy was attacked. The will of the people was under assault. And our Constitution faced the gravest of…",False,0,
1478865897750245393,2022-01-05 23:08:00+00:00,"Let’s be clear: Booster shots work. They’re safe and provide the highest level of protection against the Omicron variant. 
https://t.co/sDOh06E5dD",False,10438,
1478840731968184325,2022-01-05 21:28:00+00:00,The COVID-19 vaccine and booster are our best defense to end this pandemic—and the best way to protect yourself and your loved ones. Get vaccinated.,False,24751,
1478835951518552066,2022-01-05 21:09:00+00:00,"Millions rely on public transit every day—to get to work, to school, to visit with family. But many communities, especially communities of color, lack sufficient transit options. 

My Bipartisan Infrastructure Law will expand public transit and replace outdated vehicles.",False,8172,
1478798705352396802,2022-01-05 18:41:00+00:00,"If you’re fully vaccinated and boosted, you are highly protected from the Omicron variant.

And we have enough vaccines to get every American fully vaccinated, including their booster shot. Get vaccinated, folks.",False,37169,
1478498476845682694,2022-01-04 22:48:00+00:00,"Folks, get vaccinated.",False,156750,
1478455879875899395,2022-01-04 19:58:44+00:00,"RT @POTUS: Today, we are doubling our Pfizer antiviral pill order from 10 million to 20 million treatment courses.
 
These pills have been…",False,0,
1478114449450049545,2022-01-03 21:22:01+00:00,"This year, we'll keep: 

Investing in America.
Rebuilding America.
And building a better America for all. https://t.co/TCdzmyDtrp",False,23348,
1478040106980331522,2022-01-03 16:26:36+00:00,"RT @POTUS: Right now, 400,000 schools and child care centers are at risk of exposure to lead in their water. It’s unacceptable.
 
We’re rep…",False,0,
1477340350947725322,2022-01-01 18:06:01+00:00,"In 2022, we’re going to keep building a better America. Happy New Year! https://t.co/RWAayKDwJH",False,139842,
1477152612231389186,2022-01-01 05:40:01+00:00,"RT @POTUS: Happy New Year, folks! https://t.co/UrgNq8iZuE",False,0,
1477038711351259145,2021-12-31 22:07:25+00:00,RT @POTUS: Betty White brought a smile to the lips of generations of Americans. She’s a cultural icon who will be sorely missed. Jill and I…,False,0,
1476618089273905158,2021-12-30 18:16:01+00:00,"This new sinister combination of voter suppression and election subversion—it's un-American and it's undemocratic.

We must pass the Freedom to Vote Act and the John Lewis Voting Rights Advancement Act.",False,46364,
1476597193230503938,2021-12-30 16:52:59+00:00,"RT @POTUS: When I came into office, our economy was in crisis. 
 
But over the last 11 months, we’ve added nearly 6 million jobs.
 
That’s…",False,0,
1476388733385678851,2021-12-30 03:04:38+00:00,"RT @POTUS: Today, I committed $137 million to expanding the production of COVID-19 at-home tests using our military authority in order to m…",False,0,
1476034320833859584,2021-12-29 03:36:20+00:00,"RT @POTUS: A son of Searchlight, Nevada, Harry never forgot his humble roots. A boxer, he never gave up a fight. A great American, he looke…",False,0,
1475971575249874947,2021-12-28 23:27:00+00:00,"As we continue our holiday celebrations and head into the new year, remember that the best way to protect your health and keep your loved ones safe from COVID-19 and the Omicron variant is to get vaccinated and get your booster shot.",False,20053,
1475967046450139144,2021-12-28 23:09:00+00:00,"RT @POTUS: My Administration has the back of every governor fighting COVID-19 in their state. Last week, I rolled out a federal plan to tac…",False,0,
1475923008925614082,2021-12-28 20:14:01+00:00,"The most valuable tool we have to lower the costs of prescription drugs, child care, and health care for families is my Build Back Better Act. 

It’s fully paid for, will not increase the deficit, and won’t raise the taxes by one penny for anyone making less than $400,000 a year.",False,16429,
1475565652010319877,2021-12-27 20:34:00+00:00,"When it comes to voter suppression, it’s no longer just about making it easy for eligible people to vote—it's about whether or not those votes will count at all.

It's simple: voter suppression is un-American, un-democratic, and unpatriotic.",False,38262,
1475203037132210185,2021-12-26 20:33:06+00:00,"RT @POTUS: Today, we are heartbroken to learn of the passing of a true servant of God and of the people, Archbishop Desmond Tutu of South A…",False,0,
1475144376175235073,2021-12-26 16:40:00+00:00,"Sending warm wishes to all who are celebrating Kwanzaa this week. We hope these days of reflection on the seven principles bring light, happiness, and peace in the coming year.",False,26152,
1474763376563789834,2021-12-25 15:26:03+00:00,"On behalf of the entire Biden family, Jill and I want to wish you a very Merry Christmas. https://t.co/2dIRa6XIEV",False,55634,
1474761668152471554,2021-12-25 15:19:16+00:00,"RT @POTUS: From our family to yours, Merry Christmas! May your time with loved ones be filled with warmth, comfort, and joy this holiday se…",False,0,
1474540043423391744,2021-12-25 00:38:36+00:00,"RT @POTUS: This morning, the First Lady and I stopped by the Children’s National Hospital to spread a little holiday cheer. We hope everyon…",False,0,
1474188578758533123,2021-12-24 01:22:00+00:00,"Gas prices are down ten cents nationally, and some states across the country are seeing gas prices at pre-pandemic averages. This will help so many Americans who are traveling this week.",False,55917,
1474161901865259010,2021-12-23 23:36:00+00:00,"Packages are moving, gifts are being delivered, and shelves are stocked. Today, retail inventories are up more than 3% from last year. 

We’re making progress.",False,36601,
1474142214171287555,2021-12-23 22:17:46+00:00,"RT @POTUS: I had the honor of hosting the 2021 Kennedy Center Honorees this month at the White House. These folks are giants of the arts, a…",False,0,
1474095416077660172,2021-12-23 19:11:49+00:00,"RT @POTUS: We should all be concerned about Omicron, but not panicked.

If you’re fully vaccinated — and especially if you got boosted — yo…",False,0,
1474082380851855368,2021-12-23 18:20:01+00:00,"My Bipartisan Infrastructure Law includes the largest investment of public transit ever and will replace diesel buses with electric ones. This will get more people where they are going safer, faster, and cleaner for the environment. It’s a win, win, win.",False,12247,
1473817128910401541,2021-12-23 00:46:00+00:00,"Two years earlier than experts predicted, the economy has added nearly 6 million jobs and the unemployment rate is down to 4.2%. Let’s keep this historic progress moving by passing Build Back Better.",False,21796,
1473790705743056899,2021-12-22 23:01:00+00:00,"If you're over the age of 18 and six months have gone by since you got vaccinated, go get your booster. Go get it now.",False,63886,
1473739730311389191,2021-12-22 19:38:27+00:00,"RT @POTUS: Today, I announced my Administration is extending the pause on federal student loan repayments for an additional 90 days. https:…",False,0,
1473731819673694211,2021-12-22 19:07:01+00:00,"We are not going back to March 2020. 

More than 200 million Americans have been fully vaccinated and today, we’re prepared for what’s coming. We must stay focused.",False,19197,
1473667190310199302,2021-12-22 14:50:12+00:00,"If you haven’t yet, please get vaccinated. It’s the best way to keep yourself and your loved ones safe from the Omicron variant. Now is the time. https://t.co/nLva52NSGI",False,9076,
1473472357440315394,2021-12-22 01:56:00+00:00,Booster shots provide the strongest protection against the Omicron variant. That’s why I got my booster—and encourage everyone who’s eligible to do so as well. https://t.co/7sEoXNjr9D,False,8333,
1473454994099687433,2021-12-22 00:47:00+00:00,"To the Americans who are wondering whether you can safely celebrate the holidays this weekend: the answer is yes, you can. 

If you and your families are vaccinated and follow the precautions, you should feel comfortable celebrating the Christmas holiday as you have planned.",False,21511,
1473451662064902144,2021-12-22 00:33:46+00:00,RT @POTUS: We’re purchasing 500 million at-home rapid COVID tests that will be distributed for free to Americans who want them. https://t.c…,False,0,
1473121546638184451,2021-12-21 02:42:00+00:00,"RT @POTUS: Folks, Omicron cases are on the rise in the United States. I want to give you all a sense of where we are and what we know.",False,0,
1472983891002765313,2021-12-20 17:35:00+00:00,"RT @POTUS: Right now, there’s a kid out there whose family can’t afford her insulin because it costs $1,000 per month. The Build Back Bette…",False,0,
1471966938821767171,2021-12-17 22:14:00+00:00,"There aren't a lot of things that almost every American can agree on. But I think it's safe to say that all of us can agree that prescription drugs are outrageously expensive in our country. 

Under my Build Back Better bill, which has passed the House, they won’t be.",False,21640,
1471902859784556547,2021-12-17 17:59:23+00:00,"RT @POTUS: In my first year in office, we’ve passed two of the most important pieces of economic legislation in decades.
 
The third is in…",False,0,
1471848921374859269,2021-12-17 14:25:03+00:00,"Six months out from your second Pfizer or Moderna vaccine shot or two months out from your Johnson &amp; Johnson shot? 

Get your booster.",False,27042,
1471632488166477831,2021-12-17 00:05:01+00:00,"The shock of losing a home or business, the grief of losing a loved one during the holidays, is traumatizing. 

We are going to ensure that folks in Kentucky and all those affected by the tornadoes have all the mental health resources they need to get through this difficult time.",False,11536,
1471597260035272707,2021-12-16 21:45:02+00:00,"The Build Back Better Act will lower the core costs that have held Americans back for decades: on everything from health care and child care to prescription drugs and housing. 

No Republican in Congress supports it.",False,14084,
1471580901180063746,2021-12-16 20:40:02+00:00,"To the people of Kentucky who have been devastatingly impacted by these tornadoes, know this—I intend to do whatever it takes, for as long as it takes, to help support your state and your local leaders recover and rebuild.
https://t.co/YKcUPa74vt",False,7386,
1471557905992269832,2021-12-16 19:08:39+00:00,RT @POTUS: Join me as I award the Medal of Honor to three American soldiers and deliver remarks. https://t.co/2JzvzqSvOv,False,0,
1471529060295663626,2021-12-16 17:14:02+00:00,"The American people deserve more than just a little breathing room—they deserve a real fighting chance to get ahead. The Build Back Better Act will prioritize families like yours and rebuild the backbone of America.
https://t.co/YXwRRtrmJ2",False,5491,
1471291235377762305,2021-12-16 01:29:00+00:00,"If you are vaccinated but still worried about the new variant, get your booster. 
If you aren't vaccinated, go get that first shot. 
We’ll fight the Omicron variant, together.",False,35121,
1471161652850614274,2021-12-15 16:54:05+00:00,RT @POTUS: I’m in Kentucky today to meet with local leaders and to survey the damage from the tornadoes and extreme weather. It will take a…,False,0,
1470976341986230275,2021-12-15 04:37:44+00:00,"RT @POTUS: As we mark 800,000 American deaths due to COVID-19, we must remember all those we have lost — and pray for their loved ones, esp…",False,0,
1470863418257297417,2021-12-14 21:09:00+00:00,"RT @POTUS: Nine years ago today, we lost 20 precious first-graders and six heroic educators at Sandy Hook Elementary School. As a nation, w…",False,0,
1470818377358786571,2021-12-14 18:10:02+00:00,"Life-saving, prescription medication shouldn’t break the bank.
https://t.co/DGDEm6QC1l",False,6446,
1470797484532596737,2021-12-14 16:47:01+00:00,"As we move into the winter and face the challenges of a new variant, this is a moment for us to put the divisiveness behind us. This is a moment for the nation to unite in a common purpose: To fight this virus, protect one another, and to protect our economic recovery.",False,21993,
1470549850831958018,2021-12-14 00:23:00+00:00,"Everybody talks about the price tag for the Build Back Better Act. 

But here’s the truth: If you make less than $400,000 a year, your taxes will not go up one single penny under our plan.",False,30654,
1470506327524978695,2021-12-13 21:30:03+00:00,"Health care should be a right in this country, not a partisan issue. Diabetes, cancer, and other diseases don’t care whether you're a Democrat or a Republican. 

This is about being able to afford the prescription drugs you need. Congress must come together and finish the job.",False,14047,
1470486344069693455,2021-12-13 20:10:39+00:00,"RT @POTUS: Today, I was briefed by FEMA on our response to the tornadoes and extreme weather that impacted multiple states this weekend. We…",False,0,
1470438875202043908,2021-12-13 17:02:01+00:00,"The pandemic has put a strain on our global supply chains and caused prices to rise around the world. 

The Build Back Better Act will help ease inflationary pressures, lower costs for the American people and extend tax cuts for working families.",False,12052,
1470184193070145541,2021-12-13 00:10:00+00:00,"Our 5-step plan to fight COVID-19 this winter: 
1. Expanding the nationwide booster campaign 
2. Launching new family vaccination clinics 
3. Making at-home tests available 
4. Increasing surge response teams 
5. Accelerating our efforts to vaccinate the rest of the world",False,20784,
1470047549822320646,2021-12-12 15:07:02+00:00,"Parents should never have to worry about whether their drinking water is safe for their children. 

The Bipartisan Infrastructure Law will start to replace 100% of our nation’s lead pipes and service lines so that every child across the country has access to clean and safe water.",False,20732,
1469683727320203264,2021-12-11 15:01:20+00:00,"RT @POTUS: This morning, I was briefed on the devastating tornadoes across the central U.S. To lose a loved one in a storm like this is an…",False,0,
1469463494521196544,2021-12-11 00:26:13+00:00,America is entering this winter from a position of strength compared to where we were last winter. https://t.co/OE4gj0ZoCA,False,8279,
1469433519747526657,2021-12-10 22:27:06+00:00,RT @POTUS: I am deeply troubled by reports of Kellogg’s plans to permanently replace striking workers. Permanently replacing striking worke…,False,0,
1469395245897076737,2021-12-10 19:55:01+00:00,"We are going to reinvest in our country and our people to continue building a better America with union jobs.
https://t.co/qbfXOe7GeN",False,6355,
1469109624234196993,2021-12-10 01:00:03+00:00,"Long gone are the days when we hear about infrastructure week with no follow through. From now on, we’re in the infrastructure decade.",False,24583,
1469056259148206083,2021-12-09 21:28:00+00:00,"17 Nobel Prize winners in economics say the Build Back Better Act will help ease long-term inflationary pressures and make our economy stronger. 

Not a single Republican in Congress supports it.",False,26738,
1468983399952044038,2021-12-09 16:38:29+00:00,"RT @POTUS: New unemployment claims fell to their lowest level in more than 50 years. 

That’s not an accident – it’s a result of my economi…",False,0,
1468733644336422916,2021-12-09 00:06:03+00:00,"Americans that require insulin should not have to suffer and sacrifice just to get a drug that costs a few dollars to make. 

The Build Back Better Act will cap insulin at $35 a month.
https://t.co/Ox0att5OYa",False,9025,
1468711236527394816,2021-12-08 22:37:00+00:00,"Last year, more than half of the schools in America were closed. This year, 99% of schools are back open, and 20 million children ages 5 and older have already received their vaccine. Let’s keep it going.",False,23793,
1468627948425166853,2021-12-08 17:06:03+00:00,"The Bipartisan Infrastructure Law builds back our bridges, water systems, power lines, electric grid better and stronger, making them more resilient to the effects of climate change. No American should have to deal with flooding or losing power for days and weeks after a storm.",False,10789,
1468603740638883844,2021-12-08 15:29:51+00:00,RT @POTUS: The new data from Pfizer on vaccine effectiveness against Omicron is encouraging. This reinforces what my medical advisors have…,False,0,
1468333247675437061,2021-12-07 21:35:01+00:00,"Since I was sworn in on January 20, our economy has created nearly 6 million new jobs—a record for a new president.
https://t.co/Q0C99vrJYI",False,26421,
1468307075491057675,2021-12-07 19:51:01+00:00,"Thanks to the American Rescue Plan, we’ve cut child poverty in America by more than 40%. 

Many children who spent last Christmas in poverty will not this holiday season.",False,19477,
1468260275820376069,2021-12-07 16:45:03+00:00,"My Build Back Better bill takes three major steps to lower the cost for families dealing with diabetes:
1️⃣ Cap cost sharing for insulin at $35
2️⃣ Get health insurance for folks with diabetes who don’t already have it
3️⃣ Keep drug companies accountable when they raise prices",False,8845,
1468234203049467913,2021-12-07 15:01:27+00:00,"RT @POTUS: As we mark National Pearl Harbor Remembrance Day, we honor the patriots who perished, commemorate the valor of all those who def…",False,0,
1468039559460102146,2021-12-07 02:08:00+00:00,"America continues to add jobs at a record pace and nearly 6 million new jobs have been created since I was sworn in on January 20. Our economy is moving in the right direction, but we have more to do.",False,16932,
1468011376002187271,2021-12-07 00:16:01+00:00,"Today, one in four Americans struggle to afford their prescription drugs, resulting in nearly 30% of patients either skipping doses or even cutting pills in half just to afford the costs. 

My Build Back Better Bill will change that.",False,11585,
1467992818761318402,2021-12-06 23:02:16+00:00,"RT @POTUS: Right now, Americans pay as much as $1,000 a month for insulin.

Under my Build Back Better Act it'll be $35.",False,0,
1467972117018853390,2021-12-06 21:40:00+00:00,"Any country that out educates us will outcompete us. 

That’s why my Build Back Better Act will provide universal pre-K to every 3- and 4-year old in America and increase the maximum Pell Grant. This is how we invest in American families.",False,13836,
1467902744640032769,2021-12-06 17:04:21+00:00,"RT @POTUS: Prescription drug companies have gotten away with charging outrageous prices for too long — and it needs to change. 

My Build B…",False,0,
1467895614503637001,2021-12-06 16:36:01+00:00,"I’m proud to say that the typical American family has more money in their pockets than they did last year, or the year before that, thanks to the American Rescue Plan.",False,29019,
1467651042611535873,2021-12-06 00:24:10+00:00,Time for action. https://t.co/7n23MWapzT,False,9582,
1467618788921196545,2021-12-05 22:16:00+00:00,"The Bipartisan Infrastructure Law invests $42 billion to modernize our ports and our airports, making it easier for companies to get goods to market, reducing supply chain bottlenecks, lowering costs for families, and making sure that what you need gets to your home on time.",False,14332,
1467571250751057926,2021-12-05 19:07:06+00:00,"RT @POTUS: Bob Dole was a man to be admired by Americans. He had an unerring sense of integrity and honor. May God bless him, and may our n…",False,0,
1467261181312258050,2021-12-04 22:35:00+00:00,"Our infrastructure used to be rated the best in the world—that’s not hyperbole. But now we rank 13th in the world for the quality of our infrastructure.
 
With our infrastructure law, we're turning things around in a big way. And that starts with our roads and bridges.",False,15093,
1467198770324594690,2021-12-04 18:27:00+00:00,"What does passing the Build Back Better Act mean?

For millions of American families, it means the bills you're paying right now for daycare could be capped at 7% of your income.

It means the cost of your prescription drugs and care for your elder parents will be cheaper.",False,8914,
1467169830696534016,2021-12-04 16:32:00+00:00,"America has always been a nation of possibilities. Instead of continuing tax cuts for big corporations and the wealthiest Americans, let’s ensure they pay their fair share and lower the cost of child care and prescription drugs by passing the Build Back Better Act in the Senate.",False,14415,
1467154274043973638,2021-12-04 15:30:11+00:00,RT @POTUS: The People’s House is officially set for the holiday season. https://t.co/puRut8T4r0,False,0,
1466947362794971138,2021-12-04 01:48:00+00:00,There is no worse feeling than not being able to afford the life-saving medication a loved one may need. The Build Back Better Act will cap the cost of insulin at $35/month so families can breathe a little easier.,False,33471,
1466875641693933573,2021-12-03 21:03:00+00:00,"We can’t just build back to where we were before. 

When roads are continuously wiped out by flooding, we must build them higher. 
When high power lines come down from severe weather, they must be made more resilient. 

This is what I mean when I say we need to build back better.",False,11189,
1466849761722605576,2021-12-03 19:20:10+00:00,Imagine running up higher costs for American families just to score a few political points. But that’s what Republicans are doing. https://t.co/vIc8COfsPL,False,7170,
1466787648824090630,2021-12-03 15:13:21+00:00,"RT @POTUS: Today, we have incredible news that our unemployment rate has fallen to 4.2%  – a level experts didn’t expect us to achieve unti…",False,0,
1466578686031929354,2021-12-03 01:23:01+00:00,"Caring for our veterans and their families when they return home is a lifelong commitment our nation owes to those who served our country—and this week three bills became law that help us live up to that sacred obligation. 
https://t.co/kEjsK21Ar9",False,8360,
1466511999458693124,2021-12-02 20:58:01+00:00,I know that this country can deliver for working families. We have before—and we will again.,False,19571,
1466466951069327360,2021-12-02 17:59:01+00:00,"Trickle-down economics has never worked. That’s why our infrastructure law is a blue-collar blueprint to rebuild America. The only way this works is if blue-collar Americans do the rebuilding.

That's the only way it's ever worked and we're going to do it again. Mark my words.",False,15025,
1466418132889837574,2021-12-02 14:45:02+00:00,"Republicans would rather the bills at your kitchen table be higher so the taxes in big mansions can be lower. 

Let me tell you something: Nothing will be more expensive for American families than a NO vote on the Build Back Better plan.",False,21071,
1466187103226798082,2021-12-01 23:27:00+00:00,"In ten months, we've gone from an economy that was shut down due to the pandemic, to an economy that is leading the world in economic growth. Between record new small business creation to record new job creation, we’re rebuilding an economy where everyone comes along.",False,24320,
1466158919215198209,2021-12-01 21:35:00+00:00,"No parent should have to sit outside a fast food restaurant to use the internet so that their child can do their homework.

Our infrastructure law will expand access to affordable, high-speed internet, helping every household access what they need to work, learn, and live.",False,23771,
1465814649664851970,2021-11-30 22:47:00+00:00,"There’s still time to get your first shot, your booster shot, or to get your children vaccinated before Christmas. Get vaccinated.",False,38804,
1465776653267779589,2021-11-30 20:16:01+00:00,"We're going to fight the Omicron variant the way we’ve been fighting COVID-19 since the beginning—with scientific and knowledgeable actions and speed, not chaos and confusion.",False,33955,
1465746222573101068,2021-11-30 18:15:06+00:00,The Bipartisan Infrastructure Law will ensure no parent will have to sit in a fast food parking lot just so their child can access the internet to do their homework.,False,12603,
1465488753577897991,2021-11-30 01:12:00+00:00,"My simple message to folks worried about the Omicron variant: Get vaccinated.
https://t.co/O61tmKGEW6",False,16199,
1465437716624166917,2021-11-29 21:49:12+00:00,"Since I was sworn in on January 20th, we’ve seen a record 5.6 million in job growth— with more jobs created at this point than ever before in American history. We’ve made enormous progress and we're on our way to building an economy that ensures no one is left behind. https://t.co/Lmbc7kbrrU",False,14245,
1465425924199964682,2021-11-29 21:02:21+00:00,"RT @POTUS: The Omicron variant is a cause for concern — but not panic.
 
We will fight this variant with science and speed — not chaos and…",False,0,
1465417793642405888,2021-11-29 20:30:02+00:00,"The Build Back Better Act extends the expanded Child Tax Credit, which has been a game changer for working families. It helped roughly 60 million children and helped cut child poverty in America by more than 40%.",False,13703,
1465383897529831429,2021-11-29 18:15:21+00:00,RT @POTUS: It will be a few weeks before we know everything we need to know about how strongly the existing vaccines protect against the ne…,False,0,
1465006327688749058,2021-11-28 17:15:01+00:00,Jill and I send our warmest wishes to everyone celebrating Hanukkah in the United States and around the world. May this festival of lights bring blessings upon you and your loved ones for happiness and health. Happy Hanukkah!,False,32575,
1464638148357595141,2021-11-27 16:52:00+00:00,"Small businesses employ millions of Americans and strengthen communities across the country. This Small Business Saturday, I encourage you to support the folks in your local community by shopping small.",False,18967,
1464620803652206605,2021-11-27 15:43:05+00:00,RT @POTUS: Small businesses are the backbone of communities across the country — and it’s crucial we support them during the holiday season…,False,0,
1464318303959236608,2021-11-26 19:41:04+00:00,RT @POTUS: The @WHO has identified a new COVID variant which is spreading through Southern Africa. As a precautionary measure until we have…,False,0,
1464279523122368512,2021-11-26 17:06:57+00:00,"RT @POTUS: On Native American Heritage Day and every day, we honor the strong and enduring cultures and contributions of all Native America…",False,0,
1463969998578368513,2021-11-25 20:37:01+00:00,"Thanksgiving is a special time to reflect on what the year has brought, what lies ahead, and a time to be grateful that from darkness there is light, hope, and progress. 

From my family to yours, happy Thanksgiving.",False,39760,
1463877178148458499,2021-11-25 14:28:11+00:00,RT @POTUS: From the Biden family to yours – Happy Thanksgiving. https://t.co/r0mhQtQS69,False,0,
1463620191326195712,2021-11-24 21:27:01+00:00,"We've made progress over the last ten months: unemployment is down to 4.6%, wages are rising, disposable income is up, and millions of Americans will be reuniting with their loved ones for Thanksgiving. We're grateful that families can gather safely thanks to the vaccine.",False,26221,
1463609234332000260,2021-11-24 20:43:28+00:00,"RT @POTUS: Nothing can bring Mr. Arbery back to his family and to his community, but the verdict ensures that those who committed this horr…",False,0,
1463575674933989377,2021-11-24 18:30:07+00:00,"We’ve launched a major effort to reduce the price of gas at your corner gas station.
https://t.co/pm9ACpnCwX",False,8384,
1463296273562357765,2021-11-23 23:59:53+00:00,"RT @POTUS: Jill and I know firsthand what it means to be a military family, and we’re so grateful for everything they do. It was an honor t…",False,0,
1463284480358105092,2021-11-23 23:13:01+00:00,"Our Bipartisan Infrastructure Law will deliver access to clean water and affordable high-speed internet to millions of families across the country. 

We’re going to create good-paying jobs while rebuilding our infrastructure and investing in our future.",False,10407,
1463239436968382470,2021-11-23 20:14:02+00:00,"The Bipartisan Infrastructure Law rewards companies for paying workers a decent wage, for buying American, and for sourcing their products right here in America—not abroad.",False,14547,
1462961600999133185,2021-11-23 01:50:00+00:00,"Nearly 2 million women in our country have been locked out of the workforce because they have to care for a child or an elderly relative at home.

My Build Back Better Act will make caregiving accessible and affordable and help them get back to work.",False,29627,
1462905022597976069,2021-11-22 22:05:11+00:00,"No one should have to pay $1,000 a month for insulin. That’s why my Build Back Better Act will lower costs for prescription drugs and ensure that no one pays more than $35 a month for their insulin. https://t.co/buhJTYop7S",False,17669,
1462843414156824576,2021-11-22 18:00:22+00:00,The Bipartisan Infrastructure Law will ensure no parent will have to sit in a fast food parking lot just so their child can access the internet to do their homework.,False,20769,
1462841097764356097,2021-11-22 17:51:10+00:00,"RT @POTUS: This afternoon, the First Lady and I are heading to Fort Bragg for a Friendsgiving dinner. Our troops and their families give so…",False,0,
1462565762204381188,2021-11-21 23:37:05+00:00,"Not one, not two, not sixteen—seventeen Nobel Prize-winning economists agree that my Build Back Better Act will ease longer-term inflationary pressures and grow our economy. https://t.co/X6mpntckXb",False,14328,
1462463318606688261,2021-11-21 16:50:01+00:00,"The Bipartisan Infrastructure Law builds back our bridges, water systems, power lines, and electric grid better and stronger. 

Because of it, fewer Americans will be flooded out of their homes or lose power for days and weeks at a time when a storm hits.",False,14145,
1462432624782286860,2021-11-21 14:48:03+00:00,"Infrastructure Week has long been talked about in Washington.

Folks, it’s finally here. 
https://t.co/BKhjPsFjmf",False,11208,
1462164850424090627,2021-11-20 21:04:00+00:00,"Studies have shown that children who go to pre-K are more likely to stay in school. 

The Build Back Better Act establishes universal pre-K, ensuring every 3- and 4-year-old in America has access to high-quality early education, no matter their background.",False,26466,
1462129114664558593,2021-11-20 18:42:00+00:00,"My Bipartisan Infrastructure Law is a once-in-a-generation investment that will create good-paying jobs modernizing our infrastructure.
https://t.co/mYq7Bm0q4f",False,7560,
1462097154583969793,2021-11-20 16:35:00+00:00,"For too long, the economy has worked great for those at the top, while working families get squeezed. The Build Back Better Act will build an economy that works for everyone.

With its passage in the House, we’re one step closer to getting this done.",False,18916,
1461820799199981578,2021-11-19 22:16:52+00:00,"The Build Back Better Act will lower costs, create jobs, and cut taxes, while tackling the climate crisis and growing the economy from the bottom up and middle out.

With its passage in the House, we’re one step closer to making a historic investment rebuilding the middle class.",False,17932,
1461499492184821763,2021-11-19 01:00:06+00:00,"The Bipartisan Infrastructure Law is proof that despite the cynics, Democrats and Republicans can come together and deliver real results.",False,18028,
1461416672154296329,2021-11-18 19:31:01+00:00,"Two of the leading rating agencies on Wall Street said yesterday that the Build Back Better Act will not add inflationary pressures on the economy. 

Instead, it will create jobs and will help take the edge off inflation.",False,17742,
1461389491277643779,2021-11-18 17:43:00+00:00,"Our economy is in the midst of a historic recovery as we build a path out of the pandemic. But far too many Americans are being left out. 

The Bipartisan Infrastructure Law and Build Back Better Act will help lower costs and build an economy that works for everyone.",False,9173,
1461375981617299470,2021-11-18 16:49:19+00:00,"RT @POTUS: New unemployment claims are down seven weeks in a row – and unemployment claims are the lowest since the pandemic began.
 
That’…",False,0,
1461344984787914768,2021-11-18 14:46:09+00:00,It was good to be back in Detroit. https://t.co/DXKpvHRteJ,False,9638,
1461129281350864899,2021-11-18 00:29:01+00:00,"Together, the Bipartisan Infrastructure Law and Build Back Better Act will create millions of jobs, lower costs for working families, and meet the moment on climate change. 

These are transformative investments in the American people and our future.",False,9397,
1461083978740477955,2021-11-17 21:29:00+00:00,Tribal lands have been chronically underfunded for generations. I’m proud to say that the Bipartisan Infrastructure Law will be the single largest investment in Tribal infrastructure ever—and we won’t stop there.,False,18436,
1460983316451139585,2021-11-17 14:49:01+00:00,"Because of the Bipartisan Infrastructure Law, next year will be the first year in 20 years that American infrastructure investments will grow faster than China. 

Historians will look back at this time as the moment America began to win the competition of the 21st century.",False,15247,
1460758083391655944,2021-11-16 23:54:01+00:00,"Throughout our history, we've emerged from crises by investing in ourselves.

And as we emerge from the COVID-19 pandemic, we'll rebuild the economy from the bottom up and middle out. That’s what the Bipartisan Infrastructure Law and the Build Back Better Act will do.",False,13830,
1460721590644137996,2021-11-16 21:29:00+00:00,"The Bipartisan Infrastructure Law makes the most significant investment in public transit in the history of our nation. 
 
You’re going to go places faster, safer, and with a lot less pollution in the air.",False,12167,
1460662775735328771,2021-11-16 17:35:18+00:00,I announced five new initiatives that will help protect the dignity and sovereignty of Tribal Nations. https://t.co/72ga28TpqZ,False,8786,
1460618663145488385,2021-11-16 14:40:00+00:00,"The Bipartisan Infrastructure Deal will modernize our ports, our airports, and our freight rail to make it easier for companies to get goods to market. It will reduce the supply chain bottlenecks we’re currently experiencing and lower costs for you and your family.",False,18607,
1460446277406240771,2021-11-16 03:15:00+00:00,"The Bipartisan Infrastructure Deal makes the most significant investment in roads and bridges in the past 70 years, the most significant investment in passenger rail in the past 50 years, and the most significant investment in public transit in our nation's history. It’s a BFD.",False,17284,
1460429162594852865,2021-11-16 02:07:00+00:00,My message to the American people is this: America is moving again. And your life is going to change for the better thanks to the Bipartisan Infrastructure Deal.,False,37336,
1460416326904606722,2021-11-16 01:16:00+00:00,"From the moment I entered the White House, I promised that I would be a president for all Americans and make sure our democracy delivers for all of you. Signing the Bipartisan Infrastructure Deal is a monumental step forward toward building back better as a nation. https://t.co/fe0K5g5v3k",False,7725,
1460392169387212804,2021-11-15 23:40:00+00:00,"The Bipartisan Infrastructure Deal makes historic investments in our infrastructure to rebuild our roads and bridges, deliver clean water and high-speed internet, modernize our electrical grid, and help transition to a clean energy economy. 

It is now law.",False,13748,
1460360071901233156,2021-11-15 21:32:27+00:00,"I just signed the Bipartisan Infrastructure Deal into law alongside members of Congress from both parties. 

This is a historic investment in our future that will create good-paying jobs and rebuild our nation's infrastructure. It's an enormous win for the American people.",False,25260,
1460286477775089668,2021-11-15 16:40:01+00:00,"Seventeen Nobel Prize winning economists said that Build Back Better will ease longer-term inflationary pressures and lower costs for American families.

We can get this done.",False,26715,
1460277800557027330,2021-11-15 16:05:32+00:00,"RT @POTUS: This morning, @FLOTUS and I are participating in a Tribal Nations Summit here at the White House. I look forward to announcing s…",False,0,
1460256274386464776,2021-11-15 14:40:00+00:00,"American families across the country are facing rising costs on everything from gas to groceries. 

The Build Back Better Act will lower costs for health care, child care, and elder care—and cut taxes for the middle class. Let’s pass it.",False,15689,
1460034831597899779,2021-11-15 00:00:04+00:00,"Congress can help ease inflationary pressures and lower costs for working families. 

Let’s pass the Build Back Better Act.",False,25955,
1459981971946356741,2021-11-14 20:30:01+00:00,"COVID-19 has disrupted supply chains around the world. Now, even in the midst of a historic economic recovery, Americans are facing prices that are just too high. 

We must pass the Build Back Better Act to lower costs for working families and help get people back to work.",False,18610,
1459938433359613964,2021-11-14 17:37:01+00:00,The Build Back Better Framework will strengthen the middle class by bringing down costs on everyday essentials and enacting tax cuts for the middle class—and we’ll get it done by asking the wealthiest to pay their fair share.,False,17096,
1459670665255137280,2021-11-13 23:53:00+00:00,"The Build Back Better Framework will be the largest effort to combat climate change in American history—and through this effort, we’ll grow industries here in the United States; create good-paying union jobs; and combat environmental injustice.",False,14849,
1459628393075560463,2021-11-13 21:05:02+00:00,"Our economy has created 5.6 million jobs since January and unemployment is below 5%. 

But Americans across the country are facing prices that are just too high. We must pass the Build Back Better Act to lower costs for working families and help get people back to work.",False,18755,
1459560440305000450,2021-11-13 16:35:00+00:00,"Lowering costs for American families is a top priority. 

The Bipartisan Infrastructure Deal will strengthen the supply chain and reduce bottlenecks, and Build Back Better will ease inflationary pressures and lower costs for working families.",False,13867,
1459336713965293581,2021-11-13 01:46:00+00:00,"Despite our historic recovery, families are still feeling a strain. The Bipartisan Infrastructure Deal will help:

- Bring down costs
- Reduce bottlenecks
- Get goods to market faster

And Build Back Better will help ease inflationary pressures and lower costs for families.",False,13965,
1459276317057298441,2021-11-12 21:46:00+00:00,"The Bipartisan Infrastructure Deal will lower costs and reduce supply chain bottlenecks.

Now, let's pass Build Back Better—which 17 Nobel Prize winning economists say will ease longer-term inflationary pressures and lower costs for American families.",False,10141,
1459259457603518467,2021-11-12 20:39:01+00:00,"The Build Back Better Framework will be a transformative investment in our future. Together, we can grow the economy from the bottom up and the middle out so that everyone gets ahead.",False,11550,
1458829282747330574,2021-11-11 16:09:39+00:00,RT @POTUS: Tune in as I deliver remarks at the National Veterans Day Observance at the Memorial Amphitheater. https://t.co/9OvletPbjI,False,0,
1458828944401121290,2021-11-11 16:08:18+00:00,"Less than 1% of Americans currently serve in our military and while we can never fully repay the debt we owe these heroes, it is our sacred obligation to properly care for and support them. 

This Veterans Day, we honor all those who have answered the call to serve. https://t.co/DBAMdlvUJK",False,9408,
1458607156840828928,2021-11-11 01:27:00+00:00,"With the Build Back Better Framework, we will make health care more affordable for millions of Americans.",False,19734,
1458570417468227591,2021-11-10 23:01:01+00:00,"Under the Build Back Better Framework, we will create millions of good-paying jobs, spur long-term growth, lower costs for working families, and set America on course to meet our greenhouse gas emissions targets.",False,12560,
1458477563207208966,2021-11-10 16:52:02+00:00,"The Bipartisan Infrastructure Deal is a historic investment in our nation’s public infrastructure. 

We will rebuild our roads and bridges, provide clean drinking water, expand broadband access, invest in clean energy, and create good-paying jobs across the country.",False,10983,
1458462845402816518,2021-11-10 15:53:33+00:00,"RT @POTUS: Today, we learned that we have had six consecutive weeks of decline in new unemployment claims. Unemployment claims are down 70%…",False,0,
1458232943114166285,2021-11-10 00:40:00+00:00,"Climate action is not just a moral imperative: it’s also an economic imperative. Investing in our clean energy future leads not only to good-paying jobs and economic recovery, but to making the world a better place for future generations.",False,19140,
1458135552604217351,2021-11-09 18:13:01+00:00,"The historic Bipartisan Infrastructure Deal will help American workers and businesses win the 21st century. I’m speaking about this and more with you this afternoon. RSVP now.
https://t.co/cyxzWs95gF",False,6475,
1458090004736057350,2021-11-09 15:12:01+00:00,"The Build Back Better Act will be a once-in-a-generation investment in our people, reducing the cost of child care and elder care, providing universal pre-K for every 3-year-old and 4-year-old, and lowering prescription drug costs.
https://t.co/oNRgg0c643",False,8984,
1457893706065977346,2021-11-09 02:12:00+00:00,"From the creation of over 5.6 million jobs to the unemployment rate reaching a pandemic-low of 4.6%, America is getting back to work. 

And thanks to the American Rescue Plan, we’ve managed it two years sooner than forecasters predicted we could.
https://t.co/uw4GWPYoCw",False,9354,
1457848635480154114,2021-11-08 23:12:54+00:00,"Folks, I’m excited to share that I’m hosting a virtual grassroots event tomorrow to discuss our historic Bipartisan Infrastructure Deal and the impact it will have on our country’s future. RSVP now. 
https://t.co/cyxzWsqG8d",False,6528,
1457827354743558148,2021-11-08 21:48:21+00:00,"With the Bipartisan Infrastructure Deal and the Build Back Better Agenda, fifty years from now, people will look back and say this was the moment when America decided to win the competition of the 21st century. https://t.co/BnUQvEGRmZ",False,6842,
1457802102940438528,2021-11-08 20:08:00+00:00,"When it comes to manufacturing, the Bipartisan Infrastructure Deal will get America off the sidelines.
https://t.co/xsqs0EE5Je",False,5023,
1457791310069256202,2021-11-08 19:25:07+00:00,"RT @POTUS: After months of negotiations, we reached a deal on prescription drug prices last week. It’s going to lower prices for folks like…",False,0,
1457771403478900741,2021-11-08 18:06:01+00:00,"On average, families spend $11,000 a year on child care—and sometimes even more. How are working families supposed to get ahead?

Our Build Back Better Framework will ensure nearly all families earning under $300,000 a year won’t pay more than 7% of their income on child care.",False,13224,
1457720709090848773,2021-11-08 14:44:34+00:00,"There are no Republican bridges or Democratic roads. The Bipartisan Infrastructure Deal is a win for the American people—but there is still more work to do. 

Now, we must pass the Build Back Better Framework.",False,29039,
1457525530060808193,2021-11-08 01:49:00+00:00,"The Bipartisan Infrastructure Deal will help ease inflationary pressures, lowering costs for working families.
https://t.co/FOcchsNWgN",False,7422,
1457484510183006214,2021-11-07 23:06:00+00:00,"The Build Back Better Framework is a historic investment in addressing the climate crisis.
https://t.co/yDapwpZUTy",False,6303,
1457468152070221829,2021-11-07 22:01:00+00:00,"For all of you at home who feel left behind and forgotten in an economy that is changing rapidly, this bill is for you.
https://t.co/0Q5ZIvCrLQ",False,9141,
1457447264276951046,2021-11-07 20:38:00+00:00,Climate change is an existential threat to our planet. That’s why the Build Back Better Framework will be an unprecedented effort to combat climate change and puts the United States on track to meet our target of reducing greenhouse gas emissions in half by the year 2030.,False,13955,
1457415057319632899,2021-11-07 18:30:01+00:00,"The Bipartisan Infrastructure Deal has passed both houses of Congress. 

After years of “infrastructure week,” I look forward to signing this historic legislation that will make a once-in-a-generation investment in America’s future.",False,15081,
1457386112473776128,2021-11-07 16:35:00+00:00,"In our first 10 months, we have worked to:
— Get Americans back to work
— Get shots in arms
— Build a path out of this pandemic
— Safely reopen schools
— Pass the historic Bipartisan Infrastructure Deal

We're on the right track, but our work is far from over.",False,28056,
1457347140498477059,2021-11-07 14:00:09+00:00,"One year ago this month, the people of this nation made their voices heard and delivered a clear victory, won with the most votes ever cast for a presidential ticket in the history of this country. 

Now, we're on our way to building our country back better, one day at a time. https://t.co/epGwWjIU2u",False,30199,
1457152572117200905,2021-11-07 01:07:00+00:00,"Together, our infrastructure bill and our Build Back Better Act are the highest value investments that we can make to grow the economy. They will create millions of jobs, increase productivity and wages and reduce costs, and generate significant and historic economic growth.",False,16641,
1457118347024273414,2021-11-06 22:51:00+00:00,"Our infrastructure bill will make high-speed internet affordable and available everywhere in America, so no parent has to sit in the parking lot of a fast food restaurant so their child can access the internet to do their homework.",False,30048,
1457091168496406532,2021-11-06 21:03:00+00:00,"The Bipartisan Infrastructure Deal that passed the House of Representatives will create good-paying union jobs and will transform our nation’s transportation system. 
https://t.co/sge7GUtSiG",False,7570,
1457052161360211977,2021-11-06 18:28:00+00:00,"The House passed the Bipartisan Infrastructure Deal, a once-in-a-generation investment that will create millions of jobs modernizing our infrastructure, and a rule that will allow passage of my Build Back Better Act.

We need to deliver. Yesterday, we proved we can.",False,19734,
1457036684760072193,2021-11-06 17:26:30+00:00,I am so happy to say that it’s infrastructure week. https://t.co/qoeyiCvegb,False,24757,
1456790978233315335,2021-11-06 01:10:09+00:00,RT @POTUS: I am urging all members to vote for both the rule for consideration of the Build Back Better Act and final passage of the Bipart…,False,0,
1456739602505650179,2021-11-05 21:46:00+00:00,"The Build Back Better Framework lowers your bills for health care, child care, prescription drugs, and preschool. Plus, families get a tax cut. 

That's how we’ll give people across our country some breathing room.",False,16813,
1456698584817078275,2021-11-05 19:03:01+00:00,"Thanks to our American Rescue Plan and a successful vaccine deployment, America continues to add jobs at a record pace. Our economy is on the move.
https://t.co/mtm18TseYG",False,7824,
1456622833396850693,2021-11-05 14:02:00+00:00,Action on climate change is a moral imperative. But it is also an economic imperative. We must build an equitable clean energy future that creates millions of good-paying jobs.,False,18430,
1456615036487667716,2021-11-05 13:31:01+00:00,"RT @POTUS: Over 5.6 million jobs created. Under 5% unemployment. 

This is a significant improvement from when I took office, and a sign th…",False,0,
1456436355043635205,2021-11-05 01:41:00+00:00,"Our message to the world is that the United States will be a partner as we tackle this climate crisis. 

That’s why we’re working on delivering our goal of reducing U.S. gas emissions by at least 50% by 2030.
https://t.co/naF9BmNtt6",False,7848,
1456340976683864069,2021-11-04 19:22:01+00:00,"For children, learning and socializing with their classmates and teachers makes a world of difference from having to learn from home. 

Vaccinating our children will not only help us save lives, but will help us keep our schools open and keep our kids in the classroom.",False,13064,
1456324371224698888,2021-11-04 18:16:01+00:00,"An investment in our children is an investment in our future. That’s why the Build Back Better Framework will deliver two years of free, universal preschool for more than six million children ages 3 and 4.",False,13500,
1456272586187284481,2021-11-04 14:50:15+00:00,"RT @POTUS: May the light of Diwali remind us that from darkness there is knowledge, wisdom, and truth. From division, unity. From despair,…",False,0,
1456264221868507142,2021-11-04 14:17:01+00:00,"The bottom line: We’ve secured enough supply for every child in America to receive a COVID-19 vaccine. 
https://t.co/S35R34wwjw",False,7661,
1456055687813926926,2021-11-04 00:28:22+00:00,"We have already made extraordinary progress to put this pandemic behind us, and today, millions of parents can find relief in knowing that children between the ages of 5 and 11 are now eligible to receive a COVID-19 vaccine. 

Visit https://t.co/EwdQ2dFHwG to make an appointment. https://t.co/R0E8UCYT7g",False,6937,
1455602117943697408,2021-11-02 18:26:03+00:00,"Within the growing climate catastrophe, there is incredible opportunity—not just for the United States, but for all of us. 
https://t.co/pAu676gDeD",False,6150,
1455582265522671620,2021-11-02 17:07:10+00:00,"It’s Election Day, Virginia and New Jersey.

Check https://t.co/Hy8C4mIL2M to confirm your polling place and go vote.",False,7105,
1455563613071151108,2021-11-02 15:53:03+00:00,"The Build Back Better Framework will cut U.S. greenhouse gas emissions by well over a gigaton by 2030, make energy bills more affordable  for Americans, and deliver cleaner air and water for our children.",False,14962,
1455505046700011522,2021-11-02 12:00:19+00:00,"Go vote, Virginia and New Jersey! https://t.co/eoxT07d7QB",False,9282,
1455341136608903168,2021-11-02 01:09:00+00:00,"Climate change is already ravaging the world. We know that none of us can escape the worst that’s yet to come if we fail to seize this moment.
https://t.co/g6ESsvqV5b",False,9607,
1455310434320502786,2021-11-01 23:07:00+00:00,"The Build Back Better Framework is the most significant investment to combat the climate crisis that any advanced nation has ever made.
https://t.co/yNkEXZzjRa",False,6623,
1454851916077404160,2021-10-31 16:45:01+00:00,"Virginia and New Jersey, there are only a few days left to get out the vote and help elect @TerryMcAuliffe, @PhilMurphyNJ, and other Democrats up and down the ballot. https://t.co/Hy8C4mIL2M",False,7911,
1454827621125181440,2021-10-31 15:08:28+00:00,"With the investments in the Build Back Better Framework, there will be no stopping the American people. https://t.co/ilFX4DxkI6",False,8984,
1454559489819136000,2021-10-30 21:23:01+00:00,Let’s turn out Virginia for @TerryMcAuliffe: https://t.co/Hy8C4mIL2M. https://t.co/dIsOc4lYj7,False,11672,
1454503621723402240,2021-10-30 17:41:01+00:00,"Virginia, you've made incredible progress over the last few years on jobs, the economy, health care, education, growing the middle class, and more. 

To protect that progress, you have to once again show up for democracy and make sure to vote on Tuesday. The country is watching.",False,20351,
1454464935736627210,2021-10-30 15:07:17+00:00,".@TerryMcAuliffe is the proven leader who will move Virginia forward. 

Virginia, make sure you show up and vote before polls close on 11/2. Every vote matters. https://t.co/dR08gt64QP",False,8471,
1454238375314132998,2021-10-30 00:07:01+00:00,"The Build Back Better Framework will make the most significant investment to deal with the climate crisis—beyond any other advanced nation in the world.
https://t.co/FcamNccHg8",False,6170,
1454204765030780928,2021-10-29 21:53:28+00:00,"Tune in now to join @KamalaHarris and @TerryMcAuliffe as they get out the vote in Norfolk, Virginia with special guest @Pharrell. https://t.co/a8imAatpHH",False,3743,
1454191097438146560,2021-10-29 20:59:09+00:00,"Virginia, you can’t take anything for granted. Vote. https://t.co/pqh6vzR0Tu",False,8671,
1454185272317521926,2021-10-29 20:36:01+00:00,"Nearly 2 million women in America are not working today because they can’t afford child care. 

The Build Back Better Framework will help working families by ensuring nearly all middle-class families will pay no more than 7% of their income on child care.",False,17823,
1454162379315494916,2021-10-29 19:05:02+00:00,"Virginia, reproductive rights are under attack throughout the country and we must elect leaders who are absolutely committed to protecting those rights.  

@TerryMcAuliffe has made it clear that he will be a brick wall against anyone trying to threaten reproductive rights.",False,10012,
1454147776993013767,2021-10-29 18:07:01+00:00,"It’s time to deal the middle class back in. 
https://t.co/FOsaDL84jI",False,8028,
1454088135294472196,2021-10-29 14:10:01+00:00,"Later today, @KamalaHarris will join @HarrisonJaime for a grassroots event to discuss how the Build Back Better Framework will invest in the American people. Let’s get this done.

RSVP here: https://t.co/WdP6DytKcr",False,4216,
1453869691043303425,2021-10-28 23:42:00+00:00,"Through the Build Back Better Framework, we’re going to create an economy that works for working families, not just the few at the top. 

And if you earn less than $400,000, you won't pay a single penny more in federal taxes. Period.",False,17107,
1453836220090421253,2021-10-28 21:29:00+00:00,"Let’s get the Build Back Better framework done.
https://t.co/x565C1wZQ3",False,4691,
1453803003245473801,2021-10-28 19:17:00+00:00,The Build Back Better Framework will lower costs for working families without adding to the deficit.,False,9646,
1453787905902718977,2021-10-28 18:17:01+00:00,The Build Back Better Framework will deliver two years of free preschool for every 3- and 4-year-old in America and save most American families more than half of their spending on child care.,False,11911,
1453772314139635725,2021-10-28 17:15:04+00:00,"With the Build Back Better Framework, we will:

✅ Deliver free, universal pre-K for 3- and 4-year-olds
✅ Embark on an unprecedented effort to combat climate change
✅ Create millions of good-paying jobs
✅ Make health care more affordable for millions of Americans",False,7746,
1453713908888449027,2021-10-28 13:22:59+00:00,"The Build Back Better Framework will set the U.S. on course to meet our climate targets, create millions of good-paying jobs, and grow our economy from the bottom up and the middle out.

It’s fully paid for by asking corporations and the wealthiest to reward work, not wealth.",False,11139,
1453514612872290304,2021-10-28 00:11:03+00:00,"Virginia, show up.
Show up like you did for Barack and me.
Show up like you did for me and Kamala.

And show up for a proven leader like @TerryMcAuliffe. Vote. https://t.co/fU8Jc1RmYr",False,22889,
1453453706888982536,2021-10-27 20:09:02+00:00,"Folks, @KamalaHarris is headed down to Norfolk this Friday to get out the vote with @TerryMcAuliffe. Register now to join them.
https://t.co/mT9kMgfDFM",False,4306,
1453378707113009154,2021-10-27 15:11:00+00:00,"Under my Build Back Better Agenda, no middle-class family will spend more than 7% of their income on child care.",False,22276,
1453146251810181122,2021-10-26 23:47:19+00:00,"Tune in as I join @TerryMcAuliffe in Arlington to get out the vote.

One week to go, Virginia. Let’s do this. https://t.co/YDyLyUmLyd",False,4467,
1453110691045552135,2021-10-26 21:26:00+00:00,"It isn't enough just to invest in our physical infrastructure—we also have to invest in our people. 

That’s what the Build Back Better Agenda does: Invests in child care, combats the climate crisis, and makes us competitive in the 21st century.",False,12715,
1453101128174952453,2021-10-26 20:48:00+00:00,"The Build Back Better Agenda is about betting on America, believing in America, and believing in the American people.
https://t.co/1KHD6ZbpHu",False,4918,
1453086533104320517,2021-10-26 19:50:01+00:00,"For too long, the backbone of this country—the middle class—has been dealt out. It's time to deal them back in.",False,31284,
1453065653171204099,2021-10-26 18:27:03+00:00,"The Build Back Better Agenda and the Bipartisan Infrastructure Deal are about competitiveness versus complacency.
https://t.co/J2ORJsyZti",False,5380,
1452775742471872524,2021-10-25 23:15:02+00:00,"Folks, @TerryMcAuliffe has been here before, he knows what to do, and he knows how to deliver results for Virginia. 

Join us for a campaign rally in Arlington tomorrow night. https://t.co/ZYbRaFa40N",False,8961,
1452666011350614020,2021-10-25 15:59:00+00:00,At least 55 corporations in America didn't pay a single penny in federal income tax last year. That’s got to change—and my Build Back Better Agenda will get it done.,False,32572,
1452642719470428174,2021-10-25 14:26:27+00:00,"RT @POTUS: Today, I’m heading to New Jersey to highlight the need for my Build Back Better Agenda and Bipartisan Infrastructure Deal. This…",False,0,
1452422191958695945,2021-10-24 23:50:09+00:00,"To make good on the full promise of America, we have to protect the fundamental and sacred right to vote. https://t.co/iExJiKeKyV",False,12076,
1452386165416472578,2021-10-24 21:27:00+00:00,"In just nine months, we have nominated more Black women to the federal circuit courts and more public defenders to the bench than any administration in all of American history. 

And we’re just getting started.",False,46061,
1452292057930911751,2021-10-24 15:13:03+00:00,"The last four years, every month was infrastructure month. But nothing happened. 

We can't afford to sit while other countries pass us by.
https://t.co/flOouuGsLU",False,10206,
1452007673067606018,2021-10-23 20:23:00+00:00,"The struggle for our democracy is no longer just about who gets to vote. It’s about who counts the votes—and whether they should count at all. 

Jim Crow is alive and well in the 21st century.
https://t.co/ErmdUltVfa",False,12728,
1451978204328173572,2021-10-23 18:25:55+00:00,RT @TheDemocrats: HAPPENING NOW: President @BarackObama is in Richmond with @TerryMcAuliffe to help get out the vote in Virginia! Tune in:…,False,0,
1451932930222305280,2021-10-23 15:26:00+00:00,"When I ran for president, I resolved to bring Scranton values to bear.

We’re going to build the economy from the ground up and the middle out, not from the top down.
https://t.co/dAs96r22fc",False,8337,
1451706940736819206,2021-10-23 00:28:00+00:00,"Having a broken spirit is no different than having a broken arm.
https://t.co/VSmOQtQ3RX",False,13072,
1451626914570031107,2021-10-22 19:10:01+00:00,"Universal pre-K for 3- and 4-year-olds is not just an investment in education, it’s an investment in the future of America. 

We’re going to get it done with the Build Back Better Agenda.
https://t.co/FR3mzzbb4A",False,5901,
1451609449823670290,2021-10-22 18:00:37+00:00,"RT @POTUS: Compromise has become a dirty word – but bipartisan compromise is still possible. 

I’m going to see it through. https://t.co/6c…",False,0,
1451596987644665856,2021-10-22 17:11:05+00:00,"Climate change is an existential threat to humanity.

That’s why I’m making a commitment to get to net-zero emissions on electric power by 2035 and net-zero emissions across the board by 2050 or before.",False,24619,
1451566771245391892,2021-10-22 15:11:01+00:00,"It’s time corporate America and the super-wealthy start paying their fair share.
https://t.co/rjErYTQKqk",False,9771,
1451386830994255902,2021-10-22 03:16:00+00:00,"I ran for president for three reasons:
To restore the soul and decency of our country. 
To rebuild our economy from the bottom up and the middle out. 
And to help unite our country.

We’re on the right track—but there’s still work to be done.",False,56446,
1450900197043757058,2021-10-20 19:02:18+00:00,RT @POTUS: The sacred right to vote is under unrelenting assault across the country — and the Senate needs to take action to protect it. Se…,False,0,
1450471875382059018,2021-10-19 14:40:18+00:00,"Building back better starts in the states. Since flipping the legislature in 2019, Virginia Democrats have been a model of progress—including helping us vaccinate folks to beat the pandemic. To keep our progress, we must elect @TerryMcAuliffe and Democrats up and down the ballot. https://t.co/NsJiiPNzlv",False,7638,
1450203535065460742,2021-10-18 20:54:00+00:00,"For the better part of the 20th century, America led the world in investments in ourselves, in our people, in our country. But now, we risk losing our edge as a nation. Passing the Build Back Better Agenda will help us regain the momentum that we’ve lost.",False,17336,
1450168825790541830,2021-10-18 18:36:05+00:00,"RT @POTUS: Jill and I are deeply saddened by the passing of our dear friend and a patriot of unmatched honor and dignity, General Colin Pow…",False,0,
1450148676899418118,2021-10-18 17:16:01+00:00,"Folks, Virginia has an important election coming up on November 2 and we need your help reaching out to voters across the state to get out the vote. Sign up today to join a phone bank: https://t.co/FGrVXHp748",False,6667,
1449887450676056075,2021-10-17 23:58:00+00:00,A teacher shouldn’t pay a higher tax rate than a profitable company. It’s time we reward work in this country—not just wealth.,False,90659,
1449830326566625290,2021-10-17 20:11:01+00:00,"Passing the Build Back Better Agenda is about competitiveness versus complacency.
Opportunity versus decay.  
Leading the world or letting the world pass us by.

When workers and families have a better shot, America has a better shot.",False,12087,
1449764172619730951,2021-10-17 15:48:08+00:00,"The 21st century Jim Crow assault is real. It's unrelenting, and we're going to challenge it vigorously. https://t.co/jGkrvWB5Ev",False,15341,
1449523302104457217,2021-10-16 23:51:00+00:00,"It’s time to build an economy that works for working families. An economy where people from every race, background, and religion can get ahead.

Our Build Back Better Agenda will get it done.",False,24923,
1449483543965544453,2021-10-16 21:13:01+00:00,The voter registration deadline is coming up in several states. Make sure you’re registered to vote at https://t.co/Hy8C4mIL2M and vote for Democrats up and down the ballot to keep America moving forward. https://t.co/c9DiEScQon,False,7297,
1449474551725928455,2021-10-16 20:37:17+00:00,RT @POTUS: To everyone at today’s National Peace Officers’ Memorial Service: Your loss is our nation’s loss. Your pain is our nation’s pain…,False,0,
1449183311121760259,2021-10-16 01:20:00+00:00,"With the expanded Child Tax Credit, working families are getting the relief they need thanks to the American Rescue Plan. 

This money is making a difference for countless Americans and lifting millions of kids out of poverty.",False,14724,
1449170733561692160,2021-10-16 00:30:01+00:00,"Today, another round of payments from the expanded Child Tax Credit will help millions of families across the country with payments of up to $300 per child. 

This is just the first step. Our Build Back Better Agenda will extend this benefit for years to come.",False,11768,
1449161163707588615,2021-10-15 23:52:00+00:00,The evidence is clear: Vaccination requirements work. https://t.co/aODppNEa7F,False,10521,
1449091208836489218,2021-10-15 19:14:01+00:00,"More than 1 out of 3 eligible seniors have already received their COVID-19 booster. 

We’re going to continue to provide that protection to seniors and everyone else as we head into the holiday season. Together, we can put this pandemic behind us.",False,9722,
1449012757362315265,2021-10-15 14:02:17+00:00,A promise I didn’t take lightly. https://t.co/rkmkGRIUVi,False,23079,
1448789464650862594,2021-10-14 23:15:00+00:00,Our plan to accelerate a path out of this pandemic is working. https://t.co/HodK4Y7glV,False,10993,
1448656090221006862,2021-10-14 14:25:01+00:00,"Tomorrow, @DrBiden is back on the campaign trail for a grassroots event with @TerryMcAuliffe.

Virginia, you’re not going to find anyone who knows how to get more done than Terry. Let’s keep moving Virginia forward. RSVP now. 
https://t.co/V2t07vgPmp",False,6499,
1448389770313441287,2021-10-13 20:46:45+00:00,"RT @POTUS: After working closely with my team, the Port of Los Angeles is announcing today that it will begin operating 24 hours 7 days a w…",False,0,
1448039273517797384,2021-10-12 21:34:00+00:00,"Folks, it’s been a month since I laid out my plan to accelerate the path out of this pandemic. We’ve made real progress, but we still have a long way to go.

There’s no better way to beat this pandemic than to get the vast majority of Americans vaccinated. It’s as simple as that.",False,30239,
1447933833521897476,2021-10-12 14:35:01+00:00,"Virginia: Last year, the people voted and democracy prevailed. We have to do it again and elect @TerryMcAuliffe as governor.

Today is the last day to register to vote. Head to https://t.co/rqHXR7xuqW and make sure you're registered.",False,12801,
1447350735700742146,2021-10-10 23:58:00+00:00,"For the first time since March 2020, the unemployment rate is below 5%. We still have more work to do, but recovery is moving forward even in the face of a pandemic.",False,38290,
1447303172427497481,2021-10-10 20:49:00+00:00,"We have a plan. We have the tools. Let’s finish the job—get vaccinated.
https://t.co/b8jlTuDMTm",False,13412,
1447224907079856129,2021-10-10 15:38:00+00:00,"An average of 600,000 new jobs have been created every month since we took office. 

Jobs are up, wages are up, and unemployment is down. This progress is attributed to the hard work and resilience of the American people, who are battling through this pandemic.",False,19856,
1446982308314165252,2021-10-09 23:34:00+00:00,"Let’s set one thing straight: The Bipartisan Infrastructure Deal and the Build Back Better Agenda are not about left versus right.

They’re about leading the world or continuing to let the world pass us by.",False,35681,
1446945570753589254,2021-10-09 21:08:01+00:00,"Before the American Rescue Plan passed, the Congressional Budget Office projected that it would take until 2023 to get to a 4.8% unemployment rate.

We hit that rate in October of 2021.",False,19980,
1446876864342110210,2021-10-09 16:35:00+00:00,"Here's the deal. Vaccine requirements are already proving that they work.

More than 185 million Americans are now fully vaccinated and more than 75% of eligible Americans have gotten at least one shot. That’s real progress.",False,33393,
1446634769048121345,2021-10-09 00:33:00+00:00,"Let’s be clear: Vaccine requirements aren't about politics, they’re about saving lives.
https://t.co/LizrAytwGZ",False,21667,
1446596232877592579,2021-10-08 21:59:53+00:00,We’re making real progress for the American people. https://t.co/CqNYb5ZFwk,False,7263,
1446559777694289924,2021-10-08 19:35:01+00:00,"Millions of American parents are feeling the squeeze, having a hard time doing their job, earning a paycheck, while taking care of their children or aging parents. My Build Back Better Agenda will change that.",False,23639,
1446544440823267330,2021-10-08 18:34:04+00:00,"RT @POTUS: After the last administration chipped away their protections, today I’m proud to announce the protection and expansion of three…",False,0,
1446258288438484994,2021-10-07 23:37:00+00:00,"When we give working families a break, we're not just raising their quality of life—we're putting parents in a position to earn a paycheck. That's what the Bipartisan Infrastructure Deal and the Build Back Better Agenda are all about.",False,20174,
1446229599290077193,2021-10-07 21:43:00+00:00,"Teachers and firefighters shouldn’t pay a higher tax rate than millionaires and billionaires.
https://t.co/02tU0LF7p1",False,12189,
1446224128227385346,2021-10-07 21:21:16+00:00,"RT @WhiteHouse: Vaccination requirements work. They drive up vaccination rates, which makes our communities and schools safer, along with s…",False,0,
1446128938468532231,2021-10-07 15:03:01+00:00,"The Bipartisan Infrastructure Deal is about rebuilding our roads, our highways, our bridges, our ports, our airports, our broadband. It’s a blue-collar blueprint for rebuilding America.",False,17106,
1445853879401259008,2021-10-06 20:50:02+00:00,"Our Bipartisan Infrastructure Deal and Build Back Better Agenda are not about left versus right—they’re about competitiveness versus complacency.
https://t.co/H54nLNbzqL",False,7642,
1445818651869728768,2021-10-06 18:30:03+00:00,"Republicans forcing us to default on the debt would lead to a self-inflicted wound that would take our economy over a cliff.
https://t.co/x0anA9Gjk7",False,5590,
1445498536452182027,2021-10-05 21:18:01+00:00,RT @POTUS: I ran on my Build Back Better Agenda. I said it was time to build an economy that looks out from Scranton — instead of looking d…,False,0,
1445469237468749841,2021-10-05 19:21:36+00:00,"My message to Republicans: If you don't want to help save the country, get out of the way. https://t.co/5Um4dL0XO8",False,25914,
1445417858687700992,2021-10-05 15:57:26+00:00,Republicans won't vote to raise the debt limit to cover their own policies under the previous administration. It’s reckless and dangerous. https://t.co/qXu0jlcQbf,False,8913,
1444359045054439429,2021-10-02 17:50:05+00:00,"RT @POTUS: During National Domestic Violence Awareness and Prevention Month, we come together to reaffirm our commitment to ending domestic…",False,0,
1444310062198054921,2021-10-02 14:35:27+00:00,RT @POTUS: My Build Back Better Agenda and the Bipartisan Infrastructure Deal will spur economic growth – creating and supporting 4 million…,False,0,
1444085055031320578,2021-10-01 23:41:21+00:00,"RT @POTUS: This week, I’ve been working closely with leaders in Congress to pass my Build Back Better Agenda and Bipartisan Infrastructure…",False,0,
1444068124421144580,2021-10-01 22:34:05+00:00,RT @POTUS: We are going to deliver for the American people. https://t.co/w5lBtYCUoq,False,0,
1443964473941925893,2021-10-01 15:42:12+00:00,RT @POTUS: Let me be clear: No hardworking American should be paying more in taxes than entire tech or oil companies. It’s long past time c…,False,0,
1443366490158272517,2021-09-30 00:06:02+00:00,"We have a path to usher in a new era of economic growth that benefits everybody, not just those at the top, with the Build Back Better Agenda and Bipartisan Infrastructure Deal.",False,30990,
1443362778836779008,2021-09-29 23:51:17+00:00,RT @POTUS: My Build Back Better Agenda and the Bipartisan Infrastructure Deal are overwhelmingly supported by the American people. We are w…,False,0,
1443332006742568967,2021-09-29 21:49:00+00:00,"The Bipartisan Infrastructure Deal and the Build Back Better Agenda will create good-paying jobs and lower costs for families. 

Together they will grow the economy for everybody.",False,22092,
1443286545608454153,2021-09-29 18:48:22+00:00,"This is the moment to make sure all of us—not just the wealthy few at the top—are dealt in and share the benefits of a growing economy. This is our opportunity to not just build back, but build back better for all Americans.",False,20478,
1442984974328627203,2021-09-28 22:50:01+00:00,"Our Build Back Better Agenda will strengthen our economy by lowering taxes on the working and middle class, and reducing the cost of child care, housing, and higher education.

We will grow our economy from the bottom up and the middle out.",False,15185,
1442965340653121537,2021-09-28 21:32:00+00:00,"As my friend, American hero Representative John Lewis, reminded us shortly before he passed, 'Democracy is not a state. It is an act.’ This National Voter Registration Day, and every day, we are committed to defending, strengthening, and expanding the sacred right to vote.",False,26761,
1442918811116523521,2021-09-28 18:27:07+00:00,"Last year, 55 of the largest corporations paid zero dollars in federal income taxes on over $40 billion of profits.

It’s time for big corporations to finally pay their fair share.",False,19135,
1442896187770564609,2021-09-28 16:57:13+00:00,"We have the power to build the country we hope to leave to our children and grandchildren—and it starts at the ballot box.

On this National Voter Registration Day, check that your voter registration status is up to date at https://t.co/Hy8C4n0lUk.",False,9398,
1442617142222917633,2021-09-27 22:28:23+00:00,"Today I got my COVID-19 booster shot—and just like my first and second dose, it was safe and easy. 

Get vaccinated. Together, can we save lives and beat this virus. https://t.co/gtNAQqmOoj",False,43201,
1442600939022602243,2021-09-27 21:24:00+00:00,The wealthy don’t need another tax cut. Our Build Back Better agenda will create an economy that works for those who built America: the middle class.,False,21443,
1442581561300426756,2021-09-27 20:07:00+00:00,We need to reward work in this country—not just wealth.,False,55675,
1442521593289138180,2021-09-27 16:08:43+00:00,"Join @DrBiden and @TheDemocrats for a virtual town hall tonight to discuss our Build Back Better Agenda, upcoming elections, and what Democrats need to do to win in 2022. RSVP now→
https://t.co/AotPstgKgL",False,4551,
1442495747329560576,2021-09-27 14:26:01+00:00,RT @POTUS: I’ll be getting my COVID-19 booster shot — and I encourage everyone who’s eligible to get theirs as well. https://t.co/l6Gmo0G8OO,False,0,
1442272522775400448,2021-09-26 23:39:00+00:00,"Over 182 million Americans have already done the right thing and are fully vaccinated as of today.  

To the other 70 million eligible Americans who have yet to get their first shot: get vaccinated. It can save your life. https://t.co/V5pz14zBQP",False,13899,
1442255280109195264,2021-09-26 22:30:29+00:00,RT @POTUS: The families of our fallen men and women in uniform understand the true and painful price of freedom — coping with loss and unsp…,False,0,
1442220684407676929,2021-09-26 20:13:00+00:00,"Millionaires and billionaires are paying a lower tax rate than teachers and firefighters. We’re going to restore fairness to the tax code, give working people a much-needed tax cut, and make the investments that will grow our economy for years to come.",False,51248,
1442184451362988034,2021-09-26 17:49:02+00:00,"Our Build Back Better Agenda will cut taxes for the middle class, lower costs for working families, create more jobs, and sustain economic growth for years to come. 

And the most important part? No one making under $400,000 will pay a penny more in taxes.",False,19624,
1442146441993064449,2021-09-26 15:18:00+00:00,"If you don’t qualify for the booster, or you got the Moderna and Johnson &amp; Johnson vaccines: if you’re fully vaccinated, you’re highly protected from severe illness even if you get COVID-19. https://t.co/1FbMCy9san",False,9616,
1441939328939302912,2021-09-26 01:35:00+00:00,"Climate change is all around us. From hurricanes and unprecedented flooding to historic wildfires, we’ve seen its effects firsthand all summer. 

We have a chance to stop climate change’s worst effects, but we have to act right now. We must pass our Build Back Better Agenda.",False,17946,
1441899064556204033,2021-09-25 22:55:00+00:00,"We’ve made so much progress during the past eight months of this pandemic, and now we face a critical moment. We have the tools and we have the plan—we just have to finish the job together as one nation. 

Please, get vaccinated.",False,28852,
1441871636731293701,2021-09-25 21:06:01+00:00,"While typical working Americans pay their taxes, the top 1% evade an estimated $160 billion in taxes each year.
 
It’s wrong—and it’s past time the ultra-wealthy and corporations paid their fair share.",False,34550,
1441848758321438723,2021-09-25 19:35:06+00:00,The majority of Americans who were fully vaccinated with the Pfizer vaccine are now eligible to receive a booster shot six months after they've received their second shot. https://t.co/6vVAhppz8u,False,10960,
1441803436291416069,2021-09-25 16:35:01+00:00,"For too long, our economy has worked great for those at the top, while the hardworking people who built this country have been cut out of the deal. Our Build Back Better Agenda will deal working people back in.",False,22606,
1441542463613718528,2021-09-24 23:18:00+00:00,"Folks, we’re facing an urgent choice: do we keep an economy that serves the wealthiest and biggest corporations—or finally give middle class families a fair shot?

Our Build Back Better agenda is our moment to prove to the American people that their government works for them.",False,32105,
1441532146082934785,2021-09-24 22:37:00+00:00,RT @POTUS: The majority of Americans who were fully vaccinated with Pfizer can receive a booster shot at least 6 months after their second…,False,0,
1441125220916420611,2021-09-23 19:40:02+00:00,The Bipartisan Infrastructure Deal is a blue-collar blueprint to rebuild America that will help make our historic economic recovery a historic long-term boom.,False,18056,
1441068624048017410,2021-09-23 15:55:08+00:00,"Our Build Back Better Agenda will bring down the everyday costs that have for years been taking a bigger and bigger bite out of middle-class families’ incomes: health care, prescription drug costs, child care, education, housing, or caring for an elderly relative or loved one.",False,14867,
1440816012719312899,2021-09-22 23:11:21+00:00,"RT @POTUS: As we fight COVID-19 here at home, we need to continue our efforts overseas. That’s why today, I announced we’re increasing our…",False,0,
1440683552753033216,2021-09-22 14:25:00+00:00,"We stand at an inflection point in history. The United States intends to work with partners and allies to answer these questions and help lead the world toward a more peaceful, prosperous future for all people. https://t.co/3JYwybRezw",False,10301,
1440481472855494657,2021-09-22 01:02:00+00:00,"As we pursue diplomacy across the board, the U.S. will champion the democratic values that go to the very heart of who we are as a nation and a people—freedom, equality, opportunity, and a belief in the universal rights of all people. 

It's stamped into our DNA as a nation.",False,14867,
1440453789090152458,2021-09-21 23:12:00+00:00,"For the first time in 20 years, the United States is not at war. We’ve turned the page.

All the unmatched strength, energy, commitment, will, and resources of our nation are now fully and squarely focused on what’s ahead of us, not what was behind. https://t.co/4n3HlIiUlY",False,16999,
1440428877822660608,2021-09-21 21:33:01+00:00,"As we recover from this crisis, we must put in place a long-term plan to increase opportunities with better jobs and higher wages; a plan that will lower the everyday costs that strain our budgets and our nation’s families.

Our Build Back Better Agenda will get it done.",False,10694,
1440382817322475521,2021-09-21 18:29:59+00:00,"RT @POTUS: It was an honor to address the UN General Assembly this morning. We stand at an inflection point in history, and the United Stat…",False,0,
1440377300948643841,2021-09-21 18:08:04+00:00,"The evidence is clear: climate change poses an existential threat. If we don't stay below 1.5°C of global temperature rise, we're in deep trouble.  

We need to build back better by investing in clean energy, cutting emissions, and fighting climate change head on.",False,26337,
1440120847142895624,2021-09-21 01:09:00+00:00,"This summer alone, over 100 million Americans and the communities they call home have been affected by extreme weather.  

We can’t just rebuild, we have to build back better. We have to invest in climate resilience to protect our communities and work to cut carbon emissions.",False,16908,
1440012312480452613,2021-09-20 17:57:44+00:00,"RT @POTUS: We have the tools to put this pandemic behind us, but we all have to do our part. If you haven’t yet, please get vaccinated. And…",False,0,
1439975893250740225,2021-09-20 15:33:01+00:00,"Our Build Back Better Agenda will invest in working families by cutting taxes, lowering prescription drug prices and health care costs, and reducing the cost of child care. 

We’ll build our economy from the bottom up and middle out.",False,16605,
1439607728016609286,2021-09-19 15:10:03+00:00,"Past presidents have cut taxes for the wealthy and biggest corporations with the promise of economic growth.

It doesn't work.

The ultra-wealthy and corporations must pay their fair share—which will lower costs for the middle class.",False,51933,
1439266438997553155,2021-09-18 16:33:53+00:00,"Our Build Back Better Agenda is a historic investment in middle-class families. It will be paid for by reforming the tax code to make sure the wealthiest Americans and largest corporations pay their fair share.

No one earning under $400,000 will pay a penny more in taxes.",False,20380,
1439228469028794368,2021-09-18 14:03:01+00:00,Virtually all of the COVID deaths and hospitalizations are from unvaccinated people. Get your shot.,False,44464,
1438987881545076738,2021-09-17 22:07:00+00:00,"We can build an economy that gives working people a fair shot. 
We can restore some sanity and fairness to our tax code. 
We can make the investments that we know are long overdue in this nation. 

That's exactly what my Bipartisan Infrastructure Plan does.",False,14931,
1438944345881812999,2021-09-17 19:14:01+00:00,"Our Build Back Better agenda takes on the existential threat of climate change directly by investing in clean energy, creating good-paying, union jobs, and working to stop the climate crisis’s most disastrous impacts on working families.",False,12476,
1438891499463262222,2021-09-17 15:44:01+00:00,"Big corporations and the super wealthy have to start paying their fair share of taxes. It’s long overdue. 

I'm not out to punish anyone. All I'm asking is that you pay your fair share—just like middle-class folks do.",False,41774,
1438860239063945216,2021-09-17 13:39:48+00:00,"RT @POTUS: Immigrants come to America from different circumstances, but every generation has made us stronger. This Citizenship Day serves…",False,0,
1438678843213037570,2021-09-17 01:39:00+00:00,"When big corporations and the wealthy pay their fair share, we are able to invest in America. https://t.co/b2U1BgSdjP",False,11618,
1438649149738700809,2021-09-16 23:41:00+00:00,"Republican governors in states like Texas and Florida are doing everything they can to undermine the public health requirements that keep people safe.

They're playing politics with the lives of their citizens, especially children. I refuse to give in to it.",False,34088,
1438620810491613187,2021-09-16 21:48:24+00:00,"This is our moment to prove to the American people that their government works for them, not just for the big corporations and those at the very top. https://t.co/Ie9keqGYqk",False,10948,
1438535418841116676,2021-09-16 16:09:05+00:00,"The Build Back Better Agenda will lower the costs of:
✅ Child care
✅ Higher education
✅ Prescription drugs
✅ Health care
✅ Housing

And we’ll do it by making the wealthiest and large corporations pay their fair share.",False,15014,
1438223300489056261,2021-09-15 19:28:50+00:00,"Congratulations Governor @GavinNewsom on defeating the recall. This vote is a resounding win for the approach that he and I share to beating the pandemic: strong vaccine requirements, steps to reopen schools safely, and plans to help those who get sick.",False,67081,
1437883965168312322,2021-09-14 21:00:26+00:00,"California, the eyes of the nation are on you. Vote NO on the recall before polls close at 8pm to keep @GavinNewsom as governor and keep moving our country forward. https://t.co/uV4UbFsSBF",False,12928,
1437842363678957584,2021-09-14 18:15:07+00:00,"California, Election Day is today. On behalf of people all across America, don’t take anything for granted. If you want to vote in person, make sure you know where you’re going to vote. If you’ve already voted, make sure your family and friends are voting. Vote no on the recall. https://t.co/Y9DFAZej6S",False,15279,
1437816410659430402,2021-09-14 16:32:00+00:00,"California, vote to keep @GavinNewsom your governor. The rest of America is counting on you, and so am I. https://t.co/mYnR2isUjI",False,15222,
1437766739627057159,2021-09-14 13:14:37+00:00,"California, today is Election Day. We’re counting on you to vote NO on the recall to keep @GavinNewsom in office and California moving forward.

Polls are open until 8pm. Make your voice heard.",False,37468,
1437603766790918146,2021-09-14 02:27:02+00:00,Tomorrow's Election Day—so I’m here with @GavinNewsom to ask Californians to vote no on the recall. Help protect the progress we’ve made. https://t.co/GDWCT1Z4zZ,False,15401,
1437153113035747338,2021-09-12 20:36:17+00:00,"Vaccines are free, safe, and convenient. https://t.co/mJS9AteS8o",False,34986,
1437121485366308864,2021-09-12 18:30:37+00:00,"RT @POTUS: We honor all those lost on that dark day, 20 years ago. And we honor those who risked and gave their lives in the minutes, hours…",False,0,
1436773965041750019,2021-09-11 19:29:41+00:00,"RT @POTUS: We honor those lives lost on Flight 93 on that dark day in history 20 years ago. No matter how much time has passed, these comme…",False,0,
1436729790225162250,2021-09-11 16:34:09+00:00,"RT @POTUS: We never forget.

We never forget the children who have grown up without parents. Parents who have suffered without children. Hu…",False,0,
1436676656169635847,2021-09-11 13:03:01+00:00,"Twenty years ago, nearly 3,000 lives were cut short by an unspeakable act of cowardice and hatred on 9/11. As a nation, we must never forget those we lost during one of the darkest moments in our history and the enduring pain of their families and loved ones.",False,96933,
1436490934770929706,2021-09-11 00:45:02+00:00,"Our new COVID-19 plan will reduce the number of unvaccinated Americans, decrease hospitalizations and deaths, allow our children to go to schools safely, and keep our economy strong by keeping businesses open. 

We will spare no effort in saving lives and beating this virus.",False,37983,
1436367668911788060,2021-09-10 16:35:13+00:00,"Our plan takes on the elected officials in states that are undermining the life-saving actions we need to take to defeat COVID-19. 

If these governors won’t help us beat the pandemic, we will get them out of the way. https://t.co/8XcibeNeV4",False,15611,
1436341714264985601,2021-09-10 14:52:05+00:00,"My first responsibility is to protect the American people and make sure we have vaccines for every American, including enough boosters. As soon as they're authorized, those eligible will be able to get a free booster right away in tens of thousands of sites across the country.",False,48313,
1436155670978568196,2021-09-10 02:32:49+00:00,The Department of Labor is developing an emergency rule to require that all employers with 100 or more employees ensure their workforces are fully vaccinated or show a negative test at least once a week. https://t.co/Yn2kDf63FU,False,25707,
1436093465499144193,2021-09-09 22:25:38+00:00,"RT @POTUS: Right now, local school officials are trying to keep children safe in a pandemic while their governor picks a fight with them an…",False,0,
1435999951230840842,2021-09-09 16:14:02+00:00,"The Bipartisan Infrastructure Deal and the Build Back Better Agenda will:
✅Create millions of good-paying jobs rebuilding roads and bridges
✅Lower taxes for working families
✅Lower costs for working families, including child care, elder care, community college, pre-K, and more",False,10253,
1435739980706500609,2021-09-08 23:01:00+00:00,"The pandemic of the unvaccinated is a tragedy that is preventable. People are dying and will die from COVID-19 who don't have to. 

If you haven't gotten vaccinated, do it now. It could save your life and the lives of those you love.",False,51132,
1435605847225339911,2021-09-08 14:08:00+00:00,"Folks, the evidence is clear, climate change poses an existential threat to our lives and our economy. But we can stop it from getting worse. 

Our Build Back Better plan will make investments to fight the climate crisis, cut emissions, and make our infrastructure more resilient.",False,29791,
1435600403488518150,2021-09-08 13:46:23+00:00,"RT @POTUS: Yesterday, I toured communities impacted by Ida in New Jersey and New York. As I told folks on the ground, we’re committed to su…",False,0,
1434894331845005318,2021-09-06 15:00:42+00:00,"The middle class built America, and unions built the middle class.  

This Labor Day, we honor all the workers, and their enduring movement, that keep our economy moving and are the heart, soul, and spine of this nation. https://t.co/mzLEKfW7j8",False,13580,
1434188759747211267,2021-09-04 16:17:00+00:00,"RT @POTUS: I know some folks are hesitant to get vaccinated, but the vaccine is safe, effective, and the best way to protect yourself and t…",False,0,
1433891056953790482,2021-09-03 20:34:03+00:00,We are now the only developed country in the world whose economy is bigger than it was before the pandemic. Our economic plan is working. https://t.co/Xj715N5rx7,False,23404,
1433562887298199555,2021-09-02 22:50:01+00:00,"The Supreme Court's overnight ruling is an unprecedented assault on constitutional rights and requires an immediate response.

We will launch a whole-of-government effort to respond, looking at what steps we can take to ensure that Texans have access to safe and legal abortions.",False,76334,
1433546883205578756,2021-09-02 21:46:25+00:00,"To everyone who is still in harm's way and for all those struggling to deal with the aftermath of the storms and fires, keep the faith. We’re going to stand with you for as long as it takes to recover and rebuild.",False,20845,
1433515992492253187,2021-09-02 19:43:40+00:00,RT @POTUS: I want to express my heartfelt thanks to all the first responders and everyone working through the night to save lives and get t…,False,0,
1433183957424689157,2021-09-01 21:44:17+00:00,"Texas law SB8 will significantly impair people’s access to the health care they need—particularly for communities of color and individuals with low incomes.

We are deeply committed to the constitutional right established in Roe v. Wade and will protect and defend that right.",False,43994,
1433063313362104325,2021-09-01 13:44:53+00:00,I was not going to extend this forever war. https://t.co/QoDLRA4Hqr,False,21271,
1432884413235347462,2021-09-01 01:54:00+00:00,This decision about Afghanistan is not just about Afghanistan. It's about ending an era of major military operations to remake other countries.,False,105902,
1432876149437255683,2021-09-01 01:21:10+00:00,"There is nothing low-grade, low-risk, or low-cost about any war. It was time to end the war in Afghanistan. https://t.co/jAGbWnBzol",False,22405,
1432529067153186816,2021-08-31 02:21:59+00:00,"RT @POTUS: The past 17 days have seen our troops execute the largest airlift in US history. They have done it with unmatched courage, profe…",False,0,
1432122004543508480,2021-08-29 23:24:28+00:00,RT @POTUS: The 13 service members that we lost were heroes who made the ultimate sacrifice in service of our highest American ideals and wh…,False,0,
1431694025136955394,2021-08-28 19:03:49+00:00,"RT @POTUS: I said we would go after the group responsible for the attack on our troops and innocent civilians in Kabul, and we have. My ful…",False,0,
1431250830980788224,2021-08-27 13:42:44+00:00,"RT @POTUS: The American service members who gave their lives were heroes. Heroes who have been engaged in a dangerous, selfless mission to…",False,0,
1430628555742920704,2021-08-25 20:30:02+00:00,"We're going to do everything that we can to provide safe evacuation for Americans, our Afghan allies, partners, and Afghans who might be targeted because of their association with the United States.",False,39803,
1430520767385677829,2021-08-25 13:21:43+00:00,"Thank you to @SpeakerPelosi and every Democrat who came together to advance our Build Back Better Agenda in the House. The House’s historic vote is a huge step forward in our work to restore America’s economy, rebuild our infrastructure, and invest in our shared future.",False,36873,
1430272177744629762,2021-08-24 20:53:55+00:00,To the millions of Americans who have been waiting for full FDA approval—go get your COVID-19 shot now. https://t.co/393WzbJ6om,False,15016,
1430162366939942924,2021-08-24 13:37:34+00:00,"The United States stands by the commitment we’ve made to evacuate people—and this includes vulnerable Afghans, such as women leaders and journalists. https://t.co/kfjfyKmBcM",False,12978,
1429845800612413441,2021-08-23 16:39:38+00:00,"Once screened and cleared, we will welcome Afghans who helped us in the war effort to their new home in the United States of America. 

Because that's who we are. That's what America is.",False,90169,
1429611346346250242,2021-08-23 01:08:00+00:00,"To those in Henri’s path: Don't forget that you may need to seek shelter while we’re still battling COVID-19 and the Delta variant. So wear a mask and try to observe social distancing.

And to everyone across the country, don't get caught by the next storm. Get vaccinated now.",False,36681,
1429504471395078144,2021-08-22 18:03:19+00:00,"RT @POTUS: Today at 4 PM ET I will address the nation on my Administration’s response to Tropical Storm Henri, and give an update on the ev…",False,0,
1428130239016747016,2021-08-18 23:02:37+00:00,"RT @POTUS: We will not sit by as Governors try to block or intimidate educators protecting kids against COVID-19.
 
This isn’t about politi…",False,0,
1428058056672247813,2021-08-18 18:15:47+00:00,"Human rights must be the center of our foreign policy, not the periphery. But the way to do it is not through endless military deployments. https://t.co/w2jMtgzisE",False,18093,
1428026091386679301,2021-08-18 16:08:46+00:00,"RT @WhiteHouse: The COVID-19 vaccines are safe, free, and highly effective – but even highly effective vaccines experience a reduction in p…",False,0,
1427712487072227337,2021-08-17 19:22:37+00:00,The answer is clear: We cannot continue to repeat the mistakes of the past. https://t.co/AA9Fc6ZFXi,False,27154,
1427677357297516552,2021-08-17 17:03:01+00:00,Four presidents have presided over an American troop presence in Afghanistan—two Republicans and two Democrats. We will not pass this war onto a fifth. https://t.co/d5kIcw27h8,False,24090,
1427411226372493315,2021-08-16 23:25:31+00:00,"RT @POTUS: We went to Afghanistan almost 20 years ago with clear goals: get those who attacked us on September 11, 2001—and make sure al Qa…",False,0,
1427286379923492864,2021-08-16 15:09:25+00:00,RT @POTUS: I will be addressing the nation on Afghanistan at 3:45 PM ET today.,False,0,
1426676508349943815,2021-08-14 22:46:00+00:00,Our economy is coming back—but there’s more work to be done. We have to beat this virus. Get vaccinated.,False,88141,
1426670730595471360,2021-08-14 22:23:03+00:00,"RT @POTUS: In what is already a challenging time for the people of Haiti, I am saddened by the devastating earthquake that occurred in Sain…",False,0,
1426589251504902145,2021-08-14 16:59:16+00:00,"While we will have ups and downs along the way, it’s clear: our economic plan is working, it produces results, and it’s moving our country forward. https://t.co/uAIcTZowyH",False,11336,
1426181243482251272,2021-08-13 13:58:00+00:00,"Today, about 40 million families will receive their second monthly payment as part of the expanded Child Tax Credit.

This money is a game changer─and for some, it’s a lifesaver. https://t.co/v7BJtVo8eJ",False,19778,
1425984566012092422,2021-08-13 00:56:28+00:00,"Gov. @GavinNewsom is leading California through unprecedented crises—he's a key partner in fighting the pandemic and helping build our economy back better. To keep him on the job, registered voters should vote no on the recall election by 9/14 and keep California moving forward.",False,75601,
1425614760515555329,2021-08-12 00:27:00+00:00,There are no Republican bridges or Democratic roads. The Bipartisan Infrastructure Deal is a win for all Americans. https://t.co/fcvJV3zwd8,False,13530,
1425592958435446785,2021-08-11 23:00:22+00:00,"What a year it’s been. With @KamalaHarris, we are building our country back better than ever before. https://t.co/FXQeOcbBqg",False,18018,
1425525587716755460,2021-08-11 18:32:39+00:00,"After years and years of “infrastructure week,” we're on the cusp of a historic, bipartisan infrastructure decade that will transform America.",False,42774,
1425132056212869121,2021-08-10 16:28:54+00:00,"RT @POTUS: Big news, folks: The Bipartisan Infrastructure Deal has officially passed the Senate. I hope Congress will send it to my desk as…",False,0,
1424770786288603144,2021-08-09 16:33:21+00:00,"RT @POTUS: We can’t wait to tackle the climate crisis.

The signs are unmistakable. The science is undeniable. And the cost of inaction kee…",False,0,
1424030175940026370,2021-08-07 15:30:25+00:00,"RT @POTUS: The Delta variant is surging, but we have the power to stop it.

Get vaccinated.",False,0,
1423802823192481797,2021-08-07 00:27:00+00:00,"Big news: In total, our administration has created over 4 million new jobs. That’s more jobs created than any other president’s first six months in history.

The Biden plan is working. https://t.co/ebe6Yhgdre",False,19531,
1423687828639203331,2021-08-06 16:50:03+00:00,"On January 6, a mob of extremists launched a violent and deadly assault on the Capitol.

The truth prevailed because brave law enforcement officials put their lives on the line to defend democracy. On behalf of a grateful nation, we thank you. https://t.co/oi184Tf6Bo",False,15484,
1423665885630316554,2021-08-06 15:22:52+00:00,RT @POTUS: Tune in as I deliver remarks on the July jobs report.  https://t.co/NF399UDLE1,False,0,
1423663285124087809,2021-08-06 15:12:32+00:00,"RT @POTUS: More than 4 million jobs created since we took office.

It’s historic — and proof our economic plan is working.",False,0,
1423627651634323463,2021-08-06 12:50:56+00:00,"RT @POTUS: Fifty-six years ago today, our nation passed the Voting Rights Act and took a big step forward in our pursuit of a more perfect…",False,0,
1423350890354905088,2021-08-05 18:31:11+00:00,"We’ve made historic economic progress and created more jobs than any administration has done in the first six months of being in office.
 
Now, we have a chance to turn this great movement into an economy that works for all Americans—not just the wealthy.",False,16494,
1422950708723265540,2021-08-04 16:01:00+00:00,"RT @POTUS: Happy birthday, @BarackObama. I’m proud to call you a brother and a friend — and I’m grateful for your selfless service to this…",False,0,
1422678412200710148,2021-08-03 21:59:00+00:00,Workers shouldn’t just compete for jobs. Jobs should compete for workers. https://t.co/2o4a7Bjd9c,False,12689,
1422285050427678726,2021-08-02 19:55:55+00:00,"RT @POTUS: We are prepared to deal with the surge in COVID-19 cases like never before.  
 
Unlike a year ago, we have the ability to save l…",False,0,
1421925956055351298,2021-08-01 20:09:00+00:00,It’s past time the super wealthy and profitable corporations began paying their fair share. https://t.co/cHHSzIK9tU,False,15567,
1421861032402817032,2021-08-01 15:51:01+00:00,"If you’re worried about the Delta variant, the answer is simple: get vaccinated. https://t.co/IYxM6RYWRd",False,43240,
1421527341126373378,2021-07-31 17:45:03+00:00,".@TheDemocrats are making historic, early strategic investments that are needed to elect Democrats in 2021, 2022, and onward.

You can help us keep building back better and elect Democrats up and down the ballot by adding a grassroots donation today.
https://t.co/vFRmWw6m5F",False,5293,
1421485509596045314,2021-07-31 14:58:50+00:00,"RT @POTUS: This week, we reached a historic Bipartisan Infrastructure Deal. Secretary Granholm, Secretary Raimondo, and Gina McCarthy hit t…",False,0,
1420801561480073218,2021-07-29 17:41:04+00:00,"RT @POTUS: The Bipartisan Infrastructure Deal signals to the world that our democracy can function, deliver, and do big things. As we did w…",False,0,
1420136297574944771,2021-07-27 21:37:32+00:00,RT @POTUS: Today’s announcement makes clear that the most important protection we have against the Delta variant is the vaccine. Although m…,False,0,
1419674057369391111,2021-07-26 15:00:46+00:00,You’re not gonna find anyone who knows how to get more done for Virginia than @TerryMcAuliffe. https://t.co/wosvuiDdCJ,False,7543,
1419662529987584009,2021-07-26 14:14:57+00:00,RT @POTUS: Today marks the 31st anniversary of the Americans with Disabilities Act — a landmark bill I proudly cosponsored in the Senate. W…,False,0,
1419389748750307332,2021-07-25 20:11:01+00:00,America is about possibilities. https://t.co/xZG43VXAcM,False,18707,
1418999226894372872,2021-07-24 18:19:14+00:00,RT @POTUS: Folks the Delta variant is no joke. Please protect yourself and your loved ones – get vaccinated.,False,0,
1418717115834642433,2021-07-23 23:38:13+00:00,".@TerryMcAuliffe is running for governor of Virginia to create good-paying jobs, make health care more affordable, and give every child a world-class education. Tune in for our grassroots event. https://t.co/fpVcjUf0Cq",False,8658,
1418284694463033348,2021-07-22 18:59:56+00:00,RT @POTUS: I condemn the mass detentions and sham trials that are the Cuban regime's efforts to threaten the Cuban people into silence. My…,False,0,
1417540067027992583,2021-07-20 17:41:03+00:00,"Six months in, our economic plan is working. https://t.co/j5hTV93YwP",False,22895,
1417244793722314752,2021-07-19 22:07:44+00:00,"With the expanded Child Tax Credit, we're proving that democracy can deliver for the American people. https://t.co/CElYsejTiH",False,10479,
1417163292557119490,2021-07-19 16:43:53+00:00,"RT @POTUS: Since I took office six months ago, we’ve gone from 60,000 new jobs per month – to 60,000 every three days.

That’s the fastest…",False,0,
1416833698872401928,2021-07-18 18:54:11+00:00,Wildfires don’t stop at a county or state line. That’s why we’re working hand-in-hand with state and local leaders to invest in prevention and preparation to fight wildfires. https://t.co/IJYy4Qpi7T,False,12762,
1416792088239394816,2021-07-18 16:08:51+00:00,"RT @POTUS: With the Delta variant on the rise across the country, it’s more important than ever to get vaccinated. Head to https://t.co/4MY…",False,0,
1416448669688156171,2021-07-17 17:24:13+00:00,Our service members—at home and abroad—are the steel spine of America. https://t.co/djTxn46dxC,False,10480,
1416418887453843457,2021-07-17 15:25:53+00:00,"RT @POTUS: Yesterday’s Federal court ruling is deeply disappointing. While the court’s order does not now affect current DACA recipients, t…",False,0,
1416103737748242433,2021-07-16 18:33:35+00:00,"After a year of hard-fought progress on COVID-19, we can't get complacent now. Let's finish the job together. https://t.co/vATTWcD3EM",False,13022,
1415684527700148232,2021-07-15 14:47:48+00:00,"RT @POTUS: Today is a historic day for our country. Because beginning this morning, nearly all working families started receiving their fir…",False,0,
1415488484693905411,2021-07-15 01:48:47+00:00,"RT @POTUS: Thanks for stopping by, Olivia, and for using your voice to urge young people to get vaccinated. If we all do our part and get t…",False,0,
1415389383100825602,2021-07-14 19:15:00+00:00,Let’s be clear: we’re going to vigorously challenge attacks on our elections. https://t.co/XZ7WiwXV1K,False,16197,
1415308547588567045,2021-07-14 13:53:47+00:00,The “big lie” is just that—a big lie. https://t.co/vWz9LrUK5s,False,22683,
1414299130743111685,2021-07-11 19:02:43+00:00,"RT @POTUS: Get vaccinated, folks. It’s free, it’s effective, and it’s never been easier or more important.",False,0,
1413585151607574532,2021-07-09 19:45:37+00:00,RT @POTUS: Let me be clear: capitalism without competition isn’t capitalism. It’s exploitation.,False,0,
1413516563118964742,2021-07-09 15:13:05+00:00,"On this day last year during the economic crisis, we announced we weren’t just going back to the way things were—we were going to build back better. 

Our work continues strengthening the middle class, ensuring everyone is dealt-in, and building a more climate-resilient nation.",False,16070,
1413182029898780674,2021-07-08 17:03:46+00:00,"The sacred right to vote is under attack across the country. That’s why @TheDemocrats are launching a first-of-its-kind voter protection effort. Tune in.
https://t.co/HwcGh0KhbF",False,7585,
1412895142244229127,2021-07-07 22:03:46+00:00,"RT @POTUS: The fact is 12 years of education is no longer enough to compete in the 21st Century.
 
That’s why my Build Back Better Agenda w…",False,0,
1412450060927918087,2021-07-06 16:35:11+00:00,"RT @POTUS: We’re closer than ever to declaring our independence from COVID-19, but the fight is not over yet. Powerful strains like the Del…",False,0,
1411682736859910153,2021-07-04 13:46:06+00:00,America is coming back—together. https://t.co/Alt087kMUO,False,23029,
1411340208705097734,2021-07-03 15:05:01+00:00,"Over 300 million shots administered.
Checks delivered to more than 169 million Americans.
More than three million jobs added to the U.S. economy.

We’ve come a long way. But this is just the beginning.",False,50978,
1410989575732961286,2021-07-02 15:51:44+00:00,Help us mark our independence from this virus—get vaccinated.,False,74495,
1410960898190159879,2021-07-02 13:57:47+00:00,"RT @POTUS: 3 million jobs since we took office. 
 
Our economic plan is working.",False,0,
1410694898601316359,2021-07-01 20:20:47+00:00,"The science is clear: The best way to protect yourself against the virus and its variants is to be fully vaccinated. 

If you have not been vaccinated, get your COVID-19 shot as soon as possible. Now is not the time to let our guard down.",False,41690,
1410648263934545924,2021-07-01 17:15:29+00:00,RT @POTUS: Today’s decision by the Supreme Court undercuts voting rights in this country — and makes it all the more crucial to pass the Fo…,False,0,
1410264588730482691,2021-06-30 15:50:54+00:00,".@TheDemocrats are mobilizing volunteers and organizers, investing in state parties, fighting to protect voting rights, and more. If you can, consider chipping in to keep building the party infrastructure we need to win—from the school board to the Senate.
https://t.co/JPmx9sPyde",False,5176,
1409895452430974981,2021-06-29 15:24:05+00:00,"We, the people, are coming back together. https://t.co/xELkAnPq6z",False,13010,
1408908666896535554,2021-06-26 22:02:57+00:00,RT @POTUS: My heart is with the community of Surfside as they grieve their lost loved ones and wait anxiously as search and rescue efforts…,False,0,
1408833331282780167,2021-06-26 17:03:35+00:00,"It took a herculean effort across the globe—including the ingenuity of scientists, building on decades of research—to develop a vaccine. As a result, deaths from COVID-19 are plummeting. Our economy is rebounding. And millions of Americans are getting back to living their lives. https://t.co/lqwfh0Nj21",False,14753,
1408157145695232000,2021-06-24 20:16:40+00:00,RT @POTUS: This bipartisan agreement represents the largest investment in public transit in American history. The largest investment in rai…,False,0,
1408100836778123277,2021-06-24 16:32:55+00:00,"RT @POTUS: Here’s the deal: The Delta variant is more contagious, it’s deadlier, and it’s spreading quickly around the world – leaving youn…",False,0,
1407825795075264516,2021-06-23 22:20:00+00:00,It’s a simple proposition: Who do you love? https://t.co/jDUjB9J6pL,False,14139,
1407813193158860806,2021-06-23 21:29:55+00:00,RT @POTUS: The fact is we’ve seen a surge in gun violence across the country since the beginning of the pandemic. It’s unacceptable — and w…,False,0,
1407399246756724736,2021-06-22 18:05:03+00:00,"RT @POTUS: We can’t sit idly by while democracy is in peril – here, in America. We need to protect the sacred right to vote and ensure “We…",False,0,
1407087431908737024,2021-06-21 21:26:00+00:00,"Together, we are going to build an economy that rewards work—not just wealth. An economy that works for the backbone of this country: the people who get up every single day to work hard to provide for their families, who are just looking for a little bit of breathing room.",False,41701,
1406976458761900032,2021-06-21 14:05:02+00:00,RT @POTUS: The Child Tax Credit means help directly in the bank accounts of the families who need it. Nearly all working families will auto…,False,0,
1406710864619704320,2021-06-20 20:29:40+00:00,"RT @POTUS: Happy Father's Day to the fathers, stepfathers, grandfathers, and father figures who enrich our character, love us unconditional…",False,0,
1406251731051233282,2021-06-19 14:05:14+00:00,"To honor the true meaning of Juneteenth, we have to continue toward that promise of equality for all. https://t.co/tu6m038Y8T",False,18219,
1405982163711954946,2021-06-18 20:14:04+00:00,"RT @POTUS: Today, we’ve passed 300 million shots in 150 days. 
When I took office, our nation was in crisis. Today, the virus is in retreat…",False,0,
1405659535101075459,2021-06-17 22:52:03+00:00,RT @POTUS: Juneteenth is officially a federal holiday.,False,0,
1405584970186362884,2021-06-17 17:55:46+00:00,It’s a big deal that the Affordable Care Act is here to stay. Reminder: You can sign up for health care at https://t.co/3CYKhP8ZoR—help us spread the word.,False,21487,
1405272580538306565,2021-06-16 21:14:26+00:00,"We're on the right track. The American Rescue Plan laid a strong foundation for a new economy that brings everybody along, but it's just the first step. We must pass the American Jobs Plan to build an economy that works for everyone.",False,46116,
1404952202398076930,2021-06-16 00:01:22+00:00,"RT @POTUS: Today we passed a grim milestone: 600,000 lives lost from COVID-19. My heart goes out to all those who’ve lost a loved one. I kn…",False,0,
1404912394401423366,2021-06-15 21:23:11+00:00,"We’re seeing a coordinated attack on voting rights in this country. It’s Jim Crow in the 21st century, and it must end.

Congress must enact legislation to make it easier for all eligible Americans to access the ballot box and prevent attacks on the sacred right to vote.",False,72494,
1404865621389623296,2021-06-15 18:17:19+00:00,"RT @POTUS: On this ninth anniversary of DACA, Dreamers deserve lasting stability in the only home they have ever known. Congress must find…",False,0,
1404592092475703297,2021-06-15 00:10:25+00:00,"Democracy thrives when the infrastructure of democracy is strong; when people have the right to vote freely, fairly, and conveniently; when a free and independent press pursues the truth; when the law applies equally to everyone, regardless of who they are or what they look like.",False,54930,
1404550798059659271,2021-06-14 21:26:20+00:00,RT @POTUS: The Transatlantic Alliance is the strong foundation on which our collective security and our shared prosperity are built. It’s a…,False,0,
1404230838619979784,2021-06-14 00:14:55+00:00,"The pandemic exposed just how badly we need to invest in the foundation of our country, and in the working people of our country. That's why we proposed the American Jobs Plan—we need to make generational investments today to succeed tomorrow.",False,57187,
1404191506139918337,2021-06-13 21:38:38+00:00,RT @POTUS: Honored to have met Her Majesty The Queen at Windsor Castle this afternoon. https://t.co/6GnDMpmQ7w,False,0,
1403777473800773635,2021-06-12 18:13:25+00:00,"The COVID-19 vaccine is free, but lack of access to child care can be a barrier. That’s why four of our nation’s largest child care providers are offering free care for parents and caregivers getting vaccinated from now until July 4: https://t.co/nAUPgjxTWI",False,15848,
1403761926539251718,2021-06-12 17:11:38+00:00,"RT @POTUS: Five years ago, we suffered the deadliest attack affecting the LGBTQ+ community in our history. Within minutes, Pulse Nightclub…",False,0,
1403431826035720196,2021-06-11 19:19:56+00:00,RT @POTUS: Diplomacy is back. https://t.co/27D316PAqB,False,0,
1403092050292129796,2021-06-10 20:49:47+00:00,"RT @POTUS: Today, I’m announcing that the United States will donate half a billion new Pfizer vaccines to 92 low- and lower middle-income c…",False,0,
1403037362670743559,2021-06-10 17:12:29+00:00,"COVID-19 vaccines are free. Get vaccinated, folks.",False,160656,
1403021672735719429,2021-06-10 16:10:08+00:00,"RT @POTUS: On my first foreign trip, we’re going to make it clear — the United States and the democracies of the world are standing togethe…",False,0,
1402700112292425736,2021-06-09 18:52:22+00:00,"LGBTQ+ rights are human rights. As we celebrate this month, we won’t rest until full equality for LGBTQ+ Americans is finally achieved and codified into law. The Senate must pass the Equality Act.",False,86634,
1402620803154317315,2021-06-09 13:37:13+00:00,RT @POTUS: I’m on my way to the U.K. and Europe today for the first foreign trip of my presidency. I know that democracies can rally togeth…,False,0,
1402391817065308168,2021-06-08 22:27:19+00:00,"We said from the very beginning: there’s no chance for our economy to come back unless we beat the pandemic. And now, after more than a year of darkness, we’re emerging into the light.

Get your vaccine and do your part to help get our country back on track.",False,36087,
1402323753758085128,2021-06-08 17:56:51+00:00,"RT @POTUS: Folks, the Delta variant — a highly infectious COVID-19 strain — is spreading rapidly among young people between 12 and 20 years…",False,0,
1401992264516308995,2021-06-07 19:59:38+00:00,"The United States is the only industrialized country in the world with no national paid family leave policy. It’s a disgrace. 

We must pass the American Families Plan.",False,83016,
1401632881332699138,2021-06-06 20:11:34+00:00,"In the competition for the 21st century, the future will be built right here in America.",False,42714,
1401579915577806849,2021-06-06 16:41:06+00:00,"RT @POTUS: I met with survivors of the Tulsa Massacre this week to help fill the silence. Because in silence, wounds deepen. And, as painfu…",False,0,
1401310832882077696,2021-06-05 22:51:52+00:00,We’re counting on you to get vaccinated: https://t.co/EwdQ2dFHwG.,False,32622,
1401243444127879170,2021-06-05 18:24:05+00:00,RT @POTUS: Great news folks: we hit record-high health care enrollment. 31 million people now have coverage through the Affordable Care Act…,False,0,
1401231536423329793,2021-06-05 17:36:46+00:00,"After decades of disinvestment, our roads, bridges, and water systems are crumbling.

We must pass the American Jobs Plan. Together, we will rebuild our country’s infrastructure and create millions of good-paying union jobs in the process.",False,31945,
1400956951559823363,2021-06-04 23:25:40+00:00,"Now is the time to build on the foundation we've laid. Because while the progress we’ve made is undeniable, it is not assured. That's why we need the American Jobs Plan and the American Families Plan—let's make those investments today to be able to continue to succeed tomorrow.",False,22234,
1400913089164365831,2021-06-04 20:31:22+00:00,Unemployment is at its lowest level since the pandemic started. Our plan is working. And we’re not going to let up now. https://t.co/wqkS8Sbs6U,False,15756,
1400814403566587918,2021-06-04 13:59:14+00:00,"RT @POTUS: Today’s jobs report shows historic progress for American families and the American economy. We added 559,000 jobs in May, create…",False,0,
1400570532966420483,2021-06-03 21:50:11+00:00,This is the United States of America. There's not a single thing beyond our capacity when we act together.,False,85849,
1400562637491126274,2021-06-03 21:18:48+00:00,RT @POTUS: Unemployment claims are down 50% and 64% of adults are vaccinated since I took office. That’s progress. https://t.co/Ih9yrK5azD,False,0,
1400254337914449923,2021-06-03 00:53:44+00:00,It’s going to take everyone working together to get 70% of adult Americans vaccinated. https://t.co/UIb8GlS8EU,False,13895,
1400198463955083268,2021-06-02 21:11:42+00:00,What happened in Tulsa 100 years ago was not a riot—it was a massacre. https://t.co/V305EfjQLZ,False,12517,
1400196973542653952,2021-06-02 21:05:47+00:00,"RT @POTUS: Today, we are announcing a month-long effort to get 70% of adult Americans vaccinated. It will take everyone doing their part so…",False,0,
1400145643881091072,2021-06-02 17:41:49+00:00,Congratulations to Congresswoman-elect @MelanieforNM on your victory last night. Your grit and determination will help deliver real results for all New Mexicans. #NM01 is in good hands.,False,19633,
1399734647463071745,2021-06-01 14:28:40+00:00,"RT @POTUS: 100 years ago, the thriving Black community of Greenwood in Tulsa, Oklahoma was ruthlessly attacked by a white supremacist mob—a…",False,0,
1399444224102305792,2021-05-31 19:14:38+00:00,"RT @POTUS: On Memorial Day, we honor and reflect upon the courage, integrity, and selfless dedication of the members of our Armed Forces wh…",False,0,
1399370630039052292,2021-05-31 14:22:11+00:00,RT @POTUS: Tune in as we honor our fallen heroes at the 153rd National Memorial Day Observance. https://t.co/p9DJ1LparL,False,0,
1398663242675806212,2021-05-29 15:31:17+00:00,"Grassroots supporters made it possible for us to pass the American Rescue Plan and start getting our country back on track—but our work is far from over. Please consider chipping in to support Democrats running for office in 2021, 2022, and beyond.
https://t.co/XfbPPFvKr8",False,8193,
1398385137402843137,2021-05-28 21:06:12+00:00,"Before we took office, the economy added back 60,000 jobs per month. It’s now adding back 500,000 jobs per month.

In fact, we've created 1.5 million jobs—more jobs than have ever been created in the first three months of any president in our nation's history.",False,62804,
1398335999349035012,2021-05-28 17:50:56+00:00,"To put it simply, America's coming back. https://t.co/SYN7NZkH91",False,16706,
1398293173349277704,2021-05-28 15:00:46+00:00,RT @POTUS: America is on the move again. We’ve turned the tide on a once-in-a-century pandemic and a once-in-a-generation economic crisis.…,False,0,
1398083579075350528,2021-05-28 01:07:55+00:00,"This is our moment to rebuild an economy from the bottom up and the middle out—not trickle down.

This is our moment to rebuild an economy that rewards work, not just wealth.

This is our moment to rebuild an economy that works for the backbone of this country.",False,42390,
1398039819947741185,2021-05-27 22:14:02+00:00,The Biden economic plan is working. https://t.co/boXNRUWEvi,False,15573,
1397980959723696137,2021-05-27 18:20:08+00:00,RT @POTUS: Tune in as I deliver remarks on our economic progress and share my vision for the future. https://t.co/h5ULW6rjJ7,False,0,
1397694754528313350,2021-05-26 23:22:52+00:00,"RT @POTUS: We are still awaiting many of the details of this latest mass shooting in San Jose, but there are some things we know for sure.…",False,0,
1397655816426119173,2021-05-26 20:48:08+00:00,"Enjoyed meeting with Maria and Dreamers this month. Dreamers are Americans, and we are fighting for them. https://t.co/3Hfa0xNnFN",False,10806,
1397297809410433027,2021-05-25 21:05:32+00:00,"Across the country, we have failed to properly invest in infrastructure for half a century. The American Jobs Plan will get millions of Americans good-paying union jobs repairing our country’s crumbling infrastructure.

It’s a blue-collar blueprint to rebuild America.",False,38103,
1397249167286841347,2021-05-25 17:52:15+00:00,"RT @POTUS: It’s been one year since George Floyd was murdered. In that time, George’s family has shown extraordinary courage. Last month’s…",False,0,
1396938703109492741,2021-05-24 21:18:35+00:00,"After meeting with experts and scientists, our administration has set an ambitious goal of having 70% of the U.S. adult population receive at least one dose of vaccine by July 4. 

It’s a big goal, but we are already doing a remarkable job—together, we’ll get through this.",False,36745,
1396886878045970434,2021-05-24 17:52:39+00:00,"The American Rescue Plan is helping get us out of this crisis and back on track—but we can’t stop now. 

We must pass the American Jobs Plan to deliver millions of good-paying jobs.",False,34799,
1396849087845179394,2021-05-24 15:22:29+00:00,"RT @POTUS: The recent attacks on the Jewish community are despicable, and they must stop. I condemn this hateful behavior at home and abroa…",False,0,
1396579064777953285,2021-05-23 21:29:30+00:00,"More than 20,000 pharmacies coast to coast are now offering walk-in vaccinations with no appointment necessary. Find a location near you at https://t.co/EwdQ2dFHwG.",False,42303,
1396539256298954756,2021-05-23 18:51:19+00:00,"RT @POTUS: Since we took office, hunger rates have dropped 43% among adults. They’re at their lowest rates since the start of the pandemic.…",False,0,
1396140096269824008,2021-05-22 16:25:12+00:00,"The American Families Plan is a once-in-a-generation investment in the foundations of middle-class prosperity: education, health care, and child care.",False,29660,
1395772093422317579,2021-05-21 16:02:53+00:00,"Folks, let’s beat this virus once and for all. 
🔍 Visit https://t.co/EwdQ2dFHwG
💬 Text your ZIP code to 438829
📞 Call 1 (800) 232-0233

Together, #WeCanDoThis.",False,14572,
1395499181226266625,2021-05-20 21:58:26+00:00,"There are millions of Americans who, through no fault of their own, have been knocked flat on their back this past year. We’re determined to give them a fighting chance. That’s why we’ve been focused on vaccinating the nation and getting our economy running again.",False,39616,
1395469725493342210,2021-05-20 20:01:23+00:00,"RT @POTUS: Incidents of hate against Asian Americans have seen a shocking spike over the last year. It’s wrong — and it’s un-American.
 
To…",False,0,
1395183696769077248,2021-05-20 01:04:49+00:00,"Our country is moving in the right direction, but there’s still work to do to dig our way out of an economic collapse.

We must pass the American Jobs Plan to create millions of good-paying jobs rebuilding our country’s infrastructure.",False,36078,
1395125579284983810,2021-05-19 21:13:52+00:00,"We’re counting on you to roll up your sleeve, get vaccinated, and work together to change the course of this pandemic. 

Go to https://t.co/EwdQ2dFHwG to find the nearest place you can get a COVID-19 vaccine.",False,12642,
1394792535923507200,2021-05-18 23:10:29+00:00,Text your ZIP code to 438829 to find COVID-19 vaccination locations near you.,False,35959,
1394775653162098691,2021-05-18 22:03:24+00:00,"RT @POTUS: Being at Ford’s Rouge Electric Vehicle Center today brought me home. For more than thirty years, my Dad managed car dealerships…",False,0,
1394674549703286791,2021-05-18 15:21:39+00:00,"Help spread the word: From May 24 until July 4, Uber and Lyft will offer everyone in America free rides to and from COVID-19 vaccination sites.",False,144082,
1394459502011891712,2021-05-18 01:07:07+00:00,"In the battle against the COVID-19 pandemic, our nation is going to be the arsenal of vaccines for the rest of the world. https://t.co/LwU7Olic2V",False,18566,
1394426550733443079,2021-05-17 22:56:11+00:00,The light at the end of the tunnel is growing brighter every day. https://t.co/McB4q1bqX4,False,17511,
1394396502697680900,2021-05-17 20:56:47+00:00,"RT @POTUS: On this International Day Against Homophobia, Transphobia, and Biphobia, the message from the United States is clear: everyone d…",False,0,
1393580530021588994,2021-05-15 14:54:24+00:00,"RT @POTUS: I know folks have a lot of questions about COVID-19, the vaccines, and the latest mask guidance. So, we had the nation’s top exp…",False,0,
1393291157816365059,2021-05-14 19:44:32+00:00,"RT @POTUS: This is our moment to build an economy that works for everyone — not just the super-wealthy and giant corporations. 
 
Let’s get…",False,0,
1392979240681881603,2021-05-13 23:05:05+00:00,The CDC announced that they are no longer recommending that fully vaccinated people need to wear masks. https://t.co/pFhJEtBepq,False,16782,
1392958441807912962,2021-05-13 21:42:27+00:00,"This was made possible by the extraordinary success we’ve had in vaccinating so many Americans, so quickly. https://t.co/gTwM6Tp7lF",False,23244,
1392935976125833226,2021-05-13 20:13:10+00:00,"After a year of hard work and so much sacrifice, the rule is now simple: get vaccinated or wear a mask until you do.",False,157934,
1392934633814253573,2021-05-13 20:07:50+00:00,Getting vaccinated is easier than ever. You can find a vaccine site near you by texting your ZIP code to 438829.,False,28267,
1392932580027248645,2021-05-13 19:59:41+00:00,"Today is a great day for America in our long battle with COVID-19. 

Just a few hours ago, the CDC announced they are no longer recommending that fully vaccinated people need to wear masks.",False,52440,
1392907845578940419,2021-05-13 18:21:24+00:00,"RT @WhiteHouse: Big news from the CDC: If you’re fully vaccinated, you do not need to wear a mask – indoors or outdoors, in most settings.…",False,0,
1392887195418120192,2021-05-13 16:59:20+00:00,RT @POTUS: My Administration has mobilized a whole-of-government response to get more fuel quickly and safely to where it is needed and to…,False,0,
1392589979851841538,2021-05-12 21:18:18+00:00,Getting a COVID-19 vaccine has never been easier. Go to https://t.co/EwdQ2dFHwG to find a location near you.,False,26190,
1392584115619303425,2021-05-12 20:55:00+00:00,"RT @POTUS: Tomorrow we will cross 250 million vaccine shots administered since we took office. 

It’s a truly remarkable achievement for th…",False,0,
1392226915973488642,2021-05-11 21:15:37+00:00,"We’re vaccinating the nation. We’re creating hundreds of thousands of jobs. We’re delivering real results people can see and feel in their own lives.
  
That’s the essence of America. That’s democracy in action.",False,66249,
1392184052128657414,2021-05-11 18:25:18+00:00,RT @POTUS: We’re working hard to ensure transportation is less of a barrier when it comes to getting a COVID-19 vaccine. And I’m excited to…,False,0,
1391796788055711753,2021-05-10 16:46:27+00:00,"The American Families Plan addresses four of the biggest challenges facing American families:
✅Access to a good education, including universal Pre-K
✅Quality, affordable child care
✅Up to 12 weeks of paid family and medical leave
✅Money directly into the pockets of families",False,18867,
1391501156183068678,2021-05-09 21:11:43+00:00,RT @POTUS: This has been an extraordinarily tough year for moms across this country. To all the moms who have carried us through this pande…,False,0,
1391422726389309447,2021-05-09 16:00:04+00:00,"To moms everywhere, wishing you a safe and happy Mother’s Day. 

Share your favorite quote from your mother below. https://t.co/6gZ1siDh5y",False,27886,
1391058805509742599,2021-05-08 15:53:58+00:00,Nearly 90% of the infrastructure jobs created in the American Jobs Plan don't require a college degree. It’s a blue-collar blueprint to build America.,False,69413,
1391036614361616389,2021-05-08 14:25:47+00:00,RT @POTUS: I am proud of the people I go to work with at the White House every day — but my pride can’t hold a candle to that of their moth…,False,0,
1390763244713922561,2021-05-07 20:19:31+00:00,"Since the beginning of our administration, the economy has added more than 1.5 million jobs. 

We’ve still got work to do, but America is moving in the right direction. https://t.co/B0bNPXNSKe",False,14460,
1390698029376843789,2021-05-07 16:00:22+00:00,RT @POTUS: Tune in as I discuss the April jobs report. https://t.co/BUZiB5w1gj,False,0,
1390345049716805632,2021-05-06 16:37:45+00:00,RT @WhiteHouse: This week we launched the Restaurant Revitalization Fund to provide direct relief to restaurants and other hard-hit food es…,False,0,
1390016508559077380,2021-05-05 18:52:15+00:00,"RT @POTUS: If we want our economy to recover in a way that deals everyone in, then our restaurants need a seat at the table — with the Amer…",False,0,
1389656643852451847,2021-05-04 19:02:17+00:00,RT @POTUS: Our goal by July 4th is to have 70% of adult Americans with at least one shot — and 160 million Americans fully vaccinated. It’s…,False,0,
1389328881652572166,2021-05-03 21:19:52+00:00,"Georgia, when you sent @Ossoff and @ReverendWarnock to the Senate, you made history. Thank you. https://t.co/47KY4Tm9hv",False,53735,
1389212356736126976,2021-05-03 13:36:50+00:00,RT @POTUS: Teachers are an extraordinary force for good in our nation — I’m lucky enough to be married to one and have seen firsthand how h…,False,0,
1388957075703803906,2021-05-02 20:42:27+00:00,"America is on the move again. 

We are choosing hope over fear. 
Truth over lies. 
Light over darkness. 

There’s nothing we cannot do if we do it together.",False,96119,
1388581577714720772,2021-05-01 19:50:21+00:00,Democracy can deliver for the American people. https://t.co/UZ4BDIVoPf,False,17053,
1388557988932333574,2021-05-01 18:16:37+00:00,"RT @TheDemocrats: Elections make a difference. Thank you, Georgia. https://t.co/hKn1vIIr7Y",False,0,
1388540850167287811,2021-05-01 17:08:31+00:00,"RT @POTUS: This May, during Asian American and Native Hawaiian/Pacific Islander Heritage Month, we recognize the history and achievements o…",False,0,
1388533738934579201,2021-05-01 16:40:15+00:00,We’ve never been more optimistic about the future of America. https://t.co/EBHlCb2P84,False,75264,
1388262351967825928,2021-04-30 22:41:52+00:00,"Thank you, Georgia, for everything. https://t.co/1Ci4pFJ4os",False,67882,
1388204128074076161,2021-04-30 18:50:30+00:00,RT @POTUS: Join me at Philadelphia’s 30th Street Station as we celebrate Amtrak’s 50th Anniversary. https://t.co/HuPetlGvaU,False,0,
1387861106966806536,2021-04-29 20:07:27+00:00,"In Georgia with @DrBiden to celebrate the successes of the first 100 days of the Biden-Harris administration. Jobs are coming back, folks are getting vaccinated, and better days are ahead. Tune in. 
https://t.co/v1B30kekja",False,7756,
1387800729281236997,2021-04-29 16:07:32+00:00,100 days in—and America is getting back on track.,False,133728,
1387591082918260740,2021-04-29 02:14:29+00:00,"RT @POTUS: If we are to truly restore the soul of America, then we need to protect the sacred right to vote.

Congress should pass H.R. 1 a…",False,0,
1387585909378461702,2021-04-29 01:53:55+00:00,"RT @POTUS: Trickle-down economics has never worked.

It’s time to grow the economy from the bottom up and middle out.",False,0,
1387577532510310401,2021-04-29 01:20:38+00:00,"RT @POTUS: 100 days ago, America’s house was on fire. We had to act, so we:

- Passed the American Rescue Plan
- Administered over 200 mill…",False,0,
1387572764740145157,2021-04-29 01:01:41+00:00,"Together, we’re getting back on track. Tune in now for our administration’s first joint address to Congress. https://t.co/WWjl35N2Em",False,8038,
1387476414098780165,2021-04-28 18:38:49+00:00,"RT @POTUS: To make tonight’s joint address accessible for all Americans, every White House livestream will have American Sign Language (ASL…",False,0,
1387421807158890507,2021-04-28 15:01:50+00:00,"Before tonight’s joint address to Congress, join @DrBiden and Mayor @KeishaBottoms for a call to thank our grassroots supporters. Sign up here to join them: https://t.co/tF9AJStpL6",False,5427,
1387154433985888260,2021-04-27 21:19:23+00:00,"With the first 100 days of our administration under our belt, America is getting back on track—all thanks to the support of grassroots volunteers. Help us keep the momentum going by joining our Week of Action: https://t.co/alyMSnBATt",False,15930,
1387127637164822529,2021-04-27 19:32:54+00:00,"RT @POTUS: I believe no one should work full time and still live in poverty. That’s why today, I raised the minimum wage to $15 an hour for…",False,0,
1386805471084941312,2021-04-26 22:12:44+00:00,"The American Jobs Plan will strengthen unions, help protect workers, and rebuild our economy. https://t.co/sHNa1eRfiB",False,21213,
1386757820834586626,2021-04-26 19:03:23+00:00,"RT @POTUS: Today, we’re launching a new program funded by the American Rescue Plan to provide nutrition assistance to more than 30 million…",False,0,
1386426190861197313,2021-04-25 21:05:37+00:00,"Get vaccinated, America.",False,204944,
1386405977348472834,2021-04-25 19:45:17+00:00,"RT @POTUS: Just as India sent assistance to the United States as our hospitals were strained early in the pandemic, we are determined to he…",False,0,
1386076233147076608,2021-04-24 21:55:00+00:00,"RT @POTUS: Before I took office, I promised help was on the way. Just three months in, I’m proud to say help is here. We’ve delivered over…",False,0,
1385996697180979201,2021-04-24 16:38:57+00:00,Let’s close the digital divide once and for all. Our American Jobs Plan will make sure every American has access to high-speed internet. https://t.co/Ru1NSfN7C0,False,23246,
1385624057916362752,2021-04-23 15:58:13+00:00,Heading back to Georgia with @DrBiden next Thursday to mark 100 days of our administration and thank folks for helping us build back better as a nation. See you soon!,False,49643,
1385281605757964288,2021-04-22 17:17:26+00:00,"RT @WhiteHouse: Before taking office, President Biden set a bold goal of 100 million shots in his first 100 days.
 
After reaching the goal…",False,0,
1385281546932916224,2021-04-22 17:17:12+00:00,RT @POTUS: America is back. We rejoined the Paris Agreement and are ready to rally the world to tackle the climate crisis. Let’s do this.,False,0,
1384907441264025604,2021-04-21 16:30:38+00:00,"RT @POTUS: The guilty verdict does not bring back George Floyd. But through the family’s pain, they are finding purpose so George’s legacy…",False,0,
1384648033024020485,2021-04-20 23:19:51+00:00,"RT @POTUS: Today, a jury in Minnesota found former Minneapolis Police Officer Derek Chauvin guilty of murdering George Floyd.
 
The verdict…",False,0,
1384645067672104961,2021-04-20 23:08:04+00:00,RT @WhiteHouse: Live: President Biden and Vice President Harris address the nation on the verdict in the trial of Derek Chauvin. https://t.…,False,0,
1384560761746477062,2021-04-20 17:33:04+00:00,"If we act now on the American Jobs Plan, in 50 years, people will look back and say this was the moment that America won the future. https://t.co/ZOJGr9E2i3",False,18821,
1384243762289811457,2021-04-19 20:33:25+00:00,"Today, every adult is eligible to get a COVID-19 vaccine. Better days are ahead.",False,182280,
1383781759557410822,2021-04-18 13:57:35+00:00,"RT @POTUS: Imagine a future where we lead the world and tackle the threat of climate change with American jobs and ingenuity.

We can make…",False,0,
1383171354778873859,2021-04-16 21:32:03+00:00,RT @POTUS: Vice President Harris and I have been briefed on the mass shooting at a FedEx facility in Indianapolis. God bless the eight indi…,False,0,
1383116985630875652,2021-04-16 17:56:01+00:00,RT @POTUS: I’m looking forward to welcoming my friend Prime Minister Suga to the White House this afternoon for the first foreign leader vi…,False,0,
1382407002794700801,2021-04-14 18:54:48+00:00,"RT @POTUS: It is time to end America’s longest war. 

It is time for American troops to come home from Afghanistan.",False,0,
1382381317279604736,2021-04-14 17:12:44+00:00,RT @WHCOVIDResponse: We continue to make progress in our work to vaccinate as many adults in this country as we can. Our current 7-day dail…,False,0,
1382129231291936770,2021-04-14 00:31:02+00:00,"RT @POTUS: Today, the FDA and CDC recommended a pause in the use of the Johnson &amp; Johnson vaccine. Here’s what you need to know: https://t.…",False,0,
1382076868363444225,2021-04-13 21:02:57+00:00,"RT @POTUS: “When the will defies fear, when duty throws the gauntlet down to fate, when honor scorns to compromise with death — that is her…",False,0,
1382061069024305152,2021-04-13 20:00:10+00:00,"RT @POTUS: Race should never determine health outcomes — and pregnancy and childbirth should be safe for all. But for too many Black women,…",False,0,
1381758062860587009,2021-04-12 23:56:08+00:00,"RT @POTUS: Today I’m thinking about Daunte Wright and his family — and the pain, anger, and trauma that Black America experiences every day…",False,0,
1381027031014633474,2021-04-10 23:31:17+00:00,RT @POTUS: Gun violence in this country is an epidemic — and it’s long past time Congress take action.,False,0,
1380585611841667072,2021-04-09 18:17:14+00:00,RT @WHCOVIDResponse: More than 112 million Americans have received at least one dose and more than 66 million adult Americans are now fully…,False,0,
1380277797902487555,2021-04-08 21:54:05+00:00,"RT @POTUS: My Administration is taking initial steps to reduce gun violence, including:

- Stopping the proliferation of ghost guns
- Regul…",False,0,
1380188766954983426,2021-04-08 16:00:19+00:00,"RT @POTUS: Today, I’m joining Vice President Harris and Attorney General Garland to announce new actions to reduce gun violence. Tune in. h…",False,0,
1379904346666770433,2021-04-07 21:10:08+00:00,RT @WhiteHouse: Clean drinking water is infrastructure. The American Jobs Plan will improve our water infrastructure by replacing 100% of t…,False,0,
1379543174310428676,2021-04-06 21:14:58+00:00,"RT @POTUS: I’m proud to share that yesterday, we crossed 150 million shots in just 75 days of my Administration — on our way to hitting our…",False,0,
1379527249314086920,2021-04-06 20:11:41+00:00,RT @POTUS: My Administration is working to get America vaccinated as quickly as possible. Tune in as I provide an update on our progress an…,False,0,
1379175862445223936,2021-04-05 20:55:24+00:00,RT @POTUS: Here’s the deal: Wall Street didn’t build this country — the great American middle class did. It’s time we rebuild the middle cl…,False,0,
1378718350617022471,2021-04-04 14:37:24+00:00,"RT @POTUS: From our family to yours, we wish you health, hope, joy, and peace. Happy Easter, everyone! https://t.co/3NHPrbFCVt",False,0,
1378358923237994496,2021-04-03 14:49:10+00:00,"RT @POTUS: This week, I announced the American Jobs Plan, which will invest in our infrastructure and strengthen America’s competitiveness…",False,0,
1377727948543963145,2021-04-01 21:01:54+00:00,RT @POTUS: The American Jobs Plan will ensure every American can turn on the faucet or fountain and drink clean water. https://t.co/V1WT3Tk…,False,0,
1377434193827860480,2021-04-01 01:34:37+00:00,The American Jobs Plan is the largest American jobs investment since World War II.,False,99768,
1377414548097880068,2021-04-01 00:16:34+00:00,"Under the American Jobs Plan, 100% of our nation’s lead pipes and service lines will be replaced—so every child in America can turn on the faucet or fountain and drink clean water. 

We cannot delay another minute.",False,51529,
1377385089340829700,2021-03-31 22:19:30+00:00,"Wall Street didn’t build this country—the great American middle class did. This time, when we rebuild the middle class under the American Jobs Plan, we’re bringing everyone along.",False,101969,
1377367815120957445,2021-03-31 21:10:52+00:00,"Delivering for the American people is what the American Rescue Plan was about. It’s what the American Jobs Plan is about.

We can do this.
We have to do this.
We will do this.",False,18020,
1377363181387980800,2021-03-31 20:52:27+00:00,"The American Jobs Plan is a once-in-a-generation investment in America. It will:
✅Modernize 20,000 miles of highways, roads, and main streets
✅Repair 10,000 bridges desperately in need of upgrades 
✅Replace 100% of our nation’s lead pipes and service lines",False,24009,
1377361641491300354,2021-03-31 20:46:20+00:00,"Millions of Americans lost their jobs last year.

Here’s the truth: We all do better when we all do well. It’s time to build our economy from the bottom up—and the middle out—not the top down.",False,43803,
1376934713617756163,2021-03-30 16:29:52+00:00,RT @POTUS: We can’t be silent in the face of rising violence against Asian Americans. That’s why today I’m taking additional steps to respo…,False,0,
1376636582866923526,2021-03-29 20:45:12+00:00,"RT @POTUS: I’m proud to announce that three weeks from today, 90% of adults will be eligible to get vaccinated — and 90% of Americans will…",False,0,
1376602924097343494,2021-03-29 18:31:27+00:00,RT @POTUS: Vice President Harris and I just wrapped up a COVID-19 briefing. Tune in as I give an update on our response to the virus and th…,False,0,
1376227712533155845,2021-03-28 17:40:30+00:00,"RT @POTUS: Two weeks ago, I directed all states, tribes, and territories to make all adult Americans eligible for the vaccine no later than…",False,0,
1375862625997893634,2021-03-27 17:29:46+00:00,"RT @WhiteHouse: Megan Rapinoe, Margaret Purce, and countless others have been leading the fight for pay equality. This week, the President…",False,0,
1375551858807341057,2021-03-26 20:54:54+00:00,"RT @POTUS: As we recall the Passover story of overcoming adversity, finding hope, and becoming free, we find a renewed salience. This weeke…",False,0,
1375511738443984896,2021-03-26 18:15:28+00:00,"RT @POTUS: I ran for president for three reasons: to restore the soul of the nation, rebuild the middle class, and unite the country. https…",False,0,
1375192104469663750,2021-03-25 21:05:22+00:00,"RT @POTUS: Before I took office, I set a big goal of 100 million shots in my first 100 days.
 
We hit the goal on day 58.
 
Now, I’m settin…",False,0,
1375137400033144832,2021-03-25 17:27:59+00:00,"RT @POTUS: This afternoon, I’m holding my first formal press conference as president. Tune in. https://t.co/dvl1RAtOjr",False,0,
1374761947913146374,2021-03-24 16:36:04+00:00,"RT @WHCOVIDResponse: In total, 84 million people -- about 1 in 3 adults -- have received at least one dose of the vaccine and more than 45…",False,0,
1374524524931207168,2021-03-24 00:52:38+00:00,"RT @WhiteHouse: President Biden believes every single American deserves access to quality, affordable health care. Here’s a breakdown of ho…",False,0,
1374414080694358016,2021-03-23 17:33:46+00:00,RT @POTUS: Jill and I are devastated for the lives that have been shattered by gun violence in Colorado. Less than a week after the horrifi…,False,0,
1374105995023159297,2021-03-22 21:09:33+00:00,RT @WhiteHouse: Big news: The Biden-Harris Administration set a new record this weekend with 6 million shots reported administered. We’re r…,False,0,
1374059403108827137,2021-03-22 18:04:25+00:00,"RT @POTUS: Under the American Rescue Plan, the typical family of four is getting a $5,600 check. That money helps folks keep a roof over th…",False,0,
1373780456034988032,2021-03-21 23:35:58+00:00,"RT @POTUS: Mask up, America. https://t.co/6yaUHYmzWC",False,0,
1373643910451503111,2021-03-21 14:33:23+00:00,"RT @WhiteHouse: Before President Biden took office, the U.S. was administering an average of 900,000 COVID-19 vaccine doses a day.

Last we…",False,0,
1373285260667019266,2021-03-20 14:48:15+00:00,"RT @POTUS: Like countless people across the country, Jocelyn and her family are struggling to make ends meet. I gave her a call to discuss…",False,0,
1373044970135957506,2021-03-19 22:53:25+00:00,"RT @POTUS: Words have consequences. 

It’s called the coronavirus.

Full stop.",False,0,
1372993067284856834,2021-03-19 19:27:10+00:00,"RT @POTUS: This afternoon, Vice President Harris and I are meeting with Asian American leaders in Atlanta, Georgia. We’re going to discuss…",False,0,
1372720000159584257,2021-03-19 01:22:06+00:00,"RT @WhiteHouse: Big News: President Biden announced that tomorrow, our Administration will hit 100 million COVID-19 shots administered. 

T…",False,0,
1372639205394944002,2021-03-18 20:01:03+00:00,"RT @POTUS: In honor of the victims of the senseless shootings in Atlanta, I’ve ordered the flag of the United States to be flown at half-st…",False,0,
1372357223033241606,2021-03-18 01:20:33+00:00,"RT @POTUS: Jill and I are keeping everyone impacted by the shootings in Atlanta in our prayers. We don’t yet know the motive, but what we d…",False,0,
1371930690556661765,2021-03-16 21:05:40+00:00,"RT @WhiteHouse: Across the country, millions of small businesses are struggling to keep their doors open. Here’s a breakdown of how the Ame…",False,0,
1371857703878942728,2021-03-16 16:15:39+00:00,RT @POTUS: That’s the American Rescue Plan. https://t.co/7pE89mi4C6,False,0,
1371577234968952837,2021-03-15 21:41:10+00:00,"RT @WHCOVIDResponse: Over the weekend, we administered nearly 6 million doses of the COVID-19 vaccine. 

Today, for the first time on a Mon…",False,0,
1371512914033643525,2021-03-15 17:25:34+00:00,"RT @POTUS: Last week, I signed the American Rescue Plan into law and direct payments have begun going out to folks across the country. I kn…",False,0,
1371240669684060169,2021-03-14 23:23:46+00:00,RT @WhiteHouse: The Biden-Harris Administration has been working around the clock to get America vaccinated. We’ve doubled daily vaccinatio…,False,0,
1371117123859316736,2021-03-14 15:12:51+00:00,"It matters whether you continue to wear a mask.  
It matters whether you continue to socially distance.  
It matters whether you wash your hands.  

It all matters and can help save lives.",False,232081,
1370836807454224386,2021-03-13 20:38:58+00:00,RT @POTUS: To everyone out there who’s hurting or struggling to get by: help is here. https://t.co/fkME0yMmBK,False,0,
1370792386280972289,2021-03-13 17:42:27+00:00,"The American Rescue Plan means a $7,000 check for a single mom of four. It means more support to safely and quickly reopen schools. It means setting up additional vaccination sites to help America get back to normal. 

What does the American Rescue Plan mean to you?",False,125132,
1370458121773195271,2021-03-12 19:34:12+00:00,"RT @POTUS: This afternoon, I’m joining Vice President Harris and members of Congress to celebrate the passage of the American Rescue Plan.…",False,0,
1370411955173912576,2021-03-12 16:30:45+00:00,"85% of American households will get direct checks from the American Rescue Plan.

For so many Americans, that means they can pay the rent. That means they can put food on the table.  

Share below what the American Rescue Plan will do for you.",False,146801,
1370184833226399744,2021-03-12 01:28:15+00:00,RT @POTUS: All adult Americans will be eligible to get the vaccine no later than May 1.,False,0,
1370129856600670208,2021-03-11 21:49:48+00:00,"RT @POTUS: Before I took office, I promised you that help was on the way. Today, I signed the American Rescue Plan into law, and can offici…",False,0,
1369749317628661760,2021-03-10 20:37:40+00:00,"RT @WhiteHouse: From $1,400 checks and unemployment relief to vaccines for every American — help is here. https://t.co/R0AYaTbkTV",False,0,
1369739522263617539,2021-03-10 19:58:45+00:00,RT @POTUS: Help is here. https://t.co/urZCiigeS1,False,0,
1369666671380692994,2021-03-10 15:09:16+00:00,"RT @POTUS: Keep the faith, folks. We will get through this. https://t.co/AMlyu4pU6M",False,0,
1369400644382101510,2021-03-09 21:32:10+00:00,RT @POTUS: I want every child to know that this is what vice presidents and generals in the United States Armed Forces look like. https://t…,False,0,
1369356116795285511,2021-03-09 18:35:14+00:00,RT @POTUS: I believe every worker deserves a free and fair choice to join a union — and the PRO Act will bring us closer to that reality. I…,False,0,
1369050036336726018,2021-03-08 22:18:59+00:00,"RT @VP: On this #InternationalWomensDay, I want to honor the women who for over a year have gone to work, often risking their health, to no…",False,0,
1368948449182425091,2021-03-08 15:35:18+00:00,"RT @WhiteHouse: Last week, the Biden-Harris Administration: 

- Began administering the single-dose Johnson &amp; Johnson vaccine
- Secured eno…",False,0,
1368605658900271108,2021-03-07 16:53:11+00:00,"RT @POTUS: The legacy of Selma is that while nothing can stop free people from exercising their most sacred power as citizens, there are th…",False,0,
1368288435384049677,2021-03-06 19:52:39+00:00,"RT @POTUS: When I took office, I promised help was on the way. Thanks to @SenSchumer and Senate Democrats, we've taken one more giant step…",False,0,
1368244150223667203,2021-03-06 16:56:40+00:00,"RT @WhiteHouse: Tammy is a health care professional and single mother of four children — and like countless other Americans, she’s struggli…",False,0,
1367929419038351360,2021-03-05 20:06:03+00:00,"RT @POTUS: With the Johnson &amp; Johnson vaccine, we now have a third safe and effective COVID-19 vaccine being administered across the countr…",False,0,
1367563517247827968,2021-03-04 19:52:05+00:00,"RT @POTUS: The right to vote is sacred and fundamental — and H.R. 1 is urgently needed to protect that right, to safeguard the integrity of…",False,0,
1367230331187650563,2021-03-03 21:48:07+00:00,"RT @WhiteHouse: In the two weeks since the Biden-Harris Administration opened a special enrollment period for health insurance, over 200,00…",False,0,
1367123450528202760,2021-03-03 14:43:25+00:00,RT @POTUS: An educator is leading the Department of Education once again. I look forward to working with @SecCardona to safely reopen our n…,False,0,
1366874583001927680,2021-03-02 22:14:30+00:00,"RT @WhiteHouse: Today, President Biden announced a breakthrough collaboration between Johnson &amp; Johnson, Merck, and the federal government…",False,0,
1366867642783576078,2021-03-02 21:46:55+00:00,"RT @POTUS: Today, I am directing every state to prioritize educators for vaccination. We want every educator, school staff member, and chil…",False,0,
1366819696515964930,2021-03-02 18:36:24+00:00,"RT @POTUS: The fact is that $600 is not enough. The Senate needs to pass the American Rescue Plan and finish the job of delivering $2,000 i…",False,0,
1366586334257807367,2021-03-02 03:09:06+00:00,"RT @POTUS: Wash your hands.
Stay socially distanced.
Wear a mask.
Get vaccinated when it’s your turn.

Despite our progress, we can’t let o…",False,0,
1366478587122110466,2021-03-01 20:00:57+00:00,RT @POTUS: No child in America should go hungry. The American Rescue Plan will extend and invest in critical food programs to help ensure e…,False,0,
1366417985649442821,2021-03-01 16:00:09+00:00,"A campaign for everyone who’s been knocked down or counted out.

A campaign that brought Americans together of every race, ethnicity, gender, economic station, and party.

A year ago, the people of South Carolina lifted that campaign on their shoulders.
https://t.co/YN5LeBMLMe",False,34392,
1366095927791001601,2021-02-28 18:40:24+00:00,"RT @POTUS: The more people that get vaccinated, the faster we will beat this pandemic. That’s why one of my first goals is to administer 10…",False,0,
1365839504280612864,2021-02-28 01:41:28+00:00,"RT @POTUS: Yesterday I traveled to Texas to visit an emergency operations center, food bank, and vaccination site. Each stop represented ou…",False,0,
1365686069149241346,2021-02-27 15:31:46+00:00,RT @WhiteHouse: Erica is a nurse in New York City and runs COVID-19 testing at one of the hardest-hit hospitals in the country. President B…,False,0,
1365418153220730883,2021-02-26 21:47:10+00:00,"RT @POTUS: The week before I took office, 6 million COVID-19 vaccine shots were administered.

This coming week, our Administration will li…",False,0,
1365321032626802698,2021-02-26 15:21:15+00:00,"RT @POTUS: COVID-19 vaccinations are up and cases and hospitalizations are down, but let me be clear: now is not the time to relax. https:/…",False,0,
1365117152760639495,2021-02-26 01:51:06+00:00,"RT @POTUS: Transgender rights are human rights — and the House made that clear today by passing the Equality Act. 

Now it's time for the S…",False,0,
1365053059496296453,2021-02-25 21:36:25+00:00,RT @POTUS: I am pleased that the House will vote next week on the George Floyd Justice in Policing Act. I encourage the House to pass it. F…,False,0,
1364728505586581512,2021-02-25 00:06:45+00:00,"RT @WhiteHouse: On Friday, President Biden toured a Pfizer manufacturing plant in Michigan to see the vaccine production process firsthand…",False,0,
1364697232226856968,2021-02-24 22:02:29+00:00,"RT @POTUS: When I met with Prime Minister @JustinTrudeau in 2016, I said the world needed more leaders like him. A lot has changed since th…",False,0,
1364607509932220425,2021-02-24 16:05:58+00:00,"RT @POTUS: Small businesses need relief, but many were muscled out of the way by big companies last year. That’s why starting today, we’re…",False,0,
1364258039361114113,2021-02-23 16:57:17+00:00,RT @JoeBiden: We need a president who is respected on the world stage. https://t.co/Hqv6T06Mtv,False,0,
1364230807091613700,2021-02-23 15:09:05+00:00,"RT @POTUS: We will get through this, I promise you. https://t.co/dtmi4C9WsM",False,0,
1364015563798958080,2021-02-23 00:53:47+00:00,"RT @POTUS: 500,000 lives lost to COVID-19. It’s an unfathomable number, but each one represents a family that will never again be whole. To…",False,0,
1363958394772725762,2021-02-22 21:06:37+00:00,"RT @POTUS: I know folks have a lot of questions about COVID-19 mutations, our vaccination progress, and much more. @CDCDirector Dr. Walensk…",False,0,
1363864878059028487,2021-02-22 14:55:00+00:00,"RT @POTUS: If there’s one message I want to cut through to everyone in this country, it’s this: The vaccines are safe.

For yourself, your…",False,0,
1363604921975791620,2021-02-21 21:42:02+00:00,"RT @POTUS: Today would have been Congressman John Lewis’ 81st birthday. While my dear friend may no longer be with us, his life and legacy…",False,0,
1363526815457886216,2021-02-21 16:31:40+00:00,RT @POTUS: Overcoming the COVID-19 pandemic needs to be our top priority as a nation. I joined members of my team to talk about our plan to…,False,0,
1363238705897611268,2021-02-20 21:26:49+00:00,"RT @POTUS: The federal government has sent generators, blankets, water, and other critical supplies to Texas, but local organizations on th…",False,0,
1363148404503773190,2021-02-20 15:28:00+00:00,"RT @POTUS: On Thursday, I joined the world and watched in awe as the Perseverance Rover touched down on the surface of Mars. It was a remar…",False,0,
1362834564356440066,2021-02-19 18:40:55+00:00,"RT @POTUS: Today, America is officially back in the Paris Climate Agreement. Let’s get to work.",False,0,
1362808901079597057,2021-02-19 16:58:56+00:00,"RT @POTUS: The Equality Act provides long overdue federal civil rights protections for LGBTQ+ Americans, preventing discrimination in our h…",False,0,
1362512768151257092,2021-02-18 21:22:12+00:00,"RT @WhiteHouse: Texas — If you’re without heat, head to https://t.co/5WhFEK6B8u to find a warming shelter near you or call 211 for addition…",False,0,
1362458455727091712,2021-02-18 17:46:23+00:00,"RT @POTUS: Jill and I are keeping Texas, Oklahoma, and other impacted states in our prayers. I’ve declared states of emergency, authorized…",False,0,
1362428872541757444,2021-02-18 15:48:50+00:00,"RT @POTUS: Today I announced our Administration will:

- Expand COVID-19 testing for schools and underserved communities
- Increase manufac…",False,0,
1362162884894216197,2021-02-17 22:11:54+00:00,RT @WhiteHouse: The Biden-Harris Administration opened a special enrollment period to ensure every American has the opportunity to sign up…,False,0,
1362043415039508484,2021-02-17 14:17:10+00:00,"RT @POTUS: I know COVID-19 can be scary, but I want every kid out there to know things are going to be okay. https://t.co/wZIxHeNAFa",False,0,
1361844037070815236,2021-02-17 01:04:54+00:00,"RT @POTUS: Tonight, I’ll be answering questions at my first town hall since taking office. Make sure to tune in to CNN at 9 PM ET / 8 PM CT…",False,0,
1361808977030447107,2021-02-16 22:45:35+00:00,"RT @POTUS: Starting this week, our Administration is:

- Increasing weekly vaccine shipments to states to 13.5 million doses — a 57% increa…",False,0,
1361678051931783169,2021-02-16 14:05:20+00:00,"RT @POTUS: Before I took office, I set a big goal of administering 100 million shots in the first 100 days. With the progress we’re making…",False,0,
1361089537615790080,2021-02-14 23:06:48+00:00,"RT @POTUS: The love of my life and the life of my love. Happy Valentine’s Day, Jilly. https://t.co/LjLLIjvP1C",False,0,
1361083747425259520,2021-02-14 22:43:47+00:00,"RT @POTUS: Three years ago today, a lone gunman took the lives of 14 students and three educators in Parkland, Florida. In seconds, the liv…",False,0,
1360606281065709572,2021-02-13 15:06:30+00:00,"RT @POTUS: Samir and Neal own NaanStop in Atlanta, Georgia — and like many small businesses around the country, they’ve been hit hard by th…",False,0,
1360386238885330950,2021-02-13 00:32:08+00:00,RT @POTUS: I know the last year has been difficult and painful for all of us. I hope Jill’s Valentine’s Day message helped brighten your da…,False,0,
1360273387495575553,2021-02-12 17:03:42+00:00,"RT @POTUS: From the Biden family to yours, happy #LunarNewYear. We wish you happiness, health, and prosperity in the Year of the Ox. https:…",False,0,
1360247194260021250,2021-02-12 15:19:37+00:00,"RT @POTUS: I see enormous pain in this country. A lot of folks are out of work. A lot of folks are going hungry, staring at the ceiling at…",False,0,
1359974510099841024,2021-02-11 21:16:04+00:00,RT @POTUS: No child should grow up in poverty. The American Rescue Plan will expand the child tax credit and cut the child poverty rate in…,False,0,
1359883357673373699,2021-02-11 15:13:52+00:00,"RT @POTUS: We can reduce suffering in this country, put people back to work, and gain control of this virus.

That’s what the American Resc…",False,0,
1359655813388906499,2021-02-11 00:09:41+00:00,"RT @POTUS: The risk isn't that we do too much when it comes to a COVID relief package — it's that we don't do enough.

We have to go big.",False,0,
1359519481509404675,2021-02-10 15:07:57+00:00,RT @POTUS: Let me be clear: No one should lose their home in the middle of this pandemic. Congress needs to pass the American Rescue Plan t…,False,0,
1359285829525508100,2021-02-09 23:39:30+00:00,RT @POTUS: We can’t stand by as millions of Americans struggle to put food on the table. Congress needs to immediately pass the American Re…,False,0,
1359204195430264835,2021-02-09 18:15:07+00:00,"RT @POTUS: There’s so much more work to be done, but we’ve been able to increase vaccine distribution by 28% in the first three weeks alone…",False,0,
1359158951129079814,2021-02-09 15:15:20+00:00,RT @POTUS: Launching a national vaccination program to quickly and equitably vaccinate America — that’s the American Rescue Plan. https://t…,False,0,
1358851337522470914,2021-02-08 18:52:59+00:00,RT @POTUS: Making vaccines free and accessible for every American — that’s the American Rescue Plan. https://t.co/5GpH0VYWIE,False,0,
1358781635240599554,2021-02-08 14:16:01+00:00,RT @POTUS: We don’t have a second to waste when it comes to delivering the American people the relief they desperately need. I’m calling on…,False,0,
1358538143318880258,2021-02-07 22:08:28+00:00,"RT @POTUS: For your family, for your neighbors, for your country — wear a mask.",False,0,
1358465618501136384,2021-02-07 17:20:17+00:00,RT @POTUS: Everyone who wants a vaccine should be able to get one free of charge. The American Rescue Plan will make that a reality.,False,0,
1358084646685319170,2021-02-06 16:06:26+00:00,"RT @POTUS: Last year, Michele lost her job because of the pandemic. I recently gave her a call to hear her story and discuss how my America…",False,0,
1357840281069113355,2021-02-05 23:55:25+00:00,"RT @POTUS: This morning, I met with House Democratic leaders to discuss the American Rescue Plan. As I said during the meeting: this isn’t…",False,0,
1357773974550306818,2021-02-05 19:31:56+00:00,RT @POTUS: America is back. Diplomacy is back. https://t.co/03dFPQyYjw,False,0,
1357414638510616579,2021-02-04 19:44:04+00:00,"RT @POTUS: This afternoon, I’m visiting the @StateDept and delivering remarks on America’s role in the world. Tune in. https://t.co/zWG3UET…",False,0,
1357376416380256258,2021-02-04 17:12:11+00:00,RT @POTUS: Extending the moratorium on evictions and foreclosures to help countless Americans keep a roof over their head — that’s the Amer…,False,0,
1357119042327359488,2021-02-04 00:09:28+00:00,RT @POTUS: Let me be clear: The risk in this moment isn’t that we do too much — it’s that we don’t do enough. Congress must pass the Americ…,False,0,
1357052766720557066,2021-02-03 19:46:07+00:00,RT @POTUS: Officer Brian Sicknick was a hero who died in the line of duty defending our democracy and the citadel of liberty itself. To his…,False,0,
1356962956647538688,2021-02-03 13:49:14+00:00,RT @POTUS: No one should lose their home in the middle of this pandemic. My American Rescue Plan will extend the moratorium on evictions an…,False,0,
1356682004130062339,2021-02-02 19:12:50+00:00,RT @POTUS: It’s long past time we raise the minimum wage to $15 an hour. The American Rescue Plan will get it done.,False,0,
1356433882254630913,2021-02-02 02:46:53+00:00,"RT @POTUS: We’ve never fully lived up to the founding principles of this nation, but our Administration is committed to finishing the work…",False,0,
1356031620986392578,2021-02-01 00:08:26+00:00,"RT @POTUS: In order to get America vaccinated, we need more:

- Places for people to get vaccinated
- Medical teams to get shots into arms…",False,0,
1355682622698086401,2021-01-31 01:01:39+00:00,"RT @POTUS: Over the last 10 days, I’ve taken action on:

- COVID-19
- The economy
- Climate change
- Racial equity
- Immigration
- Health c…",False,0,
1354501085478625281,2021-01-27 18:46:38+00:00,"RT @POTUS: This afternoon, I’ll be taking action to meet the climate crisis with the urgency it demands. Tune in. https://t.co/TaCmltDZ6X",False,0,
1353173127673520128,2021-01-24 02:49:49+00:00,"RT @POTUS: We’re facing a historic moment in our nation’s history — one that requires bold and swift action. That’s why this week, I took h…",False,0,
1353173113417076736,2021-01-24 02:49:45+00:00,"RT @POTUS: We will get through this, together. https://t.co/W03wlb2m8o",False,0,
1352797482435055618,2021-01-23 01:57:08+00:00,RT @POTUS: Federal employees have dedicated their careers to serving the American people — and they are worthy of the utmost dignity and re…,False,0,
1352797437795029000,2021-01-23 01:56:57+00:00,"RT @POTUS: I know times are tough, but help is on the way. https://t.co/BVi3b6NoBv",False,0,
1352797424041922560,2021-01-23 01:56:54+00:00,"RT @POTUS: This afternoon, I’ll be taking action to provide much-needed relief to communities and small businesses impacted by COVID-19. Tu…",False,0,
1352797375497048064,2021-01-23 01:56:42+00:00,"RT @POTUS: As we mark the 48th anniversary of Roe v. Wade, now is the time to rededicate ourselves to the work ahead. From codifying Roe to…",False,0,
1352797369352417280,2021-01-23 01:56:41+00:00,RT @POTUS: I’m grateful for the Senate’s continued bipartisanship and swift confirmation of Lloyd Austin. His confirmation is historic — an…,False,0,
1352448983839297536,2021-01-22 02:52:19+00:00,RT @POTUS: We will get this virus under control. https://t.co/59iC1nyR0N,False,0,
1352448968488144897,2021-01-22 02:52:16+00:00,"RT @POTUS: I give you my word: I will always level with you.

I will defend the Constitution, our democracy, and America.

And I will give…",False,0,
1352328492587728896,2021-01-21 18:53:32+00:00,"RT @POTUS: We don't have a second to waste when it comes to getting this virus under control. That's why today, I'll be signing executive a…",False,0,
1352140185828425729,2021-01-21 06:25:16+00:00,"RT @WhiteHouse: We are currently facing four converging crises — COVID-19, the resulting economic crisis, climate change, and racial inequi…",False,0,
1352140112486809601,2021-01-21 06:24:59+00:00,RT @POTUS: Wearing masks isn't a partisan issue — it's a patriotic act that can save countless lives. That's why I signed an executive orde…,False,0,
1352002900000600064,2021-01-20 21:19:45+00:00,RT @POTUS: The time to move forward is now. https://t.co/IrUUu0bxGO,False,0,
1351952354183061504,2021-01-20 17:58:53+00:00,"RT @POTUS: There is no time to waste when it comes to tackling the crises we face. That's why today, I am heading to the Oval Office to get…",False,0,
1351951465674276869,2021-01-20 17:55:22+00:00,"Now the real work begins, folks. Follow along at @POTUS as we build back better. https://t.co/fHViqSqwp2",False,845790,
1351918910199631872,2021-01-20 15:46:00+00:00,"I love you, Jilly, and I couldn’t be more grateful to have you with me on the journey ahead. https://t.co/V4GUXAKSKg",False,903164,
1351906918667677696,2021-01-20 14:58:21+00:00,"Today, we begin anew. Tune in for #Inauguration2021. https://t.co/HxfU8q5riA",False,306464,
1351897267666608129,2021-01-20 14:20:00+00:00,It’s a new day in America.,False,3972865,
1351731172989050882,2021-01-20 03:20:00+00:00,"Tonight, in Washington, D.C. and across the nation, we came together to honor the over 400,000 Americans we’ve lost to COVID-19. The last year has tested us in unimaginable ways, but now it’s time we begin to heal and overcome — together. https://t.co/DuWhN1xjNO",False,546231,
1351711040933830659,2021-01-20 02:00:00+00:00,"We don’t have a second to waste when it comes to tackling the crises we face as a nation. That’s why after being sworn in tomorrow, I’ll get right to work. https://t.co/QBrS17mle8",False,78591,
1351653131248041984,2021-01-19 22:09:53+00:00,"Join us for a national moment of unity and remembrance in honor of the 400,000 Americans we’ve lost due to COVID-19. https://t.co/0BW7AQLxUx",False,72920,
1351630258114502656,2021-01-19 20:39:00+00:00,"Next stop: Washington, D.C. https://t.co/oW0C4LQVBf",False,573944,
1351599720012021761,2021-01-19 18:37:39+00:00,I’m in Delaware for one final event before I head to Washington for tomorrow’s inauguration. Tune in. https://t.co/YnEMiqhhDE,False,91013,
1351593329054650376,2021-01-19 18:12:15+00:00,"RT @BidenInaugural: Only ONE day until we can call @JoeBiden and @KamalaHarris President and Vice President

You don’t want to miss out on…",False,0,
1351367275094310912,2021-01-19 03:14:00+00:00,"There’s no more fitting way to honor the legacy of Dr. Martin Luther King, Jr. than service. Thank you to @Philabundance for letting us stop by and for the work you do every day to end hunger. https://t.co/dy78IQ0vgf",False,53943,
1351333542547001344,2021-01-19 00:59:57+00:00,"As the National Day of Service comes to a close, we’re celebrating the legacy of Dr. Martin Luther King, Jr. with an evening full of entertainers and inspiring speakers. Tune in for “United We Serve.” https://t.co/hqWmdbXDWb",False,31336,
1351265605840633858,2021-01-18 20:30:00+00:00,"Dr. Martin Luther King, Jr.’s words remind us that darkness cannot drive out darkness and hate cannot drive out hate — only light and love can. As we seek to overcome this season of darkness in America, let us choose love and light and begin to heal — together. #MLKDay",False,255128,
1351228360123318272,2021-01-18 18:02:00+00:00,"Our Administration will lead with science and scientists — with a CDC and NIH that are free from political influence, a Surgeon General who is independent and speaks directly to the people, and an FDA whose decisions are based on science and science alone.",False,166444,
1350981483062706177,2021-01-18 01:41:00+00:00,"I know @harrisonjaime and the new DNC team are ready to strengthen our party’s infrastructure and elect Democrats across the country — but they need your help to do it.

If you’re able, chip in to support them by donating to the DNC today: https://t.co/GMCVuvPrYT https://t.co/bCBmAH8MCt",False,23651,
1350926118409289730,2021-01-17 22:01:00+00:00,"Service is a fitting way to start to heal, unite, and rebuild this country we love.

I hope you’ll join us in honoring the legacy of Dr. Martin Luther King, Jr. by participating in the National Day of Service: https://t.co/H4pDdtXc3V https://t.co/ecHlPK7PAO",False,53278,
1350878051710750725,2021-01-17 18:50:00+00:00,"I know masks have become a partisan issue — but it’s a patriotic act. Experts say wearing a mask from now until April will save more than 50,000 lives.",False,629270,
1350817905202630658,2021-01-17 14:51:00+00:00,"Though pushed, tested, and threatened throughout the 2020 election, our democracy proved to be resilient, true, and strong. My Campaign Advisor Bob Bauer and General Counsel Dana Remus shared their thoughts on how the will of the people prevailed. https://t.co/glyZgv5AtZ",False,52764,
1350634446475694080,2021-01-17 02:42:00+00:00,"Across the country, approximately 14 million Americans have fallen behind on rent and many may soon be at risk of eviction.

We need to act now. That’s why next week, I’ll extend nationwide restrictions on evictions and foreclosures. https://t.co/kUxpcgOzRe",False,47311,
1350593782832500737,2021-01-17 00:00:25+00:00,"The first @BidenInaugural event is here. Tune in as we celebrate America, reflect and honor our history, and highlight the incredible diversity of the nation. https://t.co/6iIPivVt5N",False,32761,
1350562220367884289,2021-01-16 21:55:00+00:00,"To get as many people vaccinated as quickly as possible, we need more clinics across the nation. That’s why my administration will harness the full resources of the federal government to establish thousands of community vaccination centers. https://t.co/c551gKJZwa",False,48667,
1350515133034819584,2021-01-16 18:47:53+00:00,"Science will be at the forefront of my administration — and this group will ensure everything we do is grounded in science, facts, and the truth. Tune in as I introduce members of my science team. https://t.co/ZEhKL5k59t",False,70859,
1350480432341520384,2021-01-16 16:30:00+00:00,Getting America vaccinated will be one of the most challenging operational efforts ever undertaken. But you have my word that we will manage the hell out of this operation. https://t.co/EtFTz9c3Lf,False,59561,
1350256455748882434,2021-01-16 01:40:00+00:00,"We not only have an economic imperative to act now, we have a moral obligation. 
 
In this pandemic, in America, we cannot let people go hungry. We cannot let people get evicted. We cannot watch nurses and educators lose their jobs.

We must act.",False,150352,
1350210150481555457,2021-01-15 22:36:00+00:00,"Science will always be at the forefront of my administration — and these world-renowned scientists will ensure everything we do is grounded in science, facts, and the truth. https://t.co/fEbgDMkTDZ",False,62960,
1350202004598095874,2021-01-15 22:03:38+00:00,"RT @BidenInaugural: 5 days until we make history.

❤️ or 🔁 this tweet to get reminded when we go live for #Inauguration2021 — you won't wan…",False,0,
1350156296012656647,2021-01-15 19:02:00+00:00,"My administration will move Heaven and Earth to:

- Allow more people to get vaccinated
- Create more places for them to get vaccinated
- Mobilize more medical teams to get shots in arms
- Increase vaccine supply and get it out the door as soon as possible",False,189789,
1350077778310270978,2021-01-15 13:50:00+00:00,"To Pilar, and the countless other small business owners across the country, know that help is on the way. https://t.co/4mKPjN6rgx",False,37664,
1349894571094810626,2021-01-15 01:42:00+00:00,"Direct cash payments.
Extended unemployment.
Rent relief. 
Food assistance. 
Aid to small businesses.
Keeping essential frontline workers on the job.

Those are the key elements of my American Rescue Plan.",False,382709,
1349872996920430595,2021-01-15 00:16:16+00:00,We have no time to waste when it comes to getting this virus under control and building our economy back better. Tune in as I announce my American Rescue Plan. https://t.co/4YAg0nhJMn,False,59832,
1349849776012087296,2021-01-14 22:44:00+00:00,"We need to tackle the public health and economic crises we’re facing head-on. That’s why today, I’m announcing my American Rescue Plan. Together we’ll change the course of the pandemic, build a bridge toward economic recovery, and invest in racial justice. https://t.co/UzGFZY7Jhp",False,36595,
1349563892087869442,2021-01-14 03:48:00+00:00,"We’re in the teeth of this crisis, and we need to take immediate action to get the virus under control. That’s why tomorrow, I’ll be laying out my vaccination and economic rescue package to beat COVID-19 and build back better. https://t.co/YRzJ5nlkDm",False,73228,
1349556594237792256,2021-01-14 03:19:00+00:00,"Today, in a bipartisan vote, the House voted to impeach and hold President Trump accountable. Now, the process continues to the Senate—and I hope they’ll deal with their Constitutional responsibilities on impeachment while also working on the other urgent business of this nation.",False,261667,
1349375651883724804,2021-01-13 15:20:00+00:00,"Ambassador Samantha Power is a world-renowned voice of conscience and moral clarity—challenging and rallying the international community to stand up for the dignity and humanity of all people. As USAID Administrator, she'll be a powerful force for principled American engagement. https://t.co/jwseGEsb8c",False,36313,
1349365858691383299,2021-01-13 14:41:05+00:00,"RT @Transition46: President-elect Biden has nominated Ambassador Samantha Power as USAID Administrator.

A leading voice for humane and pri…",False,0,
1349090628790067200,2021-01-12 20:27:25+00:00,My number one priority is getting people vaccinated as quickly as we can to get our country back on track. https://t.co/JLY1DntIlR,False,90659,
1349068634413436929,2021-01-12 19:00:01+00:00,"It’s long past time to raise the minimum wage, so hardworking people earn at least $15 an hour. 
 
I hope that Democratic control of the House and Senate will ensure prompt action to get it done.",False,300168,
1348994390690246657,2021-01-12 14:05:00+00:00,"I urge every American to:

- Wear a mask
- Stay socially distanced
- Avoid large indoor gatherings

We can save countless lives if we step up together.",False,411622,
1348800612742402048,2021-01-12 01:15:00+00:00,"Getting America vaccinated will be one of the greatest operational challenges we’ve ever faced, but my administration will spare no effort to get it done.

We’re going to ensure the vaccine is distributed quickly, equitably, and free of charge to every American.",False,172476,
1348763039160532992,2021-01-11 22:45:41+00:00,"Folks, I just received the second dose of my COVID-19 vaccine — and just like the first dose, it was safe, quick, and painless. 

I urge everyone to get vaccinated once it’s your turn. Because only together can we save lives and beat this virus. https://t.co/w1m8gEh2iL",False,177285,
1348732665005023232,2021-01-11 20:45:00+00:00,"The work of the next four years must be the restoration of democracy and the recovery of respect for the rule of law, and the renewal of a politics that’s about solving problems — not stoking the flames of hate and chaos.",False,286634,
1348636095458717696,2021-01-11 14:21:16+00:00,"I’m asking Ambassador Bill Burns to lead the Central Intelligence Agency because he’s dealt with many of the thorniest global challenges we face. As a legendary career diplomat, he approached complex issues with honesty, integrity and skill. That’s exactly how he’ll lead the CIA. https://t.co/ypnuH016BV",False,45200,
1348464168018567168,2021-01-11 02:58:05+00:00,RT @Schwarzenegger: My message to my fellow Americans and friends around the world following this week's attack on the Capitol. https://t.c…,False,0,
1348430675238678528,2021-01-11 00:45:00+00:00,"$600 is simply not enough when you have to choose between paying rent or putting food on the table.
 
We need $2,000 stimulus checks.",False,965654,
1348351402624524288,2021-01-10 19:30:00+00:00,"I am proud that we have finished naming the members of our Cabinet.
 
It’s a Cabinet that looks like America and taps into the full range of talents we have in our nation. https://t.co/DTX53k7sUx",False,102453,
1348299813163474944,2021-01-10 16:05:00+00:00,"In 10 days, we move forward and rebuild — together.",False,999956,
1348064513170567168,2021-01-10 00:30:00+00:00,The bottom line is we need to provide immediate relief for working families and businesses. Now. https://t.co/syaHTaX3O4,False,64076,
1348004115121647622,2021-01-09 20:30:00+00:00,"Our president is not above the law. 

Justice serves the people — it doesn’t protect the powerful.",False,857006,
1347947491300401152,2021-01-09 16:45:00+00:00,"From the most inequitable economic and jobs crisis in modern history, my jobs team will help us build back better with an economy that works for all Americans. Let’s get to work. https://t.co/hx7cyOHF87",False,79074,
1347704641136463872,2021-01-09 00:40:00+00:00,My administration will get right to work distributing emergency aid swiftly and equitably. Our focus will be on the small businesses on Main Street — not those that are wealthy and well-connected. https://t.co/FlD8voUpcP,False,64051,
1347665885666938886,2021-01-08 22:06:00+00:00,".@GabbyGiffords — Your perseverance and immeasurable courage continue to inspire me and millions of others. I pledge to continue to work with you — and with survivors, families, and advocates across the country — to defeat the NRA and end our epidemic of gun violence. https://t.co/zN5J5YjXUM",False,47873,
1347649779921203201,2021-01-08 21:02:00+00:00,"Ten years ago today, in Tucson, Arizona, six innocent lives were taken away by a senseless and brutal act of violence. Jill and I remember those we lost and everyone whose lives were irreversibly changed that day — including my friend Congresswoman @GabbyGiffords.",False,131868,
1347618371135705090,2021-01-08 18:57:11+00:00,We need to build a new American economy where everyone enjoys a fair return for their work and an equal chance to get ahead. Tune in as I introduce members of the team that will get it done. https://t.co/PAOu57i9j5,False,43680,
1347571667598503937,2021-01-08 15:51:36+00:00,"We need to restore the honor, the integrity, and the independence of the Department of Justice in this nation — and this is the group that will get it done. https://t.co/Yfuys8i73V",False,117213,
1347377487374741508,2021-01-08 03:00:00+00:00,I’m proud to nominate Judge Merrick Garland for Attorney General of the United States. https://t.co/xBR5PAN2wH,False,64464,
1347366160807981056,2021-01-08 02:15:00+00:00,"For the past four years, President Trump has unleashed an all-out assault on the institutions of our democracy.

Yesterday was but the culmination of that unrelenting attack. https://t.co/Mcli7mzENu",False,74291,
1347352319726215168,2021-01-08 01:20:00+00:00,"This team shares my belief that the middle class built this country and that unions built the middle class.

They will help us emerge from the most inequitable economic crisis in modern history by building an economy where every American is in on the deal. https://t.co/iorqb5Dxpj",False,28360,
1347348666550530051,2021-01-08 01:05:29+00:00,"RT @Transition46: Our jobs team’s mission is clear: execute the Build Back Better agenda.

They will work to dig us out from the worst, mos…",False,0,
1347298213422747649,2021-01-07 21:45:00+00:00,"No one can tell me that if it had been a group of Black Lives Matter protestors yesterday that they wouldn’t have been treated very differently than the mob that stormed the Capitol. 

We all know that’s true — and it’s unacceptable.",False,515523,
1347287643776667648,2021-01-07 21:03:00+00:00,Merrick Garland will serve as the Attorney General of the United States — not as my personal lawyer.,False,583578,
1347276822078218241,2021-01-07 20:20:00+00:00,"What we witnessed yesterday was not dissent — it was disorder. 

They weren’t protestors — they were rioters, insurrectionists, and domestic terrorists.

I wish we could say we couldn’t see it coming, but that isn’t true. We could.",False,299140,
1347253347057733632,2021-01-07 18:46:43+00:00,It’s time for a Department of Justice that serves the interests of the people — not a presidency. Tune in as I introduce key nominees to lead the Department. https://t.co/8eIm9NvQS8,False,59256,
1347200066646376448,2021-01-07 15:15:00+00:00,"Our nominees for the Justice Department will restore the independence of the Department, so it serves the interests of the people—not a presidency. They’ll rebuild public trust in the rule of law and work to ensure a more fair and equitable justice system. https://t.co/MSCRAwsmaH",False,88171,
1347195334070579200,2021-01-07 14:56:11+00:00,"RT @Transition46: This team will work to move us closer to the American ideal of equal justice under law. 

They will work to restore indep…",False,0,
1346985653658116098,2021-01-07 01:03:00+00:00,"Today is a reminder, a painful one, that democracy is fragile. To preserve it requires people of good will, leaders with the courage to stand up, who are devoted not to pursuit of power and personal interest at any cost, but to the common good.",False,621455,
1346963759156195332,2021-01-06 23:36:00+00:00,"Through war and strife, America has endured much. And we will endure here and prevail now. https://t.co/OvNOV0ogWG",False,121196,
1346938341791387651,2021-01-06 21:55:00+00:00,"Our way is plain: It is the way of democracy — of lawfulness, and of respect — respect for each other, and for our nation.",False,344437,
1346932050746630149,2021-01-06 21:30:00+00:00,America is so much better than what we’re seeing today.,False,1085840,
1346929533774159876,2021-01-06 21:20:00+00:00,I call on President Trump to go on national television now to fulfill his oath and defend the Constitution by demanding an end to this siege.,False,1000426,
1346928275470299142,2021-01-06 21:15:00+00:00,"Let me be very clear: the scenes of chaos at the Capitol do not represent who we are. What we are seeing is a small number of extremists dedicated to lawlessness. This is not dissent, it's disorder. It borders on sedition, and it must end. Now.",False,762174,
1346926106264395777,2021-01-06 21:06:23+00:00,RT @Transition46: President-elect Biden addresses the nation: https://t.co/BXM3SZK25R,False,0,
1346891030055022592,2021-01-06 18:47:00+00:00,"I called Reverend Warnock and Jon Ossoff this morning to congratulate them on their hard-fought campaigns. Georgia voters delivered a resounding message yesterday: they want action on the crises we face and they want it right now. Together, we'll get it done. https://t.co/TPBEbgOwzH",False,238274,
1346643986010808320,2021-01-06 02:25:20+00:00,"RT @Transition46: Readout of President-elect Biden’s briefing on COVID-19 response and vaccination strategy: 

https://t.co/epetoF8NyT http…",False,0,
1346603636168642561,2021-01-05 23:45:00+00:00,"Stay in line, Georgia. If you’re in line at your polling place by 7 PM, you can vote.",False,280306,
1346600616408330241,2021-01-05 23:33:00+00:00,"Georgia voters: If you’re voting in the county where you’re registered, you’re entitled to ask for a provisional ballot if you’re told you aren’t on the voter rolls. Don’t leave without voting.

If you have questions, call the Voter Protection Hotline: 888-730-5816",False,59988,
1346565887571107840,2021-01-05 21:15:00+00:00,"Georgia — If you elect @ReverendWarnock and @Ossoff, we can break the gridlock that has gripped Washington.

We’ll be able to make the progress we need to make on jobs, health care, justice, and more.

It all comes down to today. Vote: https://t.co/RIJ1L4B5o9

📷: @kevloweryphoto https://t.co/FMfNZvI6gR",False,33147,
1346535688733265921,2021-01-05 19:15:00+00:00,"Georgia — If you have any questions today while voting, reach out to the Voter Protection Hotline: 1-888-730-5816",False,138859,
1346509264299282433,2021-01-05 17:30:00+00:00,"Georgia — The nation is looking to you to lead us forward. 

The power is in your hands: https://t.co/RIJ1L4B5o9 https://t.co/BhZ3Mcfozm",False,35824,
1346475895955939328,2021-01-05 15:17:24+00:00,"Go vote, Georgia!

https://t.co/RIJ1L4B5o9",False,138692,
1346286546975014912,2021-01-05 02:45:00+00:00,"I’m asking you to give everything you’ve got for one more day — because that one day can change America.

https://t.co/RIJ1L4B5o9 https://t.co/6RvV9Ffx04",False,38928,
1346271447346507788,2021-01-05 01:45:00+00:00,"In America, politicians can’t assert, take, or seize power.

It has to be given by the American people.

We can’t ever give that up. The will of the people must always prevail.",False,224285,
1346258109518413825,2021-01-05 00:52:00+00:00,"The debate over $2,000 isn’t some abstract debate in Washington. It’s about real lives.

Hardworking Americans need help, and they need it now.

Georgia — you have the power to make it happen. Vote. https://t.co/yFBBk1YAEm",False,34141,
1346199428625965056,2021-01-04 20:58:49+00:00,"With just one day to go until the Georgia Senate runoffs, I’m in Atlanta to get out the vote. Tune in. https://t.co/I4MBUj0g3o",False,27088,
1346188400215224321,2021-01-04 20:15:00+00:00,"One day left, folks. I’m on my way to Georgia to help send @ReverendWarnock and @Ossoff to the Senate. See you soon, Atlanta!",False,185948,
1346150340836601857,2021-01-04 17:43:46+00:00,"Georgia — If you haven’t returned your absentee ballot yet, drop it off at a drop box in your county today.

If you’re voting in-person tomorrow, make your plan today.

Let’s flip the Senate: https://t.co/RIJ1L4juwB",False,53972,
1345936546407583744,2021-01-04 03:34:13+00:00,RT @Transition46: Statement by President-elect Biden on Nancy Pelosi’s reelection as Speaker of the House: https://t.co/m6u6BwFlRj,False,0,
1345896476623265792,2021-01-04 00:55:00+00:00,The Senate swearing-in ceremony was always one of my favorite parts of the job as Vice President. Congratulations to the newly minted members of the 117th Congress. I look forward to working alongside you to get this virus under control and build back better.,False,122428,
1345845695702396928,2021-01-03 21:33:13+00:00,"With just two days to go until the Georgia Senate runoffs, @KamalaHarris is in Savannah firing up folks to get out and vote. Tune in. https://t.co/3F4wMyotcO",False,31921,
1345792290372116480,2021-01-03 18:01:00+00:00,"Here’s my promise to you: I’ll be a president for all Americans. Whether you voted for me or not, I’ll wake up every single morning and work to make your life better.",False,402541,
1345542896662032384,2021-01-03 01:30:00+00:00,"Floyd Little and I were students at Syracuse University together. And over the years, I got to know the man behind the number. He was full of character, decency, and integrity. I will miss my friend. The entire Biden family sends our love to DeBorah and the Little family. https://t.co/OsmyvPBFvu",False,59006,
1345490049727668226,2021-01-02 22:00:00+00:00,"Mask up, folks.",False,808178,
1345449279964368896,2021-01-02 19:18:00+00:00,"It’s the final weekend before the Georgia Senate runoffs, which means we have just a few days left to do everything we can to flip the Senate. If you have a few minutes, sign up to make calls and let’s get to work: https://t.co/uR93pEtK1X",False,28239,
1345063487957917696,2021-01-01 17:45:00+00:00,Let me be clear: The Biden-Harris Administration will spare no effort to make sure people are getting vaccinated. https://t.co/FfppocXufa,False,67965,
1344862916194021377,2021-01-01 04:28:00+00:00,Here’s to 2021. https://t.co/9HAQOSWgvO,False,563514,
1344850758068539393,2021-01-01 03:39:41+00:00,RT @NYRE: Here is the last interview for President-Elect @JoeBiden and future First Lady @DrBiden in 2020! 🇺🇸 #RockinEve https://t.co/wcSnl…,False,0,
1344836995441426432,2021-01-01 02:45:00+00:00,"In 2021, we’re going to build a brighter future. https://t.co/YjzT7aw5zQ",False,71257,
1344775842455498752,2020-12-31 22:42:00+00:00,"The challenges we face as a nation will not disappear overnight, but as we look forward to the start of a new year, I’m filled with fresh hope about the possibilities of better days to come. 

After a year of pain and loss, let us unite, heal, and rebuild in 2021.",False,107318,
1344763259602173952,2020-12-31 21:52:00+00:00,We have less than one week to do everything in our power to help Jon Ossoff and Raphael Warnock win their Senate runoff elections in Georgia. These races will not only determine the fate of the Senate but the future of our country. Chip in today: https://t.co/EByC4gktYT,False,23165,
1344720522056245255,2020-12-31 19:02:10+00:00,"Georgia — Today is your last chance to vote early ahead of next week’s Senate runoffs. 

Confirm your polling location and go vote: https://t.co/RIJ1L4juwB",False,52802,
1344458249731407872,2020-12-31 01:40:00+00:00,"The next few weeks and months are going to be a very tough period for our nation — maybe the toughest of the whole pandemic. 

But we are going to get through it. Brighter days are coming, but it’s going to take all the grit and determination we have as Americans to do it.",False,118996,
1344424275818786816,2020-12-30 23:25:00+00:00,"With just over 20 days until Inauguration Day, there’s never been a better time to stock up on @BidenInaugural gear. Head to https://t.co/j1ZK7kyMj6 to find everything you need.",False,15349,
1344366394641563649,2020-12-30 19:35:00+00:00,"We can save 60,000-100,000 lives in the weeks and months ahead if we step up together.

Wear a mask. Stay socially distanced. Avoid large indoor gatherings.

Each of us has a duty to do what we can to protect ourselves, our families, and our fellow Americans.",False,91345,
1344332164452790272,2020-12-30 17:18:59+00:00,RT @KamalaHarris: Getting the COVID-19 vaccine will save your life. I have absolute confidence in our scientists and look forward to gettin…,False,0,
1344322857665490944,2020-12-30 16:42:00+00:00,"We’re going to make sure vaccines are free of charge.

And we’re going to ensure they are distributed equitably, so every person who wants a vaccine can get one — no matter the color of their skin or where they live. https://t.co/uLQfxS1PM0",False,37391,
1344311583879684097,2020-12-30 15:57:12+00:00,RT @Transition46: President-elect Biden has nominated @kath_hicks as Deputy Secretary of Defense and @ColinKahl as Under Secretary of Defen…,False,0,
1344093345207832576,2020-12-30 01:30:00+00:00,"After ten months of the pandemic, we still don’t have enough testing. It’s a travesty.

We need to scale up testing so anyone who needs one can get one.",False,137448,
1344068179463700480,2020-12-29 23:50:00+00:00,"Once in office, I will be asking the American people to wear a mask for the first 100 days of my administration. Not as a political statement, but as a patriotic duty. https://t.co/0Uayw4sAs7",False,69883,
1344021093321826305,2020-12-29 20:42:54+00:00,Tune in as I deliver remarks on the ongoing COVID-19 crisis and what my administration will do to get this virus under control. https://t.co/cW9z2nkEkP,False,17462,
1344007781427326977,2020-12-29 19:50:00+00:00,Leading by example. https://t.co/B4fHm6xUAv,False,76320,
1343982615670501376,2020-12-29 18:10:00+00:00,"One week, Georgia.

Vote early, and let’s flip the Senate: https://t.co/RIJ1L4juwB https://t.co/pF3Z740HYn",False,54332,
1343939833765519361,2020-12-29 15:20:00+00:00,Meeting the most daunting threats of our time requires American engagement and leadership — but none of them can be solved alone. https://t.co/cfCqvFGEbZ,False,21706,
1343734732282974208,2020-12-29 01:45:00+00:00,"This year, we’ve painfully learned the cost of being unprepared for a pandemic.
 
If we aren’t investing with our partners around the world, we’re undermining our ability to defeat COVID-19 and leaving ourselves vulnerable to the next deadly epidemic.",False,80264,
1343709566622720001,2020-12-29 00:05:00+00:00,"Right now, my team isn’t getting all the information that we need from the outgoing administration in key national security areas. 

It’s nothing short of irresponsible. https://t.co/T67NbgSFLl",False,61538,
1343650410817458177,2020-12-28 20:09:56+00:00,"This afternoon, I was briefed by members of my national security and foreign policy agency review teams. Tune in as I deliver remarks on the challenges our administration will inherit. https://t.co/EbPUT6jjXX",False,24940,
1343591287467827201,2020-12-28 16:15:00+00:00,"Folks, there’s just over one week until the Georgia Senate runoffs. With the races neck and neck, we need your help more than ever. Chip in and let’s flip the Senate: https://t.co/33NyxPALUs",False,32215,
1343364794665947136,2020-12-28 01:15:00+00:00,We’ve gotten through tough times before in this nation — and we’ll get through them again. https://t.co/ulSsFLgNei,False,36324,
1343320754478190593,2020-12-27 22:20:00+00:00,"From COVID-19 and the economy to climate change and racial justice — our nation is facing four historic crises at once. And come January, there will be no time to waste. That’s why my team and I are hard at work preparing to take action on day one.",False,82679,
1343255327622381568,2020-12-27 18:00:01+00:00,To all the health care workers on the front lines of this fight — thank you. You are true heroes.,False,318584,
1342994857023983616,2020-12-27 00:45:00+00:00,"After a year of pain and loss, it’s time to unite, heal, and rebuild.",False,396631,
1342919359627481092,2020-12-26 19:45:00+00:00,"Jill and I send our heartfelt wishes to everyone celebrating Kwanzaa. We hope these days of reflection on the seven principles and the rich heritage of African-American culture bring peace, unity, and joy.",False,97611,
1342490030787407872,2020-12-25 15:19:00+00:00,"From our family to yours, Merry Christmas and Happy Holidays. https://t.co/NzVEFFfrG1",False,220111,
1342257498405785600,2020-12-24 23:55:00+00:00,We take holiday traditions very seriously in the Biden family. https://t.co/I7L6sGkkHN,False,74217,
1342213458842927106,2020-12-24 21:00:00+00:00,"I know how hard it is to forego holiday traditions — but it is so very important. Please wear masks, limit the size of any groups, and refrain from traveling. We have to stay apart just a little longer.",False,202443,
1342184517872791552,2020-12-24 19:05:00+00:00,To Linda — and everyone out there who’s hurting or struggling — keep the faith. https://t.co/pXDHmzvYQ8,False,28652,
1342166602675089409,2020-12-24 17:53:48+00:00,RT @DrBiden: Happy Birthday Dr. Fauci 💕 https://t.co/fhdVvtHvvy,False,0,
1342138967865479169,2020-12-24 16:04:00+00:00,"No matter how you’re celebrating this year, Champ and Major wish you a Merry Christmas. https://t.co/SrZBT4vmpP",False,258062,
1341941673933344769,2020-12-24 03:00:01+00:00,"Every student must be equipped to thrive in the economy of the future. Every educator needs resources to do their jobs with dignity and success. And every school needs support to reopen safely.

We can achieve this with Dr. Miguel Cardona leading our Department of Education. https://t.co/vfYQhnPEEA",False,20695,
1341931601060454401,2020-12-24 02:20:00+00:00,"In the 21st century, twelve years of school isn’t enough. That’s why under the Biden-Harris plan, community college will be free — and public colleges and universities will be tuition-free for families earning less than $125,000 a year.",False,227689,
1341907693477490689,2020-12-24 00:45:00+00:00,We need to make sure every child in this nation has access to a good education — regardless of zip code or disability. https://t.co/YGp4rB1IjA,False,28284,
1341884037606985729,2020-12-23 23:11:00+00:00,"It’s long past time we pay teachers what they deserve.  

The work they do is of extreme national importance — and their salaries should reflect that.",False,262331,
1341839745689690112,2020-12-23 20:15:00+00:00,"Here’s the simple truth: Our darkest days in this battle against COVID are ahead of us — not behind us.  
 
We need to prepare ourselves and steel our spines. https://t.co/TSn5hdpzGj",False,25625,
1341786919126986753,2020-12-23 16:45:05+00:00,"With Dr. Miguel Cardona leading the way, we’re going to ensure every student in this country receives a high-quality education. Tune in as I nominate him to be our next Secretary of Education. https://t.co/6NpNDLBkCg",False,22121,
1341768024806797313,2020-12-23 15:30:00+00:00,"This cybersecurity attack happened on Donald Trump’s watch. But rest assured that even if he does not take it seriously, I will. https://t.co/cujska0v7m",False,36002,
1341575504617345024,2020-12-23 02:45:00+00:00,"Yesterday, in an effort to instill confidence in the vaccine, I had my shot administered in public. 
 
I have absolute confidence in the vaccine and look forward to the second shot. https://t.co/5jeBLMY4z2",False,33749,
1341560833340522498,2020-12-23 01:46:42+00:00,"RT @Transition46: Dr. Miguel Cardona has been nominated by the president-elect to lead the Department of Education. 

As a former public sc…",False,0,
1341547822093463552,2020-12-23 00:55:00+00:00,"An educator will lead our Department of Education.

I am proud to nominate Dr. Miguel Cardona to ensure our teachers are taken care of, and our children have an opportunity to thrive.",False,212580,
1341493715811127298,2020-12-22 21:20:00+00:00,"In the first 100 days of my administration, we will:

- Ask all Americans to mask up
- Administer 100 million vaccine shots
- Get most schools back open

We’re going to contain the virus and get back to our lives.",False,127396,
1341470726037987330,2020-12-22 19:48:39+00:00,Tune in as I deliver remarks ahead of the holiday. https://t.co/NScn1mPn0P,False,20230,
1341455463758479360,2020-12-22 18:48:00+00:00,"Ten years ago today, I joined President Obama as he signed the repeal of Don’t Ask, Don’t Tell into law. Thanks to sound implementation by civilian and uniformed leaders across the @DeptofDefense, today our military is stronger, more capable, and more inclusive for all who serve. https://t.co/DIdgIFrE51",False,34446,
1341255898711220225,2020-12-22 05:35:00+00:00,"I applaud this relief package, but our work is far from over. Starting in the new year, Congress will need to immediately get to work on support for our COVID-19 plan.

My message to everyone out there struggling right now: help is on the way. https://t.co/ktET5loEnm",False,44674,
1341185434408415233,2020-12-22 00:55:00+00:00,"Today, I received the COVID-19 vaccine.

To the scientists and researchers who worked tirelessly to make this possible — thank you. We owe you an awful lot.

And to the American people — know there is nothing to worry about. When the vaccine is available, I urge you to take it. https://t.co/QBtB620i2V",False,314349,
1341170334909816833,2020-12-21 23:55:00+00:00,"I know you're probably tired of hearing about politics after this year. But with just 15 days left until the Georgia Senate runoffs, we can't take our foot off the gas.

Every dollar makes a big difference. Chip in to our Flip Georgia Fund today: https://t.co/98pzmqwC7J",False,18821,
1341076596887719936,2020-12-21 17:42:31+00:00,"Tune in as @KamalaHarris rallies voters in Columbus, Georgia, ahead of the January Senate runoffs. https://t.co/MZjZOfZFt7",False,22446,
1341029406333087746,2020-12-21 14:35:00+00:00,Georgia — Your vote has the power to change the future of this country. Don’t wait to use it. Make your plan to vote early today: https://t.co/RIJ1L4juwB https://t.co/zRs9nMx1qh,False,32498,
1340820529888915456,2020-12-21 00:45:00+00:00,"One month, folks. https://t.co/wSuscy3dSN",False,93715,
1340791589275316224,2020-12-20 22:50:00+00:00,"As the first Native American Cabinet Secretary in our nation’s history, Congresswoman Haaland will be a true steward of our national parks, natural resources, and all of our lands. https://t.co/WVf7FGQCwf",False,34312,
1340747549028851717,2020-12-20 19:55:00+00:00,"In one month, we begin to heal.",False,711327,
1340721628154482691,2020-12-20 18:12:00+00:00,"As president, I’ll put America on a path to achieve a carbon-pollution free electricity sector by 2035 — a path that no future president can turn back.",False,169801,
1340665760021024770,2020-12-20 14:30:00+00:00,I believe that every American has a fundamental right to breathe clean air and drink clean water. https://t.co/f6FfFlCWLG,False,64471,
1340478274909040640,2020-12-20 02:05:00+00:00,"When it comes to the existential threat of climate change, we have no time to lose. This team will be ready on day one to meet this moment with the urgency it demands and build our nation back better than ever. https://t.co/ciPgM5geDG",False,34062,
1340460406888796160,2020-12-20 00:54:00+00:00,"Together, we’re going to tackle the threat of climate change head-on and create millions of good-paying, union jobs. https://t.co/OMU4DiWLMT",False,28805,
1340427943051284480,2020-12-19 22:45:00+00:00,"On day one, my administration will rejoin the Paris Agreement and put America back in the business of leading the world on climate change.",False,507182,
1340379335975268352,2020-12-19 19:31:51+00:00,We need to meet the threat of climate change with the urgency it demands — and seize the opportunity to build back better. Tune in as I introduce members of my climate team who will get it done. https://t.co/DWEwSIDF4Y,False,27310,
1340326524994633729,2020-12-19 16:02:00+00:00,"Folks, there are less than three weeks until the Georgia Senate runoffs and we need to ensure @ossoff and @ReverendWarnock have the resources to win. If you’re able to, chip in to our Flip Georgia Fund to help take back the Senate. https://t.co/AT8tjm1YGa",False,27131,
1339759790717734913,2020-12-18 02:30:00+00:00,Let me be clear: The United States of America has always set an example for the world for the peaceful transition of power — and we will do so again.,False,214920,
1339745949237665792,2020-12-18 01:35:00+00:00,"We have no time to waste to confront the climate crisis, protect our air and water, and deliver justice to communities that have long shouldered the burdens of environmental harms.

Together, on behalf of all Americans, this team will meet this moment with the urgency it demands. https://t.co/ob58nUVIJm",False,26694,
1339732371764109312,2020-12-18 00:41:03+00:00,"RT @Transition46: The undeniable reality of climate change is taking a toll on lives and livelihoods across the country. 

This team will l…",False,0,
1339712981916033025,2020-12-17 23:24:00+00:00,"I always know malarkey when I see it, and I’m looking forward to joining @StephenAtHome tonight.

Make sure to tune in to CBS at 11:35 ET to watch. https://t.co/vrcHtXK0fU",False,42329,
1339685802956255242,2020-12-17 21:36:00+00:00,"I’m prepared to sign a COVID relief package on day one, but I need @ReverendWarnock and @ossoff in the Senate to get it done.

Georgia — Make your plan to vote early today: https://t.co/RIJ1L4juwB https://t.co/G9lRQQawH7",False,76821,
1339636981345755137,2020-12-17 18:22:00+00:00,"Millions of people are out of work. Small businesses are closing. People are struggling to pay their bills, stay in their homes, and put food on the table.

Congress needs to pass a relief package immediately.",False,109044,
1339582371557883906,2020-12-17 14:45:00+00:00,"When I think of climate change, I think about jobs. Good-paying, union jobs that put Americans to work, make our air cleaner, and rebuild America’s crumbling infrastructure.",False,161705,
1339382302992781317,2020-12-17 01:30:00+00:00,"In this battle for the soul of America, democracy prevailed.",False,238793,
1339362422046543880,2020-12-17 00:11:00+00:00,".@KamalaHarris and I are building a historic Cabinet.

A Cabinet that looks like America and taps into the best of this nation. https://t.co/RiVfPB9NpJ",False,34745,
1339314103714607104,2020-12-16 20:59:00+00:00,".@PeteButtigieg has the perspective of a mayor that solves problems and brings people together.

He’s got the vision of a next-generation leader with the experience and temperament to help dig us out of this economic crisis. https://t.co/zfuy2LCK6R",False,20644,
1339297242633490433,2020-12-16 19:52:00+00:00,"As tough as this moment is in the country, as dark as these days of winter seem, I am still more optimistic about the future of this country than I have been my whole career.

There is nothing beyond America’s capacity if we work together.",False,97214,
1339254199326887937,2020-12-16 17:00:57+00:00,Mayor @PeteButtigieg is a barrier-breaking public servant with a track record of forward-thinking leadership. Tune in as I nominate him to be our next Secretary of Transportation. https://t.co/rhpetks9UW,False,32668,
1339062696998662145,2020-12-16 04:20:00+00:00,"With @ossoff and @ReverendWarnock in the Senate, the doors of promise and progress will open in Washington. 
 
https://t.co/RIJ1L4B5o9 https://t.co/Dus1Mft7qD",False,32884,
1339049107403501569,2020-12-16 03:26:00+00:00,"From the economy to criminal justice to climate change — there’s so much we can get done. But we need senators who are willing to do it.
 
https://t.co/RIJ1L4juwB https://t.co/Bplr5wYLHd",False,29679,
1339006577416736768,2020-12-16 00:37:00+00:00,"Mayor @PeteButtigieg is a leader, patriot, and problem-solver. He speaks to the best of who we are as a nation.

I am nominating him for Secretary of Transportation because he's equipped to take on the challenges at the intersection of jobs, infrastructure, equity, and climate.",False,164416,
1338959519162970112,2020-12-15 21:30:00+00:00,"The future of health care, the economy, and the planet are all on the line. We’ve got to win Georgia and flip the Senate.

https://t.co/RIJ1L4juwB https://t.co/euGgJtxMBY",False,49195,
1338938238380040192,2020-12-15 20:05:26+00:00,"With early voting underway and just three weeks until Election Day, I’m in Atlanta to encourage folks to get out and vote. Tune in. https://t.co/qpYvQGrBhE",False,28249,
1338924301886623745,2020-12-15 19:10:04+00:00,"RT @TeamJoe: To each and every member of #TeamJoe — thank you. This was your victory, and we couldn’t have done it without you. https://t.c…",False,0,
1338916735479496704,2020-12-15 18:40:00+00:00,"I’m looking forward to being back in Georgia this afternoon to rally voters ahead of the Senate runoffs. See you soon, Atlanta!",False,134745,
1338910444233363458,2020-12-15 18:15:00+00:00,"Health care is personal to me — and I’ll always fight to ensure folks like Xiomara are protected and have access to the care they need.

Don’t miss your chance to get covered for 2021, head to https://t.co/3CYKhP8ZoR before midnight to pick a plan that works best for you. https://t.co/DCL3imZHbV",False,15993,
1338875463452733441,2020-12-15 15:56:00+00:00,"As I said throughout the campaign: I will be a president for all Americans.

I will work just as hard for those of you who didn’t vote for me as I will for those who did.",False,178530,
1338704084283445248,2020-12-15 04:35:00+00:00,"Today, the members of the Electoral College cast their votes for president and vice president.

And once again, the rule of law, our Constitution, and the will of the people have prevailed.

Our democracy—pushed, tested, and threatened—proved to be resilient, true, and strong. https://t.co/Ka1Aj3hV3m",False,106462,
1338687727492075520,2020-12-15 03:30:00+00:00,What beats deep in the hearts of the American people is this: Democracy. https://t.co/jVM7Zc3qWP,False,41546,
1338678163329576961,2020-12-15 02:52:00+00:00,"In America, politicians don’t take power — the people grant it to them. 

The flame of democracy was lit in this nation a long time ago.

And we now know that nothing — not even a pandemic or an abuse of power — can extinguish that flame.",False,197142,
1338642204810596354,2020-12-15 00:29:07+00:00,"It’s official, folks. Tune in as I deliver remarks on today’s electoral college vote certification and the strength and resilience of our democracy. https://t.co/Qp2c92mYUV",False,101402,
1338627329485012993,2020-12-14 23:30:00+00:00,"I’m forever humbled by the fact that 5.7 million people chipped in to power our campaign to victory. And to thank everyone, we’re hosting a Grassroots Donor Thank You call tonight. Head to https://t.co/c4wtQjE6hU to join us.",False,35207,
1338604682642661387,2020-12-14 22:00:01+00:00,"Folks, tomorrow is the last day of open enrollment for 2021 coverage. Head to https://t.co/3CYKhP8ZoR today to find the health insurance plan that works best for you.",False,44319,
1338575269376954375,2020-12-14 20:03:08+00:00,"Georgia — in-person early voting starts today. Head to https://t.co/RIJ1L4juwB to find all the information you need to make your voice heard.

Wear a mask, practice social distancing, and help flip the Senate.",False,48183,
1338544657391898626,2020-12-14 18:01:29+00:00,"There have been plenty of thoughts and prayers in the years since, but we know that is not enough. Together, with millions of our fellow Americans, we will fight to end this scourge on our society and enact common-sense reforms that will save countless lives.",False,30388,JoeBiden
1338544656297168900,2020-12-14 18:01:29+00:00,I think about how that day eight years ago was the saddest day we had in the White House. Twenty first-graders. Their six educators. And I think about the time we have spent with each other grieving since then. I remain in awe as so many of you turned pain into purpose.,False,31792,JoeBiden
1338544654741106693,2020-12-14 18:01:29+00:00,"To the families, loved ones, and broken and healing hearts of Sandy Hook, I know. No matter how long it’s been, every time you talk about it, you relive it as though you just heard the news. Eight years later, I know the pain never fully heals. https://t.co/qzeKBestac",False,125696,
1338527168419098625,2020-12-14 16:52:00+00:00,Stay hopeful — brighter days lie ahead. https://t.co/rEY4b7TGBf,False,102538,
1338285576328531970,2020-12-14 00:52:00+00:00,Science will always be at the forefront of my administration.,False,438160,
1338246066144079873,2020-12-13 22:15:00+00:00,"Grassroots donors were the backbone of my campaign. And to thank you for everything you did to win this battle for the soul of the nation, I’ll be holding a Grassroots Donor Thank You call tomorrow night.

I hope you’ll join us. Head to https://t.co/c4wtQjE6hU to RSVP today.",False,15349,
1338215867394437129,2020-12-13 20:15:00+00:00,"We’re in the teeth of the COVID-19 crisis right now, and this nation needs presidential leadership.

Leadership that is willing to model the steps we all should be taking in our own lives.",False,100433,
1338187429711253504,2020-12-13 18:22:00+00:00,"For your family, neighbors, and country — wear a mask. https://t.co/tTYxY6D0YA",False,50528,
1338167760497635332,2020-12-13 17:03:50+00:00,RT @Transition46: Wearing a mask isn’t about politics—it’s science. https://t.co/InZBj4WkKj,False,0,
1338152952968728579,2020-12-13 16:05:00+00:00,"We may be physically apart during these difficult times, but you’re not alone. Take a few minutes today to reach out to friends and family. We’ll get through this, together. https://t.co/VMrXiBQzsH",False,136505,
1337925206887837697,2020-12-13 01:00:01+00:00,Congress needs to act now on a COVID relief package. The American people can’t wait. https://t.co/NCZADDAKDd,False,43160,
1337895008029069312,2020-12-12 23:00:01+00:00,"Wear a mask. 
 
It's the easiest thing you can do to reduce COVID cases, hospitalizations, and deaths.

It's not a political statement — it's a patriotic act.",False,259838,
1337872354844807176,2020-12-12 21:30:00+00:00,"My first 100 days won’t end COVID-19, but we can slow the spread, save lives, and get back to our lives with our loved ones. https://t.co/nz2YkjhQZa",False,39421,
1337850207933968389,2020-12-12 20:02:00+00:00,"Under a Biden-Harris Administration, we will rejoin the Paris Agreement on day one and lead the world in the fight against climate change. https://t.co/dHSsXRk35h",False,73959,
1337810697481191426,2020-12-12 17:25:00+00:00,"Five years ago today, the world gathered to adopt the Paris Agreement on climate change.

And in 39 days, the United States is going to rejoin it.

We’re going to rally the world to push our progress further and faster and tackle the climate crisis head-on.",False,280340,
1337777981830402058,2020-12-12 15:15:00+00:00,"This team will meet the unique and challenging moment we’re facing as a nation. They bring deep experience, bold new thinking, and they know how government can — and should — work.

Together, we’re going to build back better for all Americans. https://t.co/LxRLvRKCFD",False,35766,
1337564324022239233,2020-12-12 01:06:00+00:00,"There are just a few days left of Obamacare's open enrollment for 2021 coverage. Don't wait — visit https://t.co/3CYKhORo0h today to find an affordable, quality plan that works for you.",False,45404,
1337526826747367426,2020-12-11 22:37:00+00:00,"Beating COVID-19 will take everyone doing their part.

Wear a mask. Social distance. Limit travel over the holidays. 

We can end this, together.",False,149359,
1337485853673734145,2020-12-11 19:54:11+00:00,"From Housing and Urban Development to Veterans Affairs — this team is where the rubber meets the road, and they’re ready to help the American people build back better. Tune in as I introduce them. https://t.co/AE4u0OYubE",False,17300,
1337447554804400128,2020-12-11 17:22:00+00:00,"It’s time to get back to a government of the people, for the people, by the people. That’s how we can move forward and solve the biggest challenges we face.

There is no group of individuals I trust more to stand up for Americans. https://t.co/M81uHQi3Yd",False,27648,
1337425156898246662,2020-12-11 15:53:00+00:00,"I’m honored to be Person of the Year with @KamalaHarris and grateful to be on this list with so many extraordinary folks. From front line workers to racial justice organizers, Americans met this year with strength, fortitude, and an unflinching belief in a brighter tomorrow. https://t.co/zrCCb4O6xp",False,162015,
1337246228028022785,2020-12-11 04:02:00+00:00,"Yesterday marked another tragic, preventable milestone in our fight against COVID-19, but this news is a bright light. I’m grateful for every scientist, researcher, and public health expert who made it possible. https://t.co/ooDP8SZFrk",False,35338,
1337198412727529472,2020-12-11 00:52:00+00:00,"Folks, we just added new items to the @BidenInaugural store that I know you won’t want to miss. Head to https://t.co/j1ZK7kyMj6 to stock up today.",False,12195,
1337154225453862913,2020-12-10 21:56:25+00:00,"RT @KamalaHarris: From our family to yours, happy Hanukkah! May this season of celebration bring you light and joy out of darkness. https:/…",False,0,
1337151353039314944,2020-12-10 21:45:00+00:00,"As Hanukkah begins, Jill and I send our warmest wishes to everyone celebrating in the United States and around the world. We know things look a little different this year, but we hope these next eight nights are filled with family, love, and light. Chag Sameach!",False,111093,
1337143047990099969,2020-12-10 21:12:00+00:00,We must prepare to meet the challenges of the future — not keep fighting the wars of the past. https://t.co/MI4uXHUyKG,False,26022,
1337117882367442944,2020-12-10 19:32:00+00:00,"The Georgia Senate runoffs are crucial — it’s why I’ll be traveling there next Tuesday. But we all need to do our part to make sure we win these races. If you’re able, chip in to our new Flip Georgia Fund to help us take back the Senate. https://t.co/BHsyS0Y41i",False,22973,
1337092213063385088,2020-12-10 17:50:00+00:00,"This group will do critical work on behalf of every American.

Their jobs are where rubber meets the road — where governance can make a meaningful difference in people’s lives, advancing prosperity for all Americans. https://t.co/fcKQ7kXQuR",False,16711,
1337063443065675782,2020-12-10 15:55:40+00:00,"RT @Transition46: Working families, veterans, farmers and producers, and those fighting for their place in the middle class will have partn…",False,0,
1337041882879127552,2020-12-10 14:30:00+00:00,"As the United States works to advance human rights around the world, we must also recognize that our task begins here at home. My administration is committed to ensuring every person is free to flourish in a society that values and defends equal justice for all. #HumanRightsDay",False,91957,
1336853141418110983,2020-12-10 02:00:01+00:00,"I have worked closely with Secretary-designate Lloyd Austin. He is the definition of duty, honor, and country. I know that under his leadership, the Department of Defense will advance the security of the American people in ways that always honor our highest values and ideals. https://t.co/OSU6b9Ip0c",False,34987,
1336831747120656384,2020-12-10 00:35:00+00:00,"Secretary-designate Lloyd Austin is feared by our adversaries, respected by our allies, and beloved by the men and women of America’s armed forces.

I am honored to nominate him as the 28th Secretary of Defense. https://t.co/BvFxHXH4v9",False,19460,
1336804258725961728,2020-12-09 22:45:46+00:00,"RT @Transition46: Our national security team will be relentless in keeping our country safe, with a vision on how to tackle the most pressi…",False,0,
1336770593987899394,2020-12-09 20:32:00+00:00,"This pandemic is one of the toughest challenges America has ever faced.

But I know that together we will overcome — and heal — as one nation. https://t.co/S8OeP7HJVH",False,25556,
1336742970435891200,2020-12-09 18:42:14+00:00,"Throughout his lifetime of dedicated service, General Austin has demonstrated exemplary leadership, character, and command. Tune in as I introduce my nominee for Secretary of Defense. https://t.co/cyy5nhtp3b",False,21032,
1336732845402857473,2020-12-09 18:02:00+00:00,"This health team is made up of world-class experts at the top of their fields who are ready on day one to get the pandemic under control so we can get back to work, back to our lives, and back to our loved ones. https://t.co/acwVxRQS6x",False,24378,
1336686791760502785,2020-12-09 14:59:00+00:00,"On day one, I’ll sign an executive order to require masks everywhere I can. https://t.co/ixUbTwHhPk",False,96055,
1336495783038701568,2020-12-09 02:20:00+00:00,"Out of our collective pain, we will find our collective purpose: to control the pandemic, to save lives, and to heal as a nation.",False,180193,
1336480683561140224,2020-12-09 01:20:00+00:00,"Dr. Fauci is trusted, a truth teller, and a patriot. I’m grateful he’ll be a key member of my COVID team as we work to get this virus under control. https://t.co/kFpeuNbXbc",False,43775,
1336456776162529280,2020-12-08 23:45:00+00:00,"Today, I'm announcing key COVID-19 priorities for the first 100 days of my administration:

- Everyone wears a mask
- 100 million vaccinations
- Reopen the majority of schools

With these steps, we can change the course of the disease and change life in America for the better.",False,118207,
1336427835339272203,2020-12-08 21:50:00+00:00,"I know General Austin. I trust him. Because I know how he reacts under pressure.

When ISIS emerged as a terrorist threat, President Obama and I turned to General Austin in the Situation Room and he led us through.

Now, I turn to him again as Secretary of Defense. https://t.co/p65aVc4Nt5",False,25930,
1336413742792323077,2020-12-08 20:54:00+00:00,"In the many hours we've spent together in the Situation Room and with our troops—I've witnessed General Austin's character. 

He shares my belief that we are strongest when we lead not only by the example of our power, but by the power of our example. https://t.co/7TB9X12sjL",False,37389,
1336383784128708609,2020-12-08 18:54:57+00:00,"I need a team that’s ready on day one to contain the pandemic and ensure everyone has access to quality, affordable health care. This is that team. Tune in as I introduce them for the first time. https://t.co/FhbbTa7xEo",False,26964,
1336352841338851356,2020-12-08 16:52:00+00:00,"Chuck Yeager redefined the possible. Where others saw limits, he saw opportunity and never stopped pushing the boundaries of flight. Above all, he was a patriot who dedicated his life to serving our nation. Jill and I are keeping his loved ones in our prayers. https://t.co/2KNzPGxllD",False,24080,
1336308549262200832,2020-12-08 13:56:00+00:00,"There has never been anyone more qualified to be Treasury Secretary than Janet Yellen. Period.

I trust her knowledge and look forward to working with her to build our economy back better. https://t.co/M7E31FPimX",False,49409,
1336128110203449345,2020-12-08 01:59:00+00:00,"Paul Sarbanes and I served together on the Foreign Relations Committee for 30 years. There was no one sharper, more committed, or with firmer principles. And he, too, returned to his family nearly every night. They meant the world to him.

Rest In Peace, Paul. https://t.co/tzekdNb74b",False,26895,
1336054123163234304,2020-12-07 21:05:00+00:00,"Today, we remember those we lost at Pearl Harbor 79 years ago — and we salute those who answered duty’s call with strength and courage. Our nation owes an incredible debt to those who have served and must ensure they and their families receive the care they’ve earned.",False,131113,
1336003791183818753,2020-12-07 17:45:00+00:00,"Dr. Fauci isn't just one of our foremost experts on combating viruses—he is a good man and a tireless public servant. He has served six presidents and led us through some of our toughest challenges.

Our administration, and our country, will be stronger because of his guidance.",False,170372,
1335989451584118790,2020-12-07 16:48:01+00:00,"Georgia — Today is your last day to register to vote in the January runoff. 

Head to https://t.co/RIJ1L4juwB to get registered, and let’s flip the Senate.",False,68116,
1335964029299224578,2020-12-07 15:07:00+00:00,"This team of world-class medical experts and public servants will be ready on day one to implement a full government response to this crisis.

Together, we'll overcome our toughest challenges and make health care a right for all Americans. https://t.co/XscULxoipZ",False,32652,
1335951424119771138,2020-12-07 14:16:54+00:00,"RT @Transition46: Our health team will be ready to combat our most pressing health challenges: containing the pandemic, tackling inequity,…",False,0,
1335758425284874240,2020-12-07 01:30:00+00:00,I promise you this: I will spare no effort — or commitment — to end this pandemic.,False,271768,
1335690479351042057,2020-12-06 21:00:00+00:00,"The dreams of too many Americans have been deferred for too long. 

We must make the promise of this nation real for everybody — no matter their race, identity, ethnicity, or faith.",False,76752,
1335619257376247811,2020-12-06 16:17:00+00:00,"With COVID-19 cases rising across the nation, we need to ramp up our production of personal protective equipment. We have to ensure our brave health care workers have everything they need to safely battle this virus.",False,117308,
1335392513364922370,2020-12-06 01:16:00+00:00,"I know times are tough, the challenges are daunting, but I know we can do this.

We can create an economic recovery for all. We can move from crisis to recovery to resurgence.

This is the United States of America. We’ve done it before — and we will do it again.",False,119648,
1335346208106291206,2020-12-05 22:12:00+00:00,"My dad used to say, “Joey, I don’t expect the government to solve my problems. But I expect it to understand my problems.”

Folks out there aren’t looking for a handout — they just need help. They’re in trouble through no fault of their own, and they need us to understand. https://t.co/V0OCfFXVKT",False,85694,
1335291598666563584,2020-12-05 18:35:00+00:00,"If Congress and President Trump fail to act by the end of December:

- 12 million Americans will lose unemployment benefits
- Emergency paid leave will end
- The moratorium on evictions will expire 

The situation is urgent. Americans need help and they need it now.",False,91466,
1335234975411499008,2020-12-05 14:50:00+00:00,"Our country is in the middle of a dramatic spike in COVID-19 cases. Please wear a mask, keep social distancing, and limit the size of any groups. It’s our patriotic duty as Americans.",False,227883,
1335033648639213569,2020-12-05 01:30:00+00:00,"With less than 50 days until Inauguration Day, now is the perfect time to stock up on gear to celebrate. Head to https://t.co/j1ZK7kQnaE to find everything you need.",False,20177,
1335014774472663043,2020-12-05 00:15:00+00:00,"On the day I’m inaugurated, I’ll call on the public to wear a mask for 100 days.

Let’s keep our fellow Americans safe and save lives. https://t.co/HrMbxNgXrw",False,72881,
1334990866860019712,2020-12-04 22:40:00+00:00,"To everyone who is struggling, I promise you help is on the way. https://t.co/uDcagQAJd2",False,33070,
1334966707769798659,2020-12-04 21:04:00+00:00,"I nominated @neeratanden to lead OMB because she's a brilliant policy mind with experience across government. She will help us control the virus, deal with the economic crisis, and build back better. And above all she believes what I believe: a budget should reflect our values. https://t.co/lDmnvaDwx4",False,20938,
1334955427579084800,2020-12-04 20:19:10+00:00,Tune in as I deliver remarks on the final jobs report of 2020 and the state of our economy. https://t.co/JEvoHosVGv,False,16724,
1334917885978882050,2020-12-04 17:50:00+00:00,"As soon as Dr. Fauci declares we have a safe vaccine, I’ll take it. https://t.co/A3peYhhOvR",False,67210,
1334884265172103170,2020-12-04 15:36:24+00:00,"RT @Transition46: Families across this country need help now.

President-elect Biden will work tirelessly to ensure that families come out…",False,0,
1334860256585928710,2020-12-04 14:01:00+00:00,"Georgia — Our work isn’t over yet.

Register to vote by December 7th, and let’s flip the Senate: https://t.co/eoxT07d7QB https://t.co/zVooYCc615",False,42438,
1334673525655830528,2020-12-04 01:39:00+00:00,It’s time we reward hard work in America — not just wealth.,False,291841,
1334647856645500929,2020-12-03 23:57:00+00:00,"On this International Day of People with Disabilities and every day of the Biden-Harris administration, we'll be fully committed to dignity, equity, and civil rights for all people with disabilities. They'll always have a voice and be at the table for the critical work ahead.",False,89063,
1334582546152235008,2020-12-03 19:37:29+00:00,"RT @Transition46: If we are going to tackle the climate crisis, then solutions must be woven into every aspect of our economic policy.

Bri…",False,0,
1334573366410264577,2020-12-03 19:01:00+00:00,"Once a vaccine is ready and approved, @KamalaHarris and I are going to ensure it’s distributed equitably, efficiently, and free of charge to every American.",False,328431,
1334530332167729154,2020-12-03 16:10:00+00:00,"Yesterday, I spent the afternoon hearing from workers and small business owners on the economic impact COVID-19 has had on their lives. Americans are hurting — it’s why as president, I’ll work to provide immediate relief and get our economy back on track. https://t.co/Cyw0DhJCpP",False,49550,
1334306493328470017,2020-12-03 01:20:32+00:00,"RT @Transition46: .@NeeraTanden understands the struggles that millions of working Americans are facing because she has lived them.

As hea…",False,0,
1334305098453815298,2020-12-03 01:15:00+00:00,With this team — and others who we'll add in the weeks ahead — we'll create a recovery for all and get this economy moving again. https://t.co/zLvqWIwh6R,False,57758,
1334269865947893760,2020-12-02 22:55:00+00:00,"Let us begin the work to heal, unite, and rebuild an economy for all Americans. https://t.co/mEurf9Obdf",False,39730,
1334234952058068993,2020-12-02 20:36:16+00:00,We’re facing the worst economic crisis since the Great Depression — and Americans need immediate relief. Tune in for a discussion with workers and small business owners on how we move forward. https://t.co/mq5uLaJnAB,False,22692,
1334213746013708293,2020-12-02 19:12:00+00:00,"Congratulations to the newest United States Senator @SenMarkKelly. I know he’ll serve the people of Arizona well, and I look forward to working together to build this country back better.",False,133884,
1334156871393968134,2020-12-02 15:26:00+00:00,"From the most unequal economic and jobs crisis in modern history, we can build a new American economy that works for everyone.

But we need to act now — and we have to work together.",False,87240,
1333960074650218496,2020-12-02 02:24:00+00:00,"Today, I was proud to announce key nominations and appointments for critical economic positions in the Biden-Harris administration.

A first-rate team that will get us through the economic crisis and help build our economy back better than before. https://t.co/eSUV6ibiZ1",False,34557,
1333957282502160384,2020-12-02 02:12:54+00:00,RT @Transition46: Statement by President-elect Biden on the U.S. Supreme Court case on the Census. https://t.co/9sFp4pIlJt,False,0,
1333957233948897287,2020-12-02 02:12:42+00:00,"RT @KamalaHarris: Rosa Parks sparked a movement on this day in 1955 when she refused to give up her bus seat. Today, let’s honor her legacy…",False,0,
1333915027821240323,2020-12-01 23:25:00+00:00,"This World AIDS Day, Jill and I join with communities around the globe to remember those we've lost. Because of the hard work of advocates, activists, and frontline workers, an AIDS-free generation is within reach — and my administration will work tirelessly to make it a reality.",False,58419,
1333879041074417664,2020-12-01 21:02:00+00:00,50 days until we make history and can call @KamalaHarris Madam Vice President. https://t.co/bozdb0szND,False,191313,
1333856391841386498,2020-12-01 19:32:00+00:00,My message to everyone struggling right now is this: Help is on the way.,False,533479,
1333833357004664832,2020-12-01 18:00:28+00:00,We need to deliver immediate relief for the American people and build our economy back better than ever. Tune in as I introduce key members of my economic team for the first time. https://t.co/6NNZaaWfA8,False,31786,
1333602971582664704,2020-12-01 02:45:00+00:00,.@TTDAFLCIO President Larry Willis was a relentless champion for working families. Jill and I are keeping his loved ones in our prayers. https://t.co/n3XfhV1EDE,False,15293,
1333586614065369089,2020-12-01 01:40:00+00:00,"Jill and I send our best wishes to everyone celebrating the Hmong New Year. Things look a little different this year, but we hope your festivities are safe and joyous as you mark the possibilities of new beginnings. Nyob Zoo Xyoo Tshiab!",False,111869,
1333570507699085313,2020-12-01 00:36:00+00:00,My administration won’t just build back to the way things were before — we’re going to build back better. We’re going to ensure every single American has a fair shot to get ahead.,False,137819,
1333563414850007048,2020-12-01 00:07:49+00:00,"RT @KamalaHarris: To our Sikh friends across the United States and around the world, @JoeBiden and I send our warmest wishes as you observe…",False,0,
1333466572913041408,2020-11-30 17:43:00+00:00,"We have no time to lose to address the economic crisis we face and build our economy back better.

This team will be ready on Day One to pull every lever of government to help those hardest hit by COVID-19 and right the structural inequalities in our economy. https://t.co/cQ2MqV0mIW",False,28419,
1333427608659386369,2020-11-30 15:08:10+00:00,RT @Transition46: This crisis-tested team will help lift America out of our current economic downturn and build back better—creating an eco…,False,0,
1333418371141005313,2020-11-30 14:31:28+00:00,RT @BidenInaugural: We look forward to sharing updates here about events on January 20th as well as ways for Americans to engage with the I…,False,0,
1333418355185889282,2020-11-30 14:31:24+00:00,"RT @BidenInaugural: Today, we are proud to announce the Presidential Inaugural Committee for the next President and Vice President of the U…",False,0,
1333198053499490304,2020-11-29 23:56:00+00:00,"It’s time to put away the harsh rhetoric, lower the temperature, and listen to each other again.

To make progress, we must stop treating our opponents as our enemy. 

We are not enemies. We are Americans.",False,228197,
1333186739448520705,2020-11-29 23:11:02+00:00,RT @Transition46: President-elect Biden and Vice President-elect Harris today announced new members of the White House staff who will serve…,False,0,
1333088833806630913,2020-11-29 16:42:00+00:00,Let me be clear: Wearing a mask is not about making your life less comfortable or taking something away. It’s to give something back to all of us — a normal life.,False,674436,
1332855798272147457,2020-11-29 01:16:00+00:00,We have to come together as a nation and unite around our shared goal: defeating this virus.,False,286539,
1332783824716009472,2020-11-28 20:30:00+00:00,"I’ve always believed we can define America in one word: Possibilities.

We’re going to build an America where everyone has the opportunity to go as far as their dreams and God-given ability will take them.",False,142463,
1332730472351240192,2020-11-28 16:58:00+00:00,"Small businesses are the backbone of communities across the country — and amid the pandemic, they need our help more than ever. Today, and every day, support your neighbors and strengthen your community by shopping small. #SmallBusinessSaturday https://t.co/MG9fwMi2sQ",False,83581,
1332493158882496512,2020-11-28 01:15:00+00:00,"Each of us has a responsibility in our own lives to do what we can to slow the virus.

Every decision we make matters. Every decision we make can save a life. https://t.co/Rm0bYqh6eH",False,65114,
1332460695015870470,2020-11-27 23:06:00+00:00,"This is our moment — ours together — to write a newer, bolder, more compassionate chapter in the life of our nation.",False,278690,
1332407091953364996,2020-11-27 19:33:00+00:00,"This is the moment where we need to steel our spines, redouble our efforts, and recommit ourselves to the fight against COVID-19.

Let’s remember: We are all in this together. https://t.co/eliNEe7XCL",False,61411,
1332356759994970113,2020-11-27 16:13:00+00:00,"This Native American Heritage Day, we give thanks to our Indigenous communities and their ancestors. As we celebrate their rich heritage and contributions, let’s commit to writing a new future together — one built on a strong partnership and filled with opportunity for all.",False,232030,
1332152665107689475,2020-11-27 02:42:00+00:00,Millions of front line workers — like the firefighters and nurses I called today — worked away from their families on Thanksgiving. Our nation is grateful to all of you. https://t.co/VhHePAEzvx,False,135094,
1332064584740392960,2020-11-26 20:52:00+00:00,Jill and I were honored today to talk to some of the heroes on the front lines of this crisis. We’re thankful today and every day for the nurses and firefighters who sacrifice so much to keep our communities safe. We see the very best of America in your courage and selflessness. https://t.co/5vrIXnZncz,False,101510,
1331962915033903108,2020-11-26 14:08:00+00:00,"Thanksgiving has always been a special time for the Biden family. And while I know this isn’t the way many of us hoped to spend the holiday, the small act of staying home is a gift to our fellow Americans. https://t.co/4mHOEFIcjV",False,253554,
1331778449338462208,2020-11-26 01:55:00+00:00,This Thanksgiving — and in anticipation of all the Thanksgivings to come — let us dream again. Let us commit ourselves to thinking not only of ourselves but of others. https://t.co/FujMmmykUP,False,66922,
1331768724282552326,2020-11-26 01:16:21+00:00,RT @KamalaHarris: Food banks across our nation are struggling to keep up with the demand due to COVID-19. Know that when @JoeBiden and I ar…,False,0,
1331761084873789440,2020-11-26 00:46:00+00:00,"Don’t let yourself surrender to the fatigue.

America is not going to lose the war against this virus. 

We’ll get our lives back. Life is going to return to normal. I promise.",False,174242,
1331744978859552774,2020-11-25 23:42:00+00:00,For those who have lost loved ones — I know this time of year is especially difficult. I will be thinking and praying for each and every one of you at your Thanksgiving table. https://t.co/xlvaCrA1ZT,False,89066,
1331716793149304845,2020-11-25 21:50:00+00:00,We need to remember: We’re at war with a virus — not with each other.,False,777809,
1331687232185372672,2020-11-25 19:52:32+00:00,Tune in as I deliver a Thanksgiving address on the shared sacrifices Americans are making this holiday season and how we'll get through this crisis together. https://t.co/1v8vx05N9K,False,41237,
1331661306819174408,2020-11-25 18:09:31+00:00,"Today, on the International Day for the Elimination of Violence Against Women, I reaffirm my commitment to ending this epidemic. A Biden-Harris administration will take bold action here at home and rejoin global efforts to confront gender-based violence in all its forms.",False,45976,JoeBiden
1331661304512253954,2020-11-25 18:09:30+00:00,"The COVID-19 pandemic has made matters worse, creating a “shadow pandemic” for many women and girls who are largely confined to their home with their abuser and facing economic insecurity that makes escape more difficult.",False,44737,JoeBiden
1331661301509222401,2020-11-25 18:09:30+00:00,"As many as 1 in 3 women is the victim of gender-based violence at some point in her life, and that rate is even higher for women of color, lesbian and bisexual women, transgender individuals, and other members of vulnerable or underserved communities.",False,103460,
1331631229414772738,2020-11-25 16:10:00+00:00,The challenge before us right now is immense — we need bold action to fight this pandemic. That’s why @KamalaHarris and I are getting right to work preparing to get this virus under control.,False,141107,
1331419836325515264,2020-11-25 02:10:00+00:00,"I believe America is strongest when we work with our allies.

It's how we keep this country safe, counter terrorism and extremism, control this pandemic, deal with the climate crisis, and so much more.",False,164680,
1331398445341532161,2020-11-25 00:45:00+00:00,"While this team has unmatched experience and accomplishments, they also reflect the idea that we cannot meet the challenges we face with old thinking or unchanged habits. https://t.co/o9NWy59drg",False,37965,
1331383597685755904,2020-11-24 23:46:00+00:00,"I’ve long said that America leads not by the example of our power, but by the power of our example.

I am proud to put forward this incredible team that will lead by example. https://t.co/mz9twkgcil",False,87696,
1331364473064493056,2020-11-24 22:30:00+00:00,Let’s begin the work to heal and unite America and the world.,False,421961,
1331342325981741056,2020-11-24 21:02:00+00:00,"This team is ready to lead the world, not retreat from it.

Ready to confront our adversaries, not reject our allies.

And ready to stand up for our values. https://t.co/DC0K6cJmpo",False,71082,
1331316908289875972,2020-11-24 19:21:00+00:00,"Despite overt political pressure from the president, over the last 24 hours, MI, PA, and NV certified their results and the GSA began the transition. Still, President Trump has not conceded.

Here’s the latest from my Senior Advisor and former White House Counsel Bob Bauer. https://t.co/BvZEwI1hoH",False,43302,
1331307848647761925,2020-11-24 18:45:00+00:00,America is back.,False,1582600,
1331296970321793024,2020-11-24 18:01:46+00:00,We have no time to lose when it comes to our national security and foreign policy — I need a team that’s ready on day one. Tune in as I introduce key members of that team for the first time. https://t.co/eYC4hDwV05,False,42074,
1331256258603732993,2020-11-24 15:20:00+00:00,"The election is over.

It’s time to put aside the partisanship and the rhetoric designed to demonize one another.

We have to come together.",False,534881,
1331071296235507713,2020-11-24 03:05:01+00:00,https://t.co/6aIgLN2bMk,False,195528,
1331066759735091203,2020-11-24 02:47:00+00:00,"Vice President-elect @KamalaHarris and I spent the afternoon meeting with a bipartisan group of mayors. It was just the start of what I know will be a strong partnership in the months and years ahead. Together, we’re going to beat COVID-19 and build back better. https://t.co/2oiKD7gxAi",False,77398,
1330967606585593857,2020-11-23 20:13:00+00:00,"Today, I’m announcing the first members of my national security and foreign policy team. They will rally the world to take on our challenges like no other—challenges that no one nation can face alone.

It’s time to restore American leadership. I trust this group to do just that. https://t.co/uKE5JG45Ts",False,142099,
1330925173114073088,2020-11-23 17:24:23+00:00,"RT @Transition46: Under the Biden-Harris administration, American national security and foreign policy will be led by experienced professio…",False,0,
1330881290753757184,2020-11-23 14:30:00+00:00,"I pledge to be a president who seeks not to divide, but to unify.

Who doesn’t see red and blue states, but a United States.

And who will work with all my heart to win the confidence of the whole people.",False,403258,
1330194266375720965,2020-11-21 17:00:01+00:00,Anyone who wants a COVID-19 test should be able to get one. Period.,False,969656,
1329939582633250819,2020-11-21 00:08:00+00:00,"This afternoon, @KamalaHarris and I met with @SpeakerPelosi and @SenSchumer to discuss how we’ll get this virus under control, deliver much-needed relief, and build back better than before. 

We’re getting right to work for the American people. https://t.co/jbeNpsimdj",False,168728,
1329878933043515392,2020-11-20 20:07:00+00:00,"Here's the deal: Because President Trump refuses to concede and is delaying the transition, we have to fund it ourselves and need your help.

If you're able, chip in to help fund the Biden-Harris transition. https://t.co/apJMrdpoSS",False,109286,
1329842428816236551,2020-11-20 17:41:56+00:00,Tune in as my team provides an update on the Trump Administration’s efforts to delay ascertainment and how we are moving forward to ensure a smooth transition of power. https://t.co/In0kywJf3a,False,34631,
1329815610180710401,2020-11-20 15:55:22+00:00,"To transgender and gender-nonconforming people across America and around the world: from the moment I am sworn in as president, know that my administration will see you, listen to you, and fight for not only your safety but also the dignity and justice you have been denied.",False,123105,JoeBiden
1329815608469368832,2020-11-20 15:55:22+00:00,"At least 37 transgender and gender-nonconforming people have been killed this year, most of them Black and Brown transgender women. It’s intolerable. This Transgender Day of Remembrance, we honor their lives—and recommit to the work that remains to end this epidemic of violence.",False,277649,
1329803817362198529,2020-11-20 15:08:31+00:00,Tune in as my campaign adviser Bob Bauer provides a post-election legal briefing. https://t.co/exoW4NprD3,False,32277,
1329616705061068807,2020-11-20 02:45:00+00:00,"To the families and friends of those we've lost due to COVID-19 — Jill and I send our love and prayers.

We know how tough it is to find purpose in the memory of the loved one you lost. It will take time — but you will find it, and we will find our purpose as a nation. https://t.co/paD7CcG8ns",False,76696,
1329586757709414408,2020-11-20 00:46:00+00:00,Wearing a mask isn't a political statement — it's a patriotic duty.,False,1155842,
1329567883467259904,2020-11-19 23:31:00+00:00,"This afternoon, @KamalaHarris and I met with a bipartisan group of governors from the @NatlGovsAssoc’s Executive Committee. We might be Democrats and Republicans, but we’re Americans first — and together, we’re going to beat COVID-19. https://t.co/pEkHtf4l4d",False,78954,
1329531656894484480,2020-11-19 21:07:03+00:00,"Throughout the pandemic, our nation’s governors have stepped up to meet the moment. @KamalaHarris and I just met with the @NatlGovsAssoc to discuss how we’ll work together to combat COVID-19. Tune in. https://t.co/YiTjkIStbU",False,36158,
1329225376581652480,2020-11-19 00:50:00+00:00,It’s not enough to praise our essential workers — we have to protect and pay them.,False,707399,
1329206502414958593,2020-11-18 23:35:00+00:00,"The workers on the frontlines of this pandemic are making extraordinary sacrifices every single day. They deserve leaders who will listen and work as hard for them as they are for their communities. As president, that’s exactly what I’ll do. https://t.co/wDu0p3sUQ2",False,105102,
1329130715439525889,2020-11-18 18:33:51+00:00,The health care workers on the frontlines of this pandemic are true heroes. Tune in as we thank them for their work and discuss how a Biden-Harris administration will support them. https://t.co/RpBLnot7Be,False,52381,
1328837822950752259,2020-11-17 23:10:00+00:00,"Today, @KamalaHarris and I met with some of our country's most experienced national security experts to discuss the challenges facing our nation, our institutions, and the world. We're ready to tackle the challenges our administration will inherit on day one. https://t.co/J6DLvnwgM4",False,112149,
1328790008963227649,2020-11-17 20:00:00+00:00,I’m keeping in my prayers all of our friends and neighbors in Hurricane Iota’s path and those impacted by Hurricane Eta across Central America. The increasing frequency of these powerful storms is another reason that fighting climate change will be one of my top priorities.,False,257218,
1328734005404061701,2020-11-17 16:17:28+00:00,RT @Transition46: Our White House senior staff is composed of individuals who demonstrate the President-elect's commitment to building an a…,False,0,
1328474177007972354,2020-11-16 23:05:00+00:00,"Americans want us to cooperate. They want us to deliver results. That’s the choice Kamala and I will make. That's why I am pleased that today we were able to bring together business and labor leaders to make that choice with us.

We’re all Americans. Let’s get to work together.",False,128520,
1328467885279375361,2020-11-16 22:40:00+00:00,"When we build back better, we will do so with higher wages — including a $15 minimum wage — better benefits and stronger collective bargaining rights that you can raise a family on.

That’s how we will build back the middle class better than ever.",False,188413,
1328461593848397827,2020-11-16 22:15:00+00:00,"Right now, Congress should come together and pass a COVID relief package like the HEROES Act that the House passed six months ago. Once we shut down the virus and deliver economic relief to workers and businesses, then we can build back better than ever before.",False,294917,
1328425157229113344,2020-11-16 19:50:13+00:00,Tune in as I deliver remarks on our economic recovery and how my administration plans to build back better in the long term. https://t.co/JOoK9xBRm1,False,41103,
1328338891544387585,2020-11-16 14:07:25+00:00,"Once again, I congratulate the brilliant women and men who produced this breakthrough and have brought us one step closer to beating this virus. I am also thankful for the frontline workers who are still confronting the virus around the clock.",False,120541,JoeBiden
1328338687910928386,2020-11-16 14:06:37+00:00,"Today's news of a second vaccine is further reason to feel hopeful. What was true with the first vaccine remains true with the second: we are still months away. Until then, Americans need to continue to practice social-distancing and mask-wearing to get the virus under control.",False,363327,
1328133691529375751,2020-11-16 00:32:02+00:00,"Congratulations to NASA and SpaceX on today's launch. It’s a testament to the power of science and what we can accomplish by harnessing our innovation, ingenuity, and determination. I join all Americans and the people of Japan in wishing the astronauts Godspeed on their journey.",False,572070,
1328006638809329665,2020-11-15 16:07:10+00:00,"RT @Transition46: On today's anniversary of the Clean Air Act, the task of protecting the air we breathe has never been more urgent or more…",False,0,
1327649998092214273,2020-11-14 16:30:00+00:00,"To the millions of Hindus, Jains, Sikhs, and Buddhists celebrating the Festival of Lights, @DrBiden and I send our best wishes for a #HappyDiwali. May your new year be filled with hope, happiness, and prosperity. Sal Mubarak.",False,577497,
1327418361001676800,2020-11-14 01:09:34+00:00,"I am the president-elect, but will not be president until next year. COVID-19 does not respect dates on the calendar, it is accelerating right now. Urgent action is needed today, now, by the current administration.",False,188535,JoeBiden
1327418359848300545,2020-11-14 01:09:33+00:00,"I am alarmed by the surge in reported COVID-19 infections, hospitalizations, and fatalities. This crisis demands a robust and immediate federal response which has been woefully lacking.",False,404048,
1327394562906542080,2020-11-13 23:35:00+00:00,"As the remnants of Tropical Storm Eta continue to impact the east coast, I encourage everyone in its path to heed the warnings of emergency responders and local officials. Jill and I send our prayers to those facing yet another storm.",False,155824,
1327356814552305664,2020-11-13 21:05:00+00:00,"Today marks five years since the horrific ISIS terrorist attacks in Paris — an assault not just on the people of France but against our common humanity.

As president, I will work to protect Americans and our allies, countering terrorism and extremist violence in all forms.",False,201600,
1326968002839908353,2020-11-12 19:20:00+00:00,"I extend my deep condolences to the loved ones of the peacekeepers, including 6 American service members, who died on Tiran Island, and wish a speedy recovery to the surviving American. I join all Americans in honoring their sacrifice, as I keep their loved ones in my prayers.",False,463069,
1326956772175863810,2020-11-12 18:35:22+00:00,RT @Transition46: President-elect Biden spoke this morning with His Holiness Pope Francis. https://t.co/om635SC3M9 https://t.co/DYuiiphOE0,False,0,
1326955421320450049,2020-11-12 18:30:00+00:00,"Because of the Affordable Care Act:

- People with pre-existing conditions are protected
- More than 20 million Americans gained coverage
- Nearly 12 million seniors have had their prescription drug costs reduced

Now more than ever, we have to protect and build on it. https://t.co/Vl5yliyUFm",False,97464,
1326696150364286976,2020-11-12 01:19:45+00:00,"Ron Klain’s deep, varied experience and capacity to work with people all across the political spectrum is precisely what I need in a White House chief of staff as we confront this moment of crisis and bring our country together again. https://t.co/s4XlAgMrxf",False,194550,
1326638331204038656,2020-11-11 21:30:00+00:00,"This Veterans Day, I feel the full weight of the honor and the responsibility that has been entrusted to me by the American people as the next president, and I vow to honor our country’s sacred obligation. https://t.co/BuynOGvSO0",False,271873,
1326557341697839106,2020-11-11 16:08:11+00:00,"Today, we honor the service of those who have worn the uniform of the Armed Forces of the United States. 

To our proud veterans—I will be a commander in chief who respects your sacrifice, understands your service, and will never betray the values you fought so bravely to defend.",False,337424,
1326344141446373376,2020-11-11 02:01:00+00:00,We are going to build a health care system that puts you and your family first — and that every American can be proud of.,False,403466,
1326325015290273792,2020-11-11 00:45:00+00:00,"If you’re sick, if you’re struggling, if you’re worried about how you’re going to get through the day — we will not abandon you.

We will not leave you to face these challenges alone. https://t.co/eZUHaFE5bl",False,178206,
1326306141056364544,2020-11-10 23:30:00+00:00,"When I’m speaking to foreign leaders, I’m telling them: America is going to be back. We’re going to be back in the game.",False,586747,
1326284750420643846,2020-11-10 22:05:00+00:00,"Come January, we will work quickly with Congress to dramatically ramp up health care protections, get America to universal coverage, and lower health care costs.",False,281881,
1326279066140467201,2020-11-10 21:42:25+00:00,"RT @Transition46: Today, President-elect Joe Biden took part in separate congratulatory calls with the leaders of France, Germany, Ireland,…",False,0,
1326272198659645440,2020-11-10 21:15:07+00:00,Tune in as my campaign provides a post-election legal briefing. https://t.co/vApRDU8lTR,False,39881,
1326266378991542272,2020-11-10 20:52:00+00:00,"Beginning on January 20th, Vice President-elect Harris and I are going to do everything in our power to ease the burden of health care on you and your families.",False,411812,
1326245116462260224,2020-11-10 19:27:30+00:00,"Today, the Trump Administration is in court, attempting to eliminate the Affordable Care Act. Tune in as I discuss how my administration will expand access to quality, affordable health care. https://t.co/JB5uwBTKnd",False,69741,
1326214285949865986,2020-11-10 17:25:00+00:00,".@KamalaHarris and I aren’t wasting any time. We’re ready to get COVID-19 under control so that we can reopen our businesses and schools safely, resume our lives, and put this pandemic behind us. https://t.co/65C1XfR9rR",False,236751,
1325906004912037895,2020-11-09 21:00:00+00:00,"Let's get to work, @KamalaHarris. https://t.co/uYe2EsmaFa",False,391735,
1325890910635384839,2020-11-09 20:00:01+00:00,"I won't be president until January 20th, but my message today to everyone is this: wear a mask.",False,1400783,
1325885871875190784,2020-11-09 19:40:00+00:00,The bottom line: I will spare no effort to turn this pandemic around.,False,450485,
1325880083618426881,2020-11-09 19:17:00+00:00,"The challenge before us right now is still immense and growing, and so is the need for bold action to fight this pandemic.",False,228459,
1325873288711712769,2020-11-09 18:50:00+00:00,"My COVID-19 Transition Advisory Board will advise on detailed plans built on a bedrock of science, and that keep compassion, empathy, and care for every American at its core.",False,182208,
1325870017401905152,2020-11-09 18:37:00+00:00,"Today, I have named a COVID-19 Transition Advisory Board, comprised of distinguished public health experts, to help our transition team translate the Biden-Harris COVID-19 plan into a blueprint we can put into place as soon as @KamalaHarris and I are sworn into office.",False,323342,
1325842292444291072,2020-11-09 16:46:50+00:00,I spent the morning with the co-chairs of my COVID-19 Council discussing the status of this pandemic and how we move forward. Tune in as I provide an update on how we're going to beat this virus. https://t.co/VVGHZNnUFY,False,129875,
1325821740258365441,2020-11-09 15:25:10+00:00,RT @Transition46: Statement by President-elect Biden on Pfizer's vaccine progress: https://t.co/eOiLZnqO8N,False,0,
1325445063669936129,2020-11-08 14:28:23+00:00,"RT @Transition46: We stand together as one America. We will rise stronger than we were before.

https://t.co/97NKAZksSL https://t.co/PRvzyg…",False,0,
1325261759456874499,2020-11-08 02:20:00+00:00,From the bottom of my heart: thank you. https://t.co/s76oHFkr66,False,680338,
1325259242631274496,2020-11-08 02:10:00+00:00,"A nation united.

A nation strengthened.

A nation healed.

The United States of America.",False,866327,
1325258739318927361,2020-11-08 02:08:00+00:00,"With full hearts and steady hands, with faith in America and in each other, with a love of country — and a thirst for justice — let us be the nation that we know we can be.",False,588369,
1325257984562192385,2020-11-08 02:05:00+00:00,"Tonight, the whole world is watching America. I believe at our best America is a beacon for the globe.

And we lead not by the example of our power, but by the power of our example.",False,318511,
1325257229625421825,2020-11-08 02:02:00+00:00,"Especially for those moments when this campaign was at its lowest — the African American community stood up again for me. They always have my back, and I’ll have yours.",False,448074,
1325256474415800322,2020-11-08 01:59:00+00:00,"I believe that this is part of the mandate from the American people. They want us to cooperate.

That’s the choice I’ll make. And I call on the Congress — Democrats and Republicans alike — to make that choice with me.",False,133904,
1325255719336243200,2020-11-08 01:56:00+00:00,"Now that the campaign is over—what is the people’s will? What is our mandate?

I believe it is this: Americans have called on us to marshal the forces of decency and the forces of fairness. To marshal the forces of science and the forces of hope in the great battles of our time.",False,232965,
1325254964415881216,2020-11-08 01:53:00+00:00,"We cannot repair the economy, restore our vitality, or relish life’s most precious moments — hugging a grandchild, birthdays, weddings, graduations, all the moments that matter most to us — until we get this virus under control.",False,271963,
1325254461049073664,2020-11-08 01:51:00+00:00,"The Bible tells us that to everything there is a season — a time to build, a time to reap, a time to sow. And a time to heal.

This is the time to heal in America.",False,337321,
1325254209613123584,2020-11-08 01:50:00+00:00,"It’s time to put away the harsh rhetoric.

To lower the temperature.

To see each other again.

To listen to each other again.",False,243059,
1325253706061926401,2020-11-08 01:48:00+00:00,"To all those who volunteered, worked the polls in the middle of this pandemic, local election officials — you deserve a special thanks from this nation.",False,218938,
1325253454571270144,2020-11-08 01:47:00+00:00,"For America’s educators, this is a great day: You’re going to have one of your own in the White House, and Jill is going to make a great First Lady.",False,664526,
1325253203022241792,2020-11-08 01:46:00+00:00,"I pledge to be a President who seeks not to divide, but to unify.

Who doesn’t see Red and Blue states, but a United States.

And who will work with all my heart to win the confidence of the whole people.",False,293970,
1325252951124762625,2020-11-08 01:45:00+00:00,"Folks, the people of this nation have spoken.

They have delivered us a clear victory. A convincing victory.

A victory for “We the People.”",False,244908,
1325247969780621317,2020-11-08 01:25:12+00:00,A new day in America has come. Tune in as Vice President-Elect @KamalaHarris and I address the nation. https://t.co/d38F58DHu8,False,133379,
1325129452100100098,2020-11-07 17:34:15+00:00,"RT @KamalaHarris: We did it, @JoeBiden. https://t.co/oCgeylsjB4",False,0,
1325118992785223682,2020-11-07 16:52:42+00:00,"America, I’m honored that you have chosen me to lead our great country.

The work ahead of us will be hard, but I promise you this: I will be a President for all Americans — whether you voted for me or not.

I will keep the faith that you have placed in me. https://t.co/moA9qhmjn8",False,3098714,
1324926298762870785,2020-11-07 04:07:00+00:00,"We may be opponents — but we are not enemies. 

We are Americans.",False,1001950,
1324925795991609348,2020-11-07 04:05:00+00:00,We have to remember the purpose of our politics isn’t totally unrelenting warfare.,False,339381,
1324925040660393987,2020-11-07 04:02:00+00:00,"I know tensions can be high after a tough election like we just had.

But we need to remain calm. Patient. And let the process work out as we count all the votes.",False,346621,
1324924538749026306,2020-11-07 04:00:00+00:00,"We are going to be the first Democrats to win Arizona in 24 years.

We are going to be the first Democrats to win Georgia in 28 years.

And we re-built the Blue Wall in the middle of the country that crumbled just four years ago.",False,314803,
1324924285631176704,2020-11-07 03:59:00+00:00,"What is becoming clearer each hour is that record numbers of Americans — from all races, faiths, regions — chose change over more of the same. 

They have given us a mandate for action on COVID and the economy and climate change and systemic racism.",False,207385,
1324923025138049027,2020-11-07 03:53:59+00:00,The numbers tell us a clear and convincing story: We're going to win this race.,False,778108,
1324921258845204480,2020-11-07 03:46:58+00:00,Tune in as I address the nation on the current state of the race. https://t.co/w0er4issEk,False,88558,
1324531952230289408,2020-11-06 02:00:00+00:00,"Donald Trump is going to court to stop votes from being counted. We have assembled the largest election protection effort in history to fight back and need your help.

Chip in to make sure every vote is counted: https://t.co/ksrwxu9nDE",False,209875,
1324521884394921985,2020-11-06 01:20:00+00:00,"Keep the faith, folks.",False,901075,
1324511817658441728,2020-11-06 00:40:00+00:00,"No one is going to take our democracy away from us. Not now, not ever.

America has come too far, fought too many battles, and endured too much to let that happen.",False,534901,
1324490426649317376,2020-11-05 23:15:00+00:00,"The people will not be silenced, be bullied, or surrender.

Every vote must be counted.",False,527654,
1324469173297303552,2020-11-05 21:50:33+00:00,I spent the afternoon attending briefings on the ongoing COVID-19 crisis and the state of the economy. Tune in as I provide an update on these briefings and efforts to count every vote. https://t.co/duoDWfzf5C,False,134198,
1324467777470558208,2020-11-05 21:45:00+00:00,"I ask people to stay calm. 
The process is working. 
The count is being completed.",False,524978,
1324465078243151885,2020-11-05 21:34:16+00:00,"Democracy is sometimes messy, so sometimes it requires a little patience. 

But that patience has been rewarded now for more than 240 years with a system of governance that has been the envy of the world.",False,265308,
1324445128434438145,2020-11-05 20:15:00+00:00,We’re fighting to ensure every last vote is counted across the country — and we need your help to do it. Chip in to the Biden Fight Fund to fuel our election protection efforts: https://t.co/VsuxvtqAFa,False,75449,
1324430028860493826,2020-11-05 19:15:00+00:00,"Let me be clear: I campaigned as a proud Democrat, but I will govern as an American president. https://t.co/Mv5hHI2Rb3",False,368721,
1324406121721786369,2020-11-05 17:40:00+00:00,"Be patient, folks. Votes are being counted, and we feel good about where we are.",False,848281,
1324384344962592769,2020-11-05 16:13:28+00:00,"As votes continue to be counted across the country, tune in as my campaign manager @jomalleydillon and campaign adviser Bob Bauer give an update on where things stand. https://t.co/sKReFhHU5j",False,53414,
1324341948568621056,2020-11-05 13:25:00+00:00,Every vote must be counted. https://t.co/kWLGRfeePK,False,215675,
1324187178688196609,2020-11-05 03:10:00+00:00,"Donald Trump does not decide the outcome of this election and nor do I. The American people decide. That’s why we’ve launched the Biden Fight Fund — to ensure every vote is counted.

Chip in to help fund our election protection efforts across the country: https://t.co/ps6VhGy0m5",False,147905,
1324179628932562944,2020-11-05 02:40:00+00:00,"I’m confident that we will emerge victorious.

But this will not be my victory alone.

It will be a victory for the American people. https://t.co/ZqJBVsQuQf",False,229912,
1324172079025934336,2020-11-05 02:10:00+00:00,"It’s clear that when the count is finished, we believe we will be the winners. https://t.co/qVk0igZlrF",False,255012,
1324158992877154310,2020-11-05 01:18:00+00:00,"Today, the Trump Administration officially left the Paris Climate Agreement. And in exactly 77 days, a Biden Administration will rejoin it. https://t.co/L8UJimS6v2",False,722273,
1324136846826364929,2020-11-04 23:50:00+00:00,"Keep faith in the process and in each other. Together, we will win this.",False,651648,
1324115456190459911,2020-11-04 22:25:00+00:00,"I am confident we will emerge victorious, but this will not be my victory or our victory alone. It will be a victory for the American people, for our democracy, for America.",False,490379,
1324112939310264322,2020-11-04 22:15:00+00:00,"To make progress, we have to stop treating our opponents as enemies. We are not enemies.",False,590168,
1324110423411490816,2020-11-04 22:05:00+00:00,"Once this election is finalized and behind us, it will be time for us to do what we've always done as Americans: To put the harsh rhetoric of the campaign behind us.",False,276323,
1324107906246086656,2020-11-04 21:55:00+00:00,"Every vote must be counted. No one is going to take our democracy away from us, not now, not ever.",False,471536,
1324105390049488896,2020-11-04 21:45:00+00:00,"The presidency, itself, is not a partisan institution. It's the one office in the nation that represents everyone and it demands a duty of care for all Americans, and that is precisely what I will do.",False,263808,
1324103124768882689,2020-11-04 21:36:00+00:00,"Power can't be taken or asserted, it flows from the people, and it's their will that determines who will be the President of the United States.",False,493022,
1324095643116163072,2020-11-04 21:06:16+00:00,Tune in as I address the nation on the state of the race. https://t.co/00QtuYAiI7,False,83898,
1324066382846320641,2020-11-04 19:10:00+00:00,Count every vote.,False,1082447,
1324062214412767232,2020-11-04 18:53:26+00:00,RT @TeamJoe: Here are the facts... https://t.co/UgZ5bDqLU2,False,0,
1324057905667149826,2020-11-04 18:36:19+00:00,"To make sure every vote is counted, we’re setting up the largest election protection effort ever assembled. Because Donald Trump doesn’t get to decide the outcome of this election — the American people do.

Chip in to power the new Biden Fight Fund: https://t.co/1hCoKB0QfP",False,178510,
1324006410745569282,2020-11-04 15:11:41+00:00,We won't rest until everyone's vote is counted. Tune in as my campaign manager @jomalleydillon and campaign adviser Bob Bauer give an update on where the race stands. https://t.co/Rwz4iR25B3,False,101045,
1323868327744253952,2020-11-04 06:03:00+00:00,We feel good about where we are. We believe we are on track to win this election.,False,638299,
1323867320826109954,2020-11-04 05:59:00+00:00,It's not my place or Donald Trump's place to declare the winner of this election. It's the voters' place.,False,698865,
1323865811031785472,2020-11-04 05:53:00+00:00,"Keep the faith, guys. We’re gonna win this.",False,1792829,
1323862422084493312,2020-11-04 05:39:32+00:00,"Tune in as I speak to the nation live from Wilmington, Delaware. https://t.co/ye8knRucoz",False,59998,
1323813103012818946,2020-11-04 02:23:33+00:00,"RT @TeamJoe: CONDADO DE CLARK, NV 🚨 En algunos lugares, el horario de votación se ha extendido UNA hora hasta las 8 PM. Si estás en la fila…",False,0,
1323813088102146049,2020-11-04 02:23:30+00:00,"RT @TeamJoe: 🚨 CLARK COUNTY, NV 🚨 Polling hours have been extended in some locations by ONE hour to 8PM. If you’re in line by 8PM you can s…",False,0,
1323810798129610762,2020-11-04 02:14:24+00:00,"RT @TeamJoe: 🚨 EL CONDADO DE MARICOPA 🚨 ¿Estás en fila para votar?, quédate ahí. Si llegaste a la fila antes de las 7PM, ¡tienes garantizad…",False,0,
1323803877838364672,2020-11-04 01:46:54+00:00,"RT @TeamJoe: 🚨 MARICOPA COUNTY 🚨 waiting in line to vote? Stay put — if you’re in line before 7 PM, you are guaranteed your right to vote!…",False,0,
1323790702577373184,2020-11-04 00:54:32+00:00,"RT @TeamJoe: New Hampshire, if you are waiting at the polls — stay in line! If you’re in line, you are guaranteed your right to vote. RT to…",False,0,
1323788300176388096,2020-11-04 00:45:00+00:00,"Stay in line, folks.",False,686792,
1323770935728607237,2020-11-03 23:36:00+00:00,"As polls begin to close in certain parts of the country, remember to stay in line. 

If you’re in line at your polling place before it closes, you’re able to vote. https://t.co/qUpn30B8mj",False,108470,
1323761880234553346,2020-11-03 23:00:01+00:00,"Folks, time is running out to make your voice heard in this election. If you haven’t voted yet, go to https://t.co/EcbUdX2aPs to find your polling place and head there as soon as you can.",False,35882,
1323753975221522433,2020-11-03 22:28:36+00:00,"This is our moment to prove that:

Love is more powerful than hate.
Hope is more powerful than fear.
Light is more powerful than dark.

Vote before polls close: https://t.co/eoxT07d7QB",False,177406,
1323747783732535300,2020-11-03 22:04:00+00:00,"Let's win this thing, Pennsylvania! https://t.co/jmCXbuL5V3",False,188974,
1323739479069392904,2020-11-03 21:31:00+00:00,"Who we are. What we stand for. Who we are going to be.

It's all at stake — and you have the power to determine the outcome.

Vote before polls close: https://t.co/eoxT07d7QB https://t.co/hmv0MGtr5P",False,52153,
1323731677202567169,2020-11-03 21:00:00+00:00,"Today is your absolute last chance to vote in this election. If you haven’t voted early, I need you to vote today and stay in line as long as it takes. Our democracy is at stake. Go to https://t.co/EcbUdXjMe2 to find your polling location. https://t.co/igwKdFba98",False,32526,
1323728652148891651,2020-11-03 20:47:59+00:00,"RT @KamalaHarris: ☎️ 1 (833) 336-8683 ☎️ 

If you have any questions or concerns about voting, call our hotline. Our team of volunteers are…",False,0,
1323727125380288513,2020-11-03 20:41:55+00:00,"RT @BarackObama: This Election Day, everything is on the line. Our jobs. Our health care. Whether or not we get this pandemic under control…",False,0,
1323725896017203207,2020-11-03 20:37:01+00:00,"RT @realGpad: Despite what we’re still going through after 9 months, Trump continues to diminish the pain felt by so many who have lost lov…",False,0,
1323722695297695745,2020-11-03 20:24:18+00:00,"This is our moment to choose:

Hope over fear.
Unity over division.
Science over fiction.
Truth over lies.

Vote: https://t.co/eoxT07d7QB",False,146309,
1323719094290452480,2020-11-03 20:10:00+00:00,"Votar es tu derecho. Si tienes alguna pregunta, llama a la línea directa de asistencia al votante al 1-866-296-8686. https://t.co/D5hnXcgEtq",False,14759,
1323714564219961350,2020-11-03 19:52:00+00:00,"Every moment of the last four years comes down to today.

Don’t miss your chance to make your voice heard.

Head to https://t.co/EcbUdXjMe2 to confirm your polling place and go vote before polls close.",False,26913,
1323706008200376320,2020-11-03 19:18:00+00:00,"Let’s make history, @KamalaHarris. https://t.co/JKF6spZZd0",False,338537,
1323702988381122560,2020-11-03 19:06:00+00:00,"Where is your polling location?
When do polls close?
What do you need to bring to the polls?
Where can you drop off your absentee ballot?

Head to https://t.co/eoxT07uII9 to find all the information you need to make your voice heard today.",False,16077,
1323698268551942145,2020-11-03 18:47:15+00:00,RT @KamalaHarris: The 2016 election was lost by small margins in a few key battleground states. We need your help to remind voters what’s a…,False,0,
1323694683516788738,2020-11-03 18:33:00+00:00,"Before he passed, John Lewis left us with marching orders.

Today, we must carry them out: https://t.co/eoxT07d7QB https://t.co/QmUjLz9TBl",False,48775,
1323686386956791808,2020-11-03 18:00:02+00:00,"We are in a battle for the soul of the nation.

And you have the ultimate power to determine the outcome: your vote. 

Use it. https://t.co/9rMqqkrmdT",False,29041,
1323683519244230657,2020-11-03 17:48:38+00:00,"RT @TeamJoe: FLINT, MI! Today is the last day to vote. Confirm your polling location by going to https://t.co/XL8fO5SXJr, and head to the p…",False,0,
1323680338976010240,2020-11-03 17:36:00+00:00,Many states have same-day voter registration. Head to https://t.co/eoxT07uII9 to see if your state allows you to register before voting today and make your voice heard.,False,20333,
1323671782969102336,2020-11-03 17:02:00+00:00,"Folks, it’s go time.

It’s time to restore the soul of this nation.

It’s time to stand up and take our democracy back.

It’s time to vote. https://t.co/eoxT07uII9",False,62530,
1323662679072862208,2020-11-03 16:25:49+00:00,"Today, the American people will choose the next president. Tune in as my campaign manager @jomalleydillon and campaign adviser Bob Bauer give another update on what you can expect as voting continues. https://t.co/P2wFXeuWWI",False,16005,
1323649133710770176,2020-11-03 15:32:00+00:00,"Voting is your right. If you have questions, reach out to the Voter Assistance Hotline at 1-833-336-8683. https://t.co/CkLIJGOKt6",False,48088,
1323646695171870721,2020-11-03 15:22:18+00:00,"RT @DrBiden: This is it. Over the next few hours, we will decide our future. It's up to us.

If you haven't voted yet, go to https://t.co/z…",False,0,
1323635543666667520,2020-11-03 14:38:00+00:00,"As you head to the polls today, here are a few things to keep in mind. https://t.co/BYdQDLHCLx",False,41750,
1323626012400377859,2020-11-03 14:00:07+00:00,"We can overcome these crises.

We can take our country back.

We can win the battle for the soul of the nation.

It all begins today. Confirm your polling place at https://t.co/EcbUdXjMe2 and go vote. Let’s do this — together.",False,49387,
1323614656158560256,2020-11-03 13:15:00+00:00,"Today, vote for a new day in America. https://t.co/WzarlQ8JDI",False,91756,
1323603835114328064,2020-11-03 12:32:00+00:00,"In 2008 and 2012, you placed your trust in me to help lead this country alongside Barack Obama.

Today, I’m asking for your trust once again — this time, in Kamala and me.

We can heal the soul of this nation — I promise we won’t let you down.

https://t.co/eoxT07uII9 https://t.co/VwZkmZ53F4",False,166722,
1323592258617188352,2020-11-03 11:46:00+00:00,"It all comes down to this.

Go vote: https://t.co/eoxT07uII9 https://t.co/0Sj7qlj5Bl",False,120684,
1323581437459734529,2020-11-03 11:03:00+00:00,"It’s Election Day. Go vote, America!",False,682324,
1323520285685899264,2020-11-03 07:00:00+00:00,Let's bring this home. https://t.co/tDQ2T0LCbQ,False,161948,
1323516509491138562,2020-11-03 06:45:00+00:00,"I’m running as a proud Democrat, but I will govern as an American president.

I will work with Democrats and Republicans, and I’ll work as hard for those who don’t support me as for those who do.

Because that’s the job of a president.",False,104705,
1323512734781067265,2020-11-03 06:30:00+00:00,"Under President Trump:

- Over 230,000 Americans have died from COVID-19
- 30 million people have lost hours, paychecks, or jobs
- Nearly one in five small businesses have closed

Are you better off than you were four years ago?",False,49837,
1323508959706292224,2020-11-03 06:15:00+00:00,"As president, I will:

– Rebuild our infrastructure
– Combat climate change
– Create millions of good-paying, union jobs

It’s time to build back better –– together. https://t.co/Mb9dvTcuKH",False,25491,
1323505184841080832,2020-11-03 06:00:00+00:00,"If we give Donald Trump another four years in the White House, our planet will never recover.",False,249297,
1323501409694830592,2020-11-03 05:45:00+00:00,"Everybody knows who Donald Trump is.

Let’s show them who we are.

We choose hope over fear. Unity over division. Science over fiction. And truth over lies.",False,125129,
1323498138536013825,2020-11-03 05:32:00+00:00,Los Dreamers son estadounidenses y ya es hora de que sea oficial.,False,112012,
1323497131517378560,2020-11-03 05:28:00+00:00,Dreamers are Americans — and it’s time we make it official.,False,296041,
1323493860035670022,2020-11-03 05:15:00+00:00,"If we give Donald Trump another four years in the White House, he will forever alter the character of our nation.

We can’t let that happen.",False,102773,
1323491343709036546,2020-11-03 05:05:00+00:00,"I believe health care is a right for all.

Donald Trump believes it's a privilege for the few.

It's that simple, folks.",False,70482,
1323487568487452672,2020-11-03 04:50:00+00:00,"Tomorrow, let's send a clear message to Donald Trump: time to pack your bags and go home. https://t.co/3ApUpY9kBV",False,57137,
1323483793806790657,2020-11-03 04:35:00+00:00,"I believe LGBTQ+ rights are human rights — and they are on the ballot tomorrow.

Vote: https://t.co/eoxT07d7QB https://t.co/b5YcKNEpWI",False,99785,
1323480103125397504,2020-11-03 04:20:20+00:00,"RT @KamalaHarris: Take a breath. Set your alarm. Try to get a good night’s rest.

We got this. https://t.co/cJOFd81rW4",False,0,
1323480018727612422,2020-11-03 04:20:00+00:00,"Tomorrow is Election Day. I took a moment to reflect on some of my favorite stories and photos from the past year and a half.

Take a look: https://t.co/RKvVwr2J8q",False,17037,
1323476965312126976,2020-11-03 04:07:52+00:00,"I’m Joe Biden, and I’m asking for your vote.

https://t.co/eoxT07d7QB",False,202047,
1323473727447654400,2020-11-03 03:55:00+00:00,I’ve said it many times: I’m more optimistic about America’s future today than I was when I got elected to the United States Senate as a 29-year-old.,False,73368,
1323471210785599488,2020-11-03 03:45:00+00:00,"Young people have the power to own the outcome of this election.

Use it: https://t.co/eoxT07uII9 https://t.co/u37NbIEjwC",False,22482,
1323468541476163586,2020-11-03 03:34:23+00:00,"RT @KamalaHarris: Your vote is your voice, and your voice is your power.

Don’t let anyone take away your power. 
Now is the time to stand…",False,0,
1323468473889153026,2020-11-03 03:34:07+00:00,RT @TeamJoe: Earlier today @jomalleydillon spoke to folks across the country about what they can expect tomorrow. The bottom line? If we tu…,False,0,
1323467436600025088,2020-11-03 03:30:00+00:00,Let’s restore honor and decency to the White House.,False,291086,
1323463661235642369,2020-11-03 03:15:00+00:00,Donald Trump will always fight for his wealthy and well-connected friends. I’ll always fight for you.,False,118529,
1323459889029619712,2020-11-03 03:00:00+00:00,"Who we are. What we believe. Who we want to be. It’s all at stake tomorrow.

Vote. https://t.co/eoxT07d7QB",False,24386,
1323457369670512641,2020-11-03 02:50:00+00:00,"After tonight's horrific terrorist attack in Vienna, Austria, Jill and I are keeping the victims and their families in our prayers. We must all stand united against hate and violence.",False,94384,
1323454098025320448,2020-11-03 02:37:00+00:00,"President Trump ignored the pandemic playbook that President Obama and I left him, so we decided to bring it back out and go over what he missed. https://t.co/ZHq5OCZwaN",False,42922,
1323419193778188288,2020-11-03 00:18:18+00:00,"In less than 12 hours, voters will head to the polls for the most important election in our lifetimes. It all comes down to this. Join us for our final rally before Election Day. https://t.co/dnZhE1CY02",False,31116,
1323409554567094272,2020-11-02 23:40:00+00:00,"Donald Trump is the most corrupt president in modern history.

Donald Trump is the most racist president in modern history.

Donald Trump is the worst jobs president in modern history.

Why would we give him another four years?",False,195964,
1323404521523982338,2020-11-02 23:20:00+00:00,"The power to change this country is in your hands.

Vote: https://t.co/eoxT07uII9 https://t.co/fwxrJWjs7U",False,18242,
1323400746939883522,2020-11-02 23:05:00+00:00,"Here’s the truth: Donald Trump inherited a growing economy from President Obama and me. And just like everything else he’s inherited in life, he squandered it.",False,247413,
1323399824046252033,2020-11-02 23:01:20+00:00,"RT @TeamJoe: WISCONSIN 🧀 VOTING ALERT: If you haven’t returned your mail-in ballot, we strongly recommend you vote in-person tomorrow. Conf…",False,0,
1323391493885718528,2020-11-02 22:28:14+00:00,I’m speaking with members of the African American community in Pittsburgh about the power of the vote — and the future we can build together. Tune in. https://t.co/1wFBiLoCWu,False,12566,
1323390735207550976,2020-11-02 22:25:13+00:00,"RT @TeamJoe: .@ladygaga will give you a million reasons to vote for @JoeBiden and @KamalaHarris!

We are so excited to have Gaga on the tra…",False,0,
1323383130435260419,2020-11-02 21:55:00+00:00,"When America votes, America will be heard. And when America is heard, I believe the message is going to be loud and clear: It’s time for Donald Trump to leave the White House.",False,134237,
1323376838874484738,2020-11-02 21:30:00+00:00,"A Biden-Harris administration will:

- Implement nationwide mask mandates
- Ensure access to regular, reliable, and free testing
- Accelerate the development and distribution of safe and effective treatments and vaccines

We won’t waste any time getting this virus under control.",False,55570,
1323373064277680128,2020-11-02 21:15:00+00:00,"Health care. 
Civil rights.
Climate change. 
Economic inequality. 
Racial justice.
The Supreme Court.
Our democracy.

They’re all at stake. Vote. https://t.co/eoxT07d7QB",False,25631,
1323369292499484684,2020-11-02 21:00:01+00:00,"Together, we're going to rebuild our economy. And when we do, we'll not only build it back — we'll build it back better.",False,78008,
1323365514400464897,2020-11-02 20:45:00+00:00,"You have the power to own the outcome of this election and determine the course of our country for generations to come.

Make your plan to vote: https://t.co/uoiVh9ZqzI https://t.co/RG2iIIEyWs",False,18653,
1323362494753075201,2020-11-02 20:33:00+00:00,"It’s go time, America.

https://t.co/eoxT07uII9 https://t.co/5Hxi1E8CVe",False,26203,
1323357964737089540,2020-11-02 20:15:00+00:00,"In public, President Trump compared COVID-19 to the flu and suggested people inject bleach to treat it.

In private, he told Bob Woodward it was deadlier than the flu and that he wanted to downplay it.

It’s unthinkable.",False,60976,
1323354189876125696,2020-11-02 20:00:00+00:00,"I have always believed you can define America in one word: possibilities. And I refuse to postpone those possibilities any longer.

There is so much we can achieve as a nation with Donald Trump out of the White House.",False,48787,
1323345575526297600,2020-11-02 19:25:46+00:00,"I'm in Beaver County, Pennsylvania, to thank some of our incredible volunteers for all their hard work. Tune in — and then sign up to help: https://t.co/VUXqFt8uvT https://t.co/iufd7btpcO",False,11799,
1323344123873710081,2020-11-02 19:20:00+00:00,"Are you still undecided about who to vote for or know someone who is? My team put together some cheat sheets to show where Donald Trump and I stand on the issues to help you out. Take a look, and then share them with family and friends. https://t.co/DyTRJ38XPT",False,64983,
1323340422794645505,2020-11-02 19:05:17+00:00,"We only get one opportunity to vote out Donald Trump — and we can’t leave anything to chance.

Vote: https://t.co/eoxT07d7QB
Volunteer: https://t.co/WSKsQEip4U
Donate: https://t.co/FGzADMacLc

Let’s get the job done.",False,25100,
1323336825306402816,2020-11-02 18:51:00+00:00,"Mask up and vote.

https://t.co/eoxT07uII9 https://t.co/Z1gz3AkbgW",False,104894,
1323326718426320899,2020-11-02 18:10:50+00:00,Tune in as my campaign manager @jomalleydillon and campaign adviser Bob Bauer discuss what to expect on Election Night. https://t.co/5E8k22TbOG,False,7585,
1323320216038776832,2020-11-02 17:45:00+00:00,"We have one shot. One opportunity. One moment.

Don’t miss the chance — vote. https://t.co/6khzdLyIjL",False,164079,
1323317447823273985,2020-11-02 17:34:00+00:00,"Tomorrow, the American people get their say and will choose the next President. This afternoon, my campaign manager @jomalleydillon and campaign adviser Bob Bauer will sit down to discuss what you can expect as the results come in. You can watch right here on Twitter at 1 PM ET. https://t.co/FAEpxUJs4s",False,11574,
1323306919461756930,2020-11-02 16:52:10+00:00,One day left — and we're leaving it all on the field. Tune in as we get out the vote in Cleveland. https://t.co/GM62WxKTIc,False,13915,
1323299670580449281,2020-11-02 16:23:21+00:00,"We’re just one day away from the most important election of our lifetimes — and we need your help to get voters to the polls.

Sign up to volunteer today: https://t.co/WSKsQEip4U",False,27529,
1323297566726017024,2020-11-02 16:15:00+00:00,"Climate change isn't a hoax –– it's a threat to millions of Americans like Velma and Amirah.

We have to vote out Donald Trump tomorrow and take urgent action to combat this crisis. https://t.co/Lg9fvFlVg9",False,16430,
1323291275613757442,2020-11-02 15:50:00+00:00,This is my commitment to you: We will make sure every American has access to a free and safe COVID-19 vaccine.,False,111094,
1323285487059042309,2020-11-02 15:27:00+00:00,1 day. Let’s win this thing.,False,560483,
1323281209267527680,2020-11-02 15:10:00+00:00,From climate change to racial justice — there is so much on the line in this election. So my team put together a generator to help you show your friends and family what you’re voting for. Head to https://t.co/kdc4aQ0d2D to try it out.,False,9726,
1323273910981451778,2020-11-02 14:41:00+00:00,"If you can still vote early, then vote early today.

If you haven’t returned your absentee ballot yet, then return it today.

If you’re voting in-person tomorrow, then make your plan today.

Let’s end this — today.",False,188815,
1323267619416399872,2020-11-02 14:16:00+00:00,"My faith has been my anchor through highs and lows –– a guiding light that taught me the values of honesty, decency, and treating others with respect.

As president, it will continue to serve as a source of strength. https://t.co/wIVS8Uga2d",False,27362,
1323262197573836805,2020-11-02 13:54:27+00:00,"Don’t wait: Drop off your ballot today.

https://t.co/eoxT07d7QB",False,43823,
1323256294925455360,2020-11-02 13:31:00+00:00,We need a president who actually listens to experts like Dr. Fauci.,False,279331,
1323252268481695744,2020-11-02 13:15:00+00:00,"If I have the honor of being elected president, I will take care of your family like I would my own. https://t.co/MsIORKeVTF",False,47719,
1323244215187447814,2020-11-02 12:43:00+00:00,"I started this campaign saying we were in a battle for the soul of this nation — and I believe that even more deeply today.

But make no mistake: It’s a battle we can and will win.",False,76814,
1323238930339287045,2020-11-02 12:22:00+00:00,"Our president has failed in his most basic duty to this nation: to protect us.

It’s unforgivable.",False,149457,
1323233897694470144,2020-11-02 12:02:00+00:00,"The hard truth is that our economy wasn't working for folks long before this crisis. It's why we can't just go back to the way things were — we have to build back better.

Here's how we'll do it: https://t.co/rt5RD9Fdi0",False,12406,
1323228219127046144,2020-11-02 11:39:26+00:00,"Vote for respect.
Vote for decency.
Vote for truth.
Vote for leadership.

https://t.co/eoxT07d7QB",False,107948,
1323136505435561985,2020-11-02 05:35:00+00:00,"When you use your voice and vote, things can — and will — change for the better. https://t.co/eoxT07d7QB",False,19002,
1323128955642253312,2020-11-02 05:05:00+00:00,"Donald Trump sees the world from Park Avenue.

I see it from where I came from: Scranton, Pennsylvania. 

It's why I'll fight every day as president to make this country work for middle class and low-income Americans — not just the wealthy and well-connected.",False,77683,
1323122502751653888,2020-11-02 04:39:21+00:00,"No one fights harder for the people of Alabama than my friend, @DougJones. He's a Senator with a big heart and he's never afraid to fight for what's right.

Doug is in a tight race and needs your help to win on Tuesday. Chip in: https://t.co/jwBbBDNZfH https://t.co/6kOEbMS4Pn",False,25456,
1323117631033933825,2020-11-02 04:20:00+00:00,"As president, I’ll protect and build on Obamacare by: 

- Giving Americans the choice of a new public option
- Lowering premiums, deductibles, and co-pays
- Lowering the cost of prescription drugs

Learn more: https://t.co/uw7Kk0ONHA",False,14626,
1323112598938767361,2020-11-02 04:00:00+00:00,"The United States of America has emerged stronger from every trial and tribulation it has faced. And if we come together, follow the science, and keep faith with each other, we will once again. I promise.",False,63092,
1323105048075792385,2020-11-02 03:30:00+00:00,"This is the most important election in our lifetimes — and you have the power to make all the difference.

Vote. https://t.co/eoxT07uII9",False,20780,
1323098757173448704,2020-11-02 03:05:00+00:00,"2016 taught us to take nothing for granted and to leave everything on the field.

Vote: https://t.co/eoxT07uII9 https://t.co/q4yiDddE2s",False,20331,
1323096239970373638,2020-11-02 02:55:00+00:00,"When Donald Trump thinks about climate change, he thinks “hoax.” 

I think “jobs.”

We can solve our climate crisis and our economic crisis at the same time. Here’s how: https://t.co/AKl9jZKB0s",False,23787,
1323087935411924993,2020-11-02 02:22:00+00:00,"This is our moment to root out systemic racism and build a nation true to our founding ideals. A nation where all men and women are not only created equal — but treated equally. 

Here's how we'll advance racial economic equity: https://t.co/Tjgyn1gR2V",False,13788,
1323082401774329856,2020-11-02 02:00:00+00:00,"A more hopeful, united, and loving America is within our grasp –– but we have to vote for it.

https://t.co/eoxT07uII9 https://t.co/cxmNP5SKpH",False,16056,
1323077868990193672,2020-11-02 01:42:00+00:00,Donald Trump’s COVID-19 response has been the greatest failure of presidential leadership in our nation’s history.,False,166239,
1323073590749614080,2020-11-02 01:25:00+00:00,From Arizona to Georgia to Wisconsin and beyond — we’re working hard to earn every last vote. https://t.co/mmfZspnLOU,False,36214,
1323069815880327173,2020-11-02 01:10:00+00:00,"Under my tax plan, no one making under $400,000 will see their taxes go up.

But it’s time large corporations and the wealthiest Americans pay their fair share.",False,128709,
1323062266200264705,2020-11-02 00:40:00+00:00,"I want to help restore hope in this country — and I have a bold vision for how, together, we can do that. https://t.co/ZdW23fhad2",False,15636,
1323057366510817284,2020-11-02 00:20:32+00:00,"Together, we can make Donald Trump a one-term president.

https://t.co/eoxT07d7QB",False,93215,
1323052200814366720,2020-11-02 00:00:00+00:00,"Donald Trump is trying to eliminate the entire Affordable Care Act in the middle of a pandemic.

If he gets his way, more than 100 million Americans with pre-existing conditions could see their costs skyrocket or be denied coverage altogether.

We can’t let him win. https://t.co/DoTV2uw1bn",False,15471,
1323048424929898501,2020-11-01 23:45:00+00:00,It’s long past time President Trump and his wealthy friends paid their fair share in taxes.,False,123020,
1323043942062006273,2020-11-01 23:27:11+00:00,"RT @KamalaHarris: Many people have asked now that they’ve voted, what can they do to help in the home stretch of this campaign? 

The answe…",False,0,
1323043391840481280,2020-11-01 23:25:00+00:00,"Scranton, Pennsylvania, isn't just where I'm from — it's the people I'm for. I'll fight every single day in the White House for the hardworking Americans who make our country run. https://t.co/vahd9rc1Ja",False,23596,
1323030495630798848,2020-11-01 22:33:45+00:00,"Together, we can solve the crises we’re facing and win the battle for the soul of the nation. It all begins on Tuesday. Tune in as we get out the vote in Pennsylvania. https://t.co/cOqA9eN3LA",False,11795,
1323023259512659968,2020-11-01 22:05:00+00:00,"Let's turn Texas blue.

https://t.co/COWdd5hED8 https://t.co/TPNH6BKXGd",False,89322,
1323018225895047179,2020-11-01 21:45:00+00:00,"Donald Trump claimed he would be ""the greatest jobs president God ever created.""

Instead, he's on track to become the worst jobs president in 100 years.",False,97021,
1323013947973197824,2020-11-01 21:28:00+00:00,"Don’t let anyone tell you your voice won’t count — because it will.

Make sure your voice is heard. Go to https://t.co/uoiVh9HPb8 right now and make your plan to vote.",False,17645,
1323009391516405760,2020-11-01 21:09:53+00:00,RT @johnlegend: Our elders know how precious our vote is. They know what it feels like to have their rights denied. Be like Elsie. Go vote.…,False,0,
1323002402534928384,2020-11-01 20:42:07+00:00,Tune in as I join members of Philadelphia's faith community for a Souls to the Polls event. https://t.co/9i6yGiETvt,False,10608,
1322989285377667073,2020-11-01 19:50:00+00:00,"I believe climate change is an existential threat to humanity.

Donald Trump doesn’t even think it exists.

It’s that simple, folks.",False,136688,
1322981735739645953,2020-11-01 19:20:00+00:00,Fired up! https://t.co/fqFCBvwudr,False,193778,
1322976702419636225,2020-11-01 19:00:00+00:00,"It’s long past time we take action to end the scourge of gun violence in America.

As president, I’ll ban assault weapons and high-capacity magazines, implement universal background checks, and enact other common-sense reforms to end our gun violence epidemic.",False,65216,
1322971669355483139,2020-11-01 18:40:00+00:00,"More than 230,000 Americans have died from COVID-19 –– and Donald Trump has given up on trying to get the virus under control.

He may have quit on you, but I promise I never will.",False,63355,
1322967642777550858,2020-11-01 18:24:00+00:00,"There are just two days until Election Day, and our campaign is working around the clock to get folks to vote.

Can you chip in to help us reach every last voter before polls close on Tuesday? https://t.co/owL20qONri",False,8740,
1322963112857800705,2020-11-01 18:06:00+00:00,"Health care is deeply personal to me — like it is for so many Americans. And I promise you that as president, I will protect your family's health care as if it were my own. https://t.co/v6fLWHoRC7",False,21336,
1322959086544211973,2020-11-01 17:50:00+00:00,"We can build a future where:

- Health care is a right
- We end the gun violence epidemic
- We combat climate change
- Our government works for everyone

Vote. https://t.co/eoxT07d7QB",False,16530,
1322952795033538560,2020-11-01 17:25:00+00:00,"The Trump Administration knew how deadly this virus was back in February.

But they didn't tell you or your family. Instead, they gave a heads up to their friends on Wall Street so investors could make a profit before the recession hit.

They hid the truth. It's unforgivable.",False,46767,
1322949020164202497,2020-11-01 17:10:00+00:00,"I'm running as a proud Democrat, but I will govern as an American president. https://t.co/d5tmoNSnco",False,33137,
1322943986995179522,2020-11-01 16:50:00+00:00,We need a president who believes in science and listens to someone other than himself.,False,226355,
1322937695606362118,2020-11-01 16:25:00+00:00,"Folks, there are just three days left to vote in this election, and we need your help to get people to the polls. Text three friends or family members and make sure they have a plan to vote. https://t.co/xu4mk3W5x2",False,29309,
1322932159447924737,2020-11-01 16:03:00+00:00,"Desde sus actos atroces con la separación de familias en nuestra frontera hasta su ignorancia con el pueblo puertorriqeño después del huracán María, el presidente Trump ha atacado la dignidad de las familias latinas una y otra vez.

Esto terminará cuando yo sea presidente.",False,27217,
1322927509260902401,2020-11-01 15:44:31+00:00,"The future of our planet is on the ballot.

Vote: https://t.co/eoxT07d7QB",False,40201,
1322922596195684353,2020-11-01 15:25:00+00:00,"If you’re sick or struggling or worried about how you’ll get through the day: I want you to know that I see you, and I won’t forget you.

You can count on me to fight for you every day in the White House.",False,66213,
1322920732381356032,2020-11-01 15:17:35+00:00,"RT @TeamJoe: We cannot afford to have anyone sit this election out — there’s too much at stake.

We need all hands on deck. Ready to get to…",False,0,
1322918821242556425,2020-11-01 15:10:00+00:00,"From his heinous acts of separating families at our border to his neglect of the people of Puerto Rico after Hurricane Maria, President Trump has attacked the dignity of Latino families time and time again.

It will end when I’m president.",False,44759,
1322914542892929024,2020-11-01 14:53:00+00:00,2 days. Finish strong.,False,247747,
1322907244871102464,2020-11-01 14:24:00+00:00,I promise you this: I’ll end Donald Trump’s chaos and end this crisis.,False,266501,
1322901204943491073,2020-11-01 14:00:00+00:00,"My faith has been a source of immeasurable solace in times of grief and a daily inspiration to fight against the abuse of power in all its forms. As president, it will continue to serve as my anchor, as it has my entire life. https://t.co/C5OqUaJKWd",False,31828,
1322896675040456704,2020-11-01 13:42:00+00:00,"Right now:
 
- Almost 23 million Americans are on unemployment
- Nearly 1 in 5 small businesses have closed their doors
- Millions of people are at risk of being evicted
 
We simply can’t afford another four years of Donald Trump.",False,49587,
1322892363350577154,2020-11-01 13:24:52+00:00,"Return your ballot today, folks.

https://t.co/eoxT07d7QB",False,40475,
1322886357535150081,2020-11-01 13:01:00+00:00,Jodie –– you have my word: I will always stand up for you and the millions of Americans with pre-existing conditions. https://t.co/p7VxJVFf9G,False,18332,
1322881072363917312,2020-11-01 12:40:00+00:00,"We need to:

Build bridges, not walls.
Open our arms, not clench our fists.
Focus on the ties that bind us together, not tear each other apart.

We need to be what we are at our best: One America.",False,80156,
1322876039144636417,2020-11-01 12:20:00+00:00,"We have in our hands the ultimate power: the power of the vote.

Don’t let it go to waste. Make your plan to vote today. https://t.co/uoiVh9ZqzI",False,17060,
1322871257902145536,2020-11-01 12:01:00+00:00,Let’s put dogs back in the White House. https://t.co/7pBihksfXT,False,128131,
1322865972819251200,2020-11-01 11:40:00+00:00,"As president, I’ll build an economy that rewards work — not just wealth.",False,117845,
1322757759591436288,2020-11-01 04:30:00+00:00,Vote like your health care is on the ballot — because it is. https://t.co/eoxT07d7QB,False,24790,
1322751468827541510,2020-11-01 04:05:00+00:00,"The issues we’re facing are far bigger than any political party.

It’s why I’ll be a president for all Americans — Democrats, Republicans, and Independents alike — because I believe we must work together if we’re going to get anything done.",False,45045,
1322746435071139840,2020-11-01 03:45:00+00:00,".@BarackObama and I have seen the office of the presidency up close, we know what the job entails, and there's too much at stake to give Donald Trump another four years.

Vote: https://t.co/eoxT07uII9 https://t.co/7imuWqlZSN",False,30036,
1322740143741005825,2020-11-01 03:20:00+00:00,"The words of a president matter. And time and time again, Donald Trump has callously used his to incite violence, stoke the flames of hatred and division, and drive us further apart.

It’s time for it to end.",False,106195,
1322735117387943939,2020-11-01 03:00:01+00:00,"To all the heroes who have served in our armed forces, and the families and caregivers who sacrificed alongside them, I promise I’ll always have your back. https://t.co/TrvHFeMHK1",False,29575,
1322730450293587968,2020-11-01 02:41:29+00:00,"The character of our nation is on the ballot.

Vote: https://t.co/eoxT07d7QB",False,39074,
1322725547504328704,2020-11-01 02:22:00+00:00,We can and will solve the climate crisis — together. https://t.co/3KbdJ5s5Z6,False,17024,
1322721017811345410,2020-11-01 02:04:00+00:00,"The hard truth is that under President Trump, we’ve become weaker, sicker, poorer, more divided, and more violent.",False,207938,
1322714977715785729,2020-11-01 01:40:00+00:00,"Un número récord de latinos son elegibles para votar en esta elección, así que ve a votar para lograr que tu voz se escuche. No dejes que los demás decidan por ti.

https://t.co/eeAbclJjDY https://t.co/vOsq6xw2eX",False,9509,
1322709944509124613,2020-11-01 01:20:00+00:00,"Together, we can end the last four years of chaos.

https://t.co/eoxT07d7QB https://t.co/V2EMJnkqSC",False,16395,
1322705178622070784,2020-11-01 01:01:03+00:00,"Vote for equality.
Vote for the planet.
Vote for justice.
Vote for the future.
 
https://t.co/eoxT07d7QB",False,68913,
1322699878196301832,2020-11-01 00:40:00+00:00,"You’re absolutely right, Brayden — no one should ever underestimate the American people. https://t.co/aCsdIWmF62",False,30515,
1322695600106659840,2020-11-01 00:23:00+00:00,President Trump doesn’t care about you. He doesn’t even care about his own supporters. https://t.co/HUbImXyRtY,False,79692,
1322692328591552512,2020-11-01 00:10:00+00:00,"Tonight marks our last end-of-month fundraising deadline — and it’s our most important one yet.

With three days until Election Day, we can’t afford to fall short.

If you’re able, please chip in to help us reach our goal: https://t.co/avjGKglNpD",False,6542,
1322688553650827264,2020-10-31 23:55:00+00:00,Happy Halloween! https://t.co/i2BT7k0xdI,False,80043,
1322685282165026817,2020-10-31 23:42:00+00:00,"I want to extend my prayers and condolences to the Chaldean Assyrian Community this 10th anniversary of Our Lady of Deliverance church massacre in Baghdad. The right to worship is fundamental, and as Americans we should be proud that people from around the world find a home here.",False,36261,
1322679745662881798,2020-10-31 23:20:00+00:00,"Presidents lead by example.

Mask up. https://t.co/eSvTmjmaYK",False,200819,
1322678924485296129,2020-10-31 23:16:44+00:00,"RT @TeamJoe: At the young age of 102, Pearl Wachman talks about the remarkable story of American progress and how we must mobilize and vote…",False,0,
1322646873081966593,2020-10-31 21:09:22+00:00,"There is too much at stake on Tuesday to sit this election out. Tune in as @BarackObama, @StevieWonder, and I get out the vote in Detroit, Michigan. https://t.co/ihywYiR6lc",False,12775,
1322640738648313856,2020-10-31 20:45:00+00:00,"As president, I will choose: 

Hope, not fear.
Peace, not violence.
Generosity, not greed.
 
I’ll appeal to the best in us, not the worst.",False,141021,
1322639650029293569,2020-10-31 20:40:40+00:00,"RT @DrBiden: Is your ballot still sitting at home? I’m asking you to:

• Fill it out.
• Sign it.
• Seal it.
• Deliver it. https://t.co/CDGl…",False,0,
1322631427297476608,2020-10-31 20:08:00+00:00,".@BarackObama already voted, but he knows there's still more work to be done before Election Day.

Sign up to join him: https://t.co/UIiNehABm6 https://t.co/8qgmrxEDny",False,23731,
1322623616568168448,2020-10-31 19:36:58+00:00,"RT @BarackObama: Don't boo — vote! Happy Halloween, everybody. https://t.co/XdZz4dh82T https://t.co/A28ZuxPf4i",False,0,
1322620606098137088,2020-10-31 19:25:00+00:00,President Obama and I left President Trump a playbook on how to deal with pandemics. He flat-out ignored it. And we're suffering every day because of it.,False,165270,
1322613559491284994,2020-10-31 18:57:00+00:00,"If you’re planning to vote early in-person, today is your last day to do so in many states. Head to https://t.co/eoxT07d7QB to find all the information you need to cast your ballot. https://t.co/CL7abyUo5p",False,11343,
1322613077997740032,2020-10-31 18:55:05+00:00,"RT @TeamJoe: Voting Update! Early vote hours have been extended in Douglas County, NE to 5:00 PM today. 

Find your early voting location a…",False,0,
1322598107809394689,2020-10-31 17:55:36+00:00,"With just three days to go, @BarackObama and I are back together on the campaign trail in Michigan. Tune in. https://t.co/8jqYUvbTz9",False,17399,
1322588817795260418,2020-10-31 17:18:41+00:00,RT @springsteen: This is @joebiden’s hometown. This is more than where he’s from. This is who he’s for. https://t.co/6ZSK3dXY4H,False,0,
1322585061452034048,2020-10-31 17:03:45+00:00,"Folks, we’re just three days from Election Day — and what you do between now and when polls close on Tuesday will determine the course of our country for generations to come. 

Sign up to help us get voters to the polls: https://t.co/WSKsQEip4U",False,23629,
1322569017412997122,2020-10-31 16:00:00+00:00,Who let all these people into my basement? https://t.co/E17SPqmXib,False,465456,
1322561466357211136,2020-10-31 15:30:00+00:00,"3 days.

Stay empowered, stay optimistic, stay united.",False,203156,
1322551400191135744,2020-10-31 14:50:00+00:00,"The urgency of this election couldn’t be greater — and the stakes couldn’t be higher. 

Don’t wait: go to https://t.co/eoxT07d7QB and vote early today.",False,13617,
1322543347236438016,2020-10-31 14:18:00+00:00,Be a patriot. Wear a mask. https://t.co/o2v9xP24A9,False,86367,
1322536634085187588,2020-10-31 13:51:19+00:00,"RT @TeamJoe: 🚨3 days until Election Day🚨 

It’s not too late to volunteer with our campaign. 

See how to get involved this weekend!  

htt…",False,0,
1322531268152729601,2020-10-31 13:30:00+00:00,"Every single American deserves access to regular, reliable, and free COVID-19 testing. Period.",False,123791,
1322519943167021056,2020-10-31 12:45:00+00:00,"President Trump still has no plan to address COVID-19.

He quit on you, on your family, on America. He just wants us to grow numb to the horrors of the death toll and the pain.

We cannot afford another four years of his failed leadership.",False,111482,
1322512392937525249,2020-10-31 12:15:00+00:00,"The future of this country is in your hands.

Make a plan to vote now. https://t.co/uoiVh9ZqzI",False,21076,
1322504843244744704,2020-10-31 11:45:00+00:00,"I believe every American deserves to retire with dignity.

https://t.co/mVwdWJ1owh https://t.co/iyekmiUqvP",False,23201,
1322493526878253057,2020-10-31 11:00:02+00:00,"This is your chance to be a part of history.

Vote: https://t.co/eoxT07uII9 https://t.co/4bH8iawiSE",False,17196,
1322380775715598336,2020-10-31 03:32:00+00:00,"Moody’s Analytics projects that my plan will create 18.6 million jobs — over 7 million more jobs than President Trump’s plan.

We’re going to build back better and ensure everyone has a fair shot to get ahead. https://t.co/rt5RD9Fdi0",False,19273,
1322372724220600320,2020-10-31 03:00:00+00:00,Alfonso vino aquí con un sueño. Y su futuro ha sido robado. Ya es suficiente. https://t.co/VHGK9dYNRA,False,11174,
1322365174288797696,2020-10-31 02:30:00+00:00,Let me be clear: Anyone who is responsible for plunging and ensnaring America in this crisis — anyone who could do so without an ounce of shame or a shred of empathy — should not be president. https://t.co/Rps7MFavJX,False,58942,
1322356364828569602,2020-10-31 01:55:00+00:00,"From the climate crisis to student debt and gun violence — there's so much on the line in this election, and young people have the power to own the outcome.

So vote, and let's build a better future together: https://t.co/eoxT07uII9 https://t.co/YDClI2GvBw",False,14202,
1322347053670825984,2020-10-31 01:18:00+00:00,"Love will always win. Congratulations, @S10Bird and @mPinoe! https://t.co/isj9Q2R3R8",False,134832,
1322342775518457856,2020-10-31 01:01:00+00:00,"This Domestic Violence Awareness Month, I recommit to ensuring domestic violence is treated like the crime it is, and to ensuring survivors receive the support they need. I've spent my entire career fighting domestic abuse — and will continue that fight as president. #DVAM",False,40504,
1322329396263354368,2020-10-31 00:07:50+00:00,Your vote will help determine the future of our country. I’m in Wisconsin to urge folks to use that power. Tune in. https://t.co/UOPVdn58z0,False,11350,
1322320377943527424,2020-10-30 23:32:00+00:00,"More than 9 million cases of COVID-19 have been now confirmed in the United States — and more than 228,000 Americans have lost their lives.

It is as severe an indictment of a president’s record as one can possibly imagine, and it is utterly disqualifying.",False,46865,
1322312941891395585,2020-10-30 23:02:27+00:00,"RT @ericswalwell: Up there's the finish line. 
Our future is worth our fight.

Thank you, @taylorswift13, for voicing what #OnlyTheYoung ca…",False,0,
1322304775740887042,2020-10-30 22:30:00+00:00,Jill and I are praying for all those impacted by Hurricane Zeta. The entire nation stands with you as you rebuild and recover.,False,98159,
1322299741804195841,2020-10-30 22:10:00+00:00,Alfonso came here with a dream. And now he’s been robbed of his future. Enough is enough. https://t.co/wrASsVVNHX,False,16633,
1322282861093744640,2020-10-30 21:02:55+00:00,We are in a battle for the soul of the nation –– your voice and vote can make all the difference. Tune in as I speak live from Minnesota. https://t.co/9F5riiRKo9,False,10757,
1322278350933688320,2020-10-30 20:45:00+00:00,"Jill and I send our prayers to the people of Greece and Turkey following today’s earthquake. We’re grateful for the brave rescuers saving others, and for the governments of Greece and Turkey putting aside their differences to support each other.",False,71057,
1322270801370902528,2020-10-30 20:15:00+00:00,"Let me be clear: Hardworking Americans should not be paying more in federal income taxes than Amazon or Netflix.

It’s time for big corporations to finally pay their fair share.",False,129664,
1322254443644026880,2020-10-30 19:10:00+00:00,"I'm not going to shut down the country.

I'm not going to shut down the economy.

I'm going to shut down the virus.",False,308735,
1322247900286513152,2020-10-30 18:44:00+00:00,"You have the power to silence him.

Vote: https://t.co/eoxT07uII9 https://t.co/zIJUQEWlyx",False,80405,
1322234732235513856,2020-10-30 17:51:40+00:00,"There’s no challenge we can’t overcome when we stand united. With just four days to go, tune in as we get out the vote in Iowa. https://t.co/0O9S2J9Tw6",False,9506,
1322229277887238145,2020-10-30 17:30:00+00:00,Donald Trump is wholly unfit to serve as commander in chief. But don’t just take my word for it... https://t.co/TnxcPvwSul,False,35050,
1322215436524670976,2020-10-30 16:35:00+00:00,"After campaigning in 2016 to lift up the ‘forgotten man,’ President Trump has completely lost sight of working people. 

I promise you this: I never will. https://t.co/mbcxYtv80U",False,31111,
1322209648418672642,2020-10-30 16:12:00+00:00,"Folks, deadlines to vote early in-person are arriving across the country. Don’t wait until November 3rd to cast your ballot — head to https://t.co/eoxT07d7QB to find all the information you need to vote today. https://t.co/3YmUK1Mggr",False,15604,
1322196873487286276,2020-10-30 15:21:14+00:00,"RT @TeamJoe: Today is the last day to vote early in person for @JoeBiden and @KamalaHarris in these states: 

✅Arizona 
✅Georgia
✅Nevada 
✅…",False,0,
1322194045612032002,2020-10-30 15:10:00+00:00,"They say never read the comments –– well, I did anyway. https://t.co/f6WagAxkNb",False,59388,
1322168741111672832,2020-10-30 13:29:27+00:00,"4 days to prevent another 4 years.

Vote: https://t.co/eoxT07d7QB",False,182172,
1321983911057129472,2020-10-30 01:15:00+00:00,"This storm will pass, and a new day will come. https://t.co/PewrMRuRXx",False,198212,
1321967552965218305,2020-10-30 00:10:00+00:00,"Now more than ever, we need a president who will choose compassion over cruelty.",False,195916,
1321960506425450496,2020-10-29 23:42:00+00:00,This election is about so much more than policy. The character of our country is on the ballot. And @KamalaHarris and I will work every day to bring this country back together — fighting as hard for those who don’t support us as those who do. https://t.co/IIhhcxDeL2,False,30127,
1321949962494636032,2020-10-29 23:00:06+00:00,"Here’s the bottom line: When we vote, things get better. Tune in as we hold a get out the vote rally in Tampa Bay, Florida. https://t.co/rJ2nbiDlOE",False,10844,
1321942639109918720,2020-10-29 22:31:00+00:00,"You have my word: if I have the honor of serving as your president, I will do everything in my power to defeat COVID-19.

Here’s my plan to get it done: https://t.co/zUWDfi0yQ8",False,34477,
1321933578897248256,2020-10-29 21:55:00+00:00,"Enough of the lies.

Vote him out: https://t.co/eoxT07uII9 https://t.co/iTdiPVy8FA",False,37971,
1321926461054423040,2020-10-29 21:26:43+00:00,"The future of our country is on the ballot — and you get to decide what it looks like.

Vote: https://t.co/eoxT07d7QB",False,42393,
1321915963399352321,2020-10-29 20:45:00+00:00,"Christen — tell your grandmother I’m incredibly grateful to have her support, and thank you for helping her cast her ballot. https://t.co/zRKbAPvqgF",False,130220,
1321910929806819328,2020-10-29 20:25:00+00:00,".@KamalaHarris y yo no solo reconstruiremos las cosas como eran antes de estas crisis, sino que reconstruiremos un mejor país que antes, para crear una nueva economía estadounidense. Mira la explicación de mi amigo @JulianCastro. https://t.co/11usNr3tfv",False,7672,
1321904638992396288,2020-10-29 20:00:00+00:00,Donald Trump is on track to become the worst jobs president in modern American history. https://t.co/gmjwbHeuOS,False,56189,
1321900863351238659,2020-10-29 19:45:00+00:00,"Las latinas son el corazón de nuestras comunidades y hoy en el Día de la equidad salarial de la mujer latina, reconocemos el hecho de que solo ganan 54 centavos por cada dólar que gana un hombre blanco.

Mi administración luchará para asegurar la igualdad salarial que se merecen.",False,62636,
1321895830173945856,2020-10-29 19:25:00+00:00,Jill and I are keeping the French people in our prayers following the horrific terror attack in Nice — which targeted innocents in a house of worship. A Biden-Harris administration will work with our allies and partners to prevent extremist violence in all forms.,False,81873,
1321889541343641601,2020-10-29 19:00:00+00:00,"My Catholic faith drilled into me a core truth — that every person on earth is equal in rights and dignity. As president, these are the principles that will shape all that I do, and my faith will continue to serve as my anchor, as it has my entire life. https://t.co/DRsQ2cA9m1",False,44875,
1321878691081723904,2020-10-29 18:16:53+00:00,"We’re just five days from Election Day –– and everything is on the line. Tune in as we get out the vote in Broward County, Florida. https://t.co/VgqrLETyZC",False,10868,
1321863115680567297,2020-10-29 17:15:00+00:00,"I join Israelis in honoring Prime Minister Yitzhak Rabin z""l, 25 years after his assassination. He led a life of service to his country and its security — and bravely gave his life pursuing peace. I was honored to call him a friend.",False,37637,
1321858836626579456,2020-10-29 16:58:00+00:00,"Latinas are the heart of our communities — and on Latina Equal Pay Day, we call attention to the fact that they earn only 54 cents for every dollar a white man makes.

A Biden-Harris Administration will build back better for Latinas by taking overdue action to ensure equal pay.",False,50189,
1321844492362633216,2020-10-29 16:01:00+00:00,.@KamalaHarris and I won't just build back to the way things were before these crises — we're going to build back better and create a new American economy. Watch as my friend @JulianCastro explains. https://t.co/AdGKICs6Tf,False,16849,
1321829393099034629,2020-10-29 15:01:00+00:00,5 days. Let’s bring this home.,False,256819,
1321823865165778944,2020-10-29 14:39:02+00:00,"Success in a Biden-Harris Administration will not be measured just by the stock market or GDP growth, but by the extent to which growth is raising the pay, dignity, and economic security of our working families—especially those who have been left behind. https://t.co/HQZ8UbUb3f",False,19437,JoeBiden
1321823864213721094,2020-10-29 14:39:02+00:00,"GDP rose last quarter, but visits to food banks haven’t slowed, and poverty has grown. We’re on track for the worst economic downturn in over 70 years, and Donald Trump is on track to be the first president since Herbert Hoover to leave office with less jobs than when he came in.",False,53455,
1321807498492354561,2020-10-29 13:34:00+00:00,"""History says, don't hope
On this side of the grave.
But then, once in a lifetime
The longed-for tidal wave
Of justice can rise up,
And hope and history rhyme.""
- Seamus Heaney https://t.co/7nB1ytYlvm",False,50712,
1321627814345560065,2020-10-29 01:40:00+00:00,"The election is underway across the country, and we need your help to spread the word on social media. Sign up to help, and let’s win this thing: https://t.co/Yys11DiWVm",False,9573,
1321622781210087425,2020-10-29 01:20:00+00:00,"Folks, if you haven’t returned your absentee ballot yet, it’s important you do so as soon as possible.

Head to https://t.co/eoxT07d7QB to learn more about how to return your ballot.",False,20718,
1321617748527513602,2020-10-29 01:00:00+00:00,"The stakes in this election couldn’t be higher — and with just six days left, we can’t let up.

Chip in to help us get the job done on Tuesday: https://t.co/5xqcSEyaYf",False,9370,
1321606423495823361,2020-10-29 00:15:00+00:00,"I believe in science.

Donald Trump doesn't.

It's that simple, folks.",False,240576,
1321600635222052866,2020-10-28 23:52:00+00:00,The future of our planet is on the ballot. https://t.co/fWtwYOmycR,False,23855,
1321586217956397058,2020-10-28 22:54:42+00:00,"We have just six more days left in this election — and the American people have the power in their hands to put our country on a vastly different path.

Make your plan to vote today: https://t.co/uoiVh9ZqzI",False,37918,
1321576224624414721,2020-10-28 22:15:00+00:00,"It’s not political.

It’s patriotic.

Wear a mask. Period.",False,266381,
1321563893001408512,2020-10-28 21:26:00+00:00,"You can't make this up: Yesterday, the White House science office put out a statement listing ""ending the COVID-19 pandemic"" as the top accomplishment of President Trump's first term. 
https://t.co/46VkWJE0GN",False,66445,
1321554078376226818,2020-10-28 20:47:00+00:00,"Melanie, thank you for sharing your story and for the sacrifices you've made to keep us all safe. They are not in vain.

On Tuesday, we need to vote out Donald Trump and treat the climate crisis like the existential threat it is. https://t.co/dCKIBGlmoo",False,17209,
1321537217441996800,2020-10-28 19:40:00+00:00,We voted. https://t.co/LjaPBB69wC,False,240171,
1321532184285642753,2020-10-28 19:20:00+00:00,"Today we celebrate the 80th anniversary of Oxi Day. Greeks inspired the free world when they resisted Mussolini’s invading army — and that courageous spirit lives on today, reminding us we too must stand up and do our part to safeguard our democracy.",False,42262,
1321522117754658816,2020-10-28 18:40:00+00:00,It’s hard to believe it’s been a year since we lost my friend Senator Kay Hagan. Kay was a relentless champion for North Carolina and a fierce defender of its citizens. May her legacy continue to inspire a new generation of leaders to follow in her steps. https://t.co/hl9Pi3Y2fi,False,16553,
1321512059029213185,2020-10-28 18:00:02+00:00,"Thank you for your support, @HamillHimself. May the force be with us this election season. https://t.co/GlgnKz8q96",False,119326,
1321507018516156419,2020-10-28 17:40:00+00:00,"As president, I'll build on Obamacare to ensure every single American has access to quality, affordable health care.

Here's how: https://t.co/34NCSYhO2C",False,15449,
1321499468571684864,2020-10-28 17:10:00+00:00,It’s simple: Donald Trump thinks health care is a privilege. I think it is your right.,False,222907,
1321491263334436864,2020-10-28 16:37:23+00:00,"Under Donald Trump’s leadership, we have become weaker and sicker. Tune in as I discuss how I’ll get this virus under control and ensure every American has access to quality, affordable health care. https://t.co/vm1d4F0oig",False,14993,
1321480303819501575,2020-10-28 15:53:51+00:00,"RT @TeamJoe: Nos faltan 6 días para lograr que nuestras voces se escuchen.

Haz tu plan de votación ahora en https://t.co/BHV95qwvnz.",False,0,
1321474305004236800,2020-10-28 15:30:00+00:00,"We are the United States of America. We can beat this virus.

There is no challenge we cannot meet, no enemy we cannot face, no threat we cannot conquer when we stand together.",False,84882,
1321467717694693376,2020-10-28 15:03:50+00:00,"6 days.

Return your ballot now: https://t.co/eoxT07d7QB",False,54853,
1321457349836550151,2020-10-28 14:22:38+00:00,"America is at a crossroads.

We can choose four more years of Donald Trump's chaos and division. Or we can choose a different path — one of hope and light.

The decision is in your hands. Vote: https://t.co/eoxT07d7QB",False,48903,
1321255611795951618,2020-10-28 01:01:00+00:00,"Two years ago, a white supremacist entered Pittsburgh’s Tree of Life Synagogue and perpetrated the deadliest anti-Semitic attack in American history. May the memories of those we lost be a blessing — and may we never stop fighting the scourges of anti-Semitism and gun violence.",False,138957,
1321250327190908931,2020-10-28 00:40:00+00:00,"Folks, we're just one week from Election Day, and we can't get complacent. Our campaign is working to reach voters across the country until the very last ballot is cast. We can't afford to fall short. 

If you're able, please chip in now: https://t.co/mrWBoH7HdG",False,14422,
1321245411789733893,2020-10-28 00:20:28+00:00,"Health care is on the line.
Workers' rights are on the line.
Civil rights are on the line.
Women's rights are on the line.
LGBTQ+ rights are on the line.
Immigrant rights are on the line.

Don't sit this one out. Head to https://t.co/uoiVh9ZqzI and make your plan to vote today.",False,58042,
1321240263663194114,2020-10-28 00:00:00+00:00,"From the moment I announced I was running for president, my goal has been to unite and heal this nation.

We must come together. https://t.co/L3S5J5bQvM",False,37668,
1321233199062810624,2020-10-27 23:31:56+00:00,"RT @TeamJoe: Este año, un récord de 32 millones de latinos son elegibles para votar.

Tenemos el poder de decidir esta elección.

Haz un pl…",False,0,
1321232710711582720,2020-10-27 23:30:00+00:00,"If you give me the honor of serving as your president, I won't waste any time getting this virus under control and building our nation back better. https://t.co/ZF5fvIQfSR",False,47591,
1321223902849323008,2020-10-27 22:55:00+00:00,"America's history is the story of ""We the People.""

Of all of us — together. https://t.co/UFAZZnwORf",False,21038,
1321216353164931072,2020-10-27 22:25:00+00:00,"Our hearts are broken for the family of Walter Wallace Jr., and for all those suffering the emotional weight of learning about another Black life in America lost.

Walter’s life mattered. https://t.co/mGki28Cpyr",False,31265,
1321188769173700608,2020-10-27 20:35:23+00:00,"It’s go-time, folks. We’re just one week away from the most important election of our lifetimes. Tune in as we get out the vote in Atlanta, Georgia. https://t.co/bJWjyR8JC1",False,16072,
1321174829328990212,2020-10-27 19:40:00+00:00,"The names of George Floyd and Breonna Taylor and Jacob Blake will not soon be forgotten.

Not by me. Not by us. Not by this country.

They’re going to inspire a new wave of justice in America.",False,113263,
1321169796420018178,2020-10-27 19:20:00+00:00,I know this country. I know our people. And I know we can unite and heal this nation.,False,159653,
1321164380080381952,2020-10-27 18:58:28+00:00,"I believe this election is about who we are as a nation, what we believe — and maybe most importantly — who we want to be.

It's about our essence. It’s about what makes us Americans. It’s that fundamental.

Vote: https://t.co/eoxT07d7QB",False,30068,
1321145611475824640,2020-10-27 17:43:54+00:00,"With one week left until Election Day, I'm delivering remarks in Warm Springs, Georgia, on how we can unite to address the crises facing our nation. Tune in. https://t.co/A5DxgXbbAB",False,20551,
1321138590789726209,2020-10-27 17:16:00+00:00,Black lives matter. No president should be afraid to say it. https://t.co/636AQZ04lW,False,145429,
1321119685358669824,2020-10-27 16:00:52+00:00,"With just one week until Election Day, @BarackObama is in Orlando, Florida, encouraging folks to vote early. Tune in. https://t.co/zpUXqNViri",False,16523,
1321112418487971842,2020-10-27 15:32:00+00:00,"This is our opportunity to leave the dark, angry politics of the past four years behind us.

It's time to come together and unite the country.

It all begins with your vote: https://t.co/eoxT07uII9 https://t.co/CcGiwABcbj",False,36031,
1321095557289529350,2020-10-27 14:25:00+00:00,"Home is where your values are set — where your view of the world begins to form, along with your place in it.

For me, that's Scranton, PA.

Pennsylvania: today is your last day to vote early in person. We've got to win this — let's bring it home.

Vote: https://t.co/eoxT07d7QB https://t.co/CSJugQxjBY",False,39225,
1321083729096413185,2020-10-27 13:38:00+00:00,One week until Election Day. Don’t let up now.,False,216496,
1320936509038624769,2020-10-27 03:53:00+00:00,Vote.,False,370443,
1320933992443465728,2020-10-27 03:43:00+00:00,"The rushed and unprecedented confirmation of Amy Coney Barrett as Associate Justice to the Supreme Court, in the middle of an ongoing election, should be a stark reminder to every American that your vote matters. https://t.co/NwEi4jyMd1",False,66336,
1320865455159025680,2020-10-26 23:10:39+00:00,"RT @KamalaHarris: Instead of working to provide COVID-19 relief to struggling Americans, Mitch McConnell and Republicans chose to jam throu…",False,0,
1320857739959193601,2020-10-26 22:40:00+00:00,"Folks, I'm amazed by what you all are doing to get out the vote. We can't let up — remember to vote early, and sign up to help this final weekend: https://t.co/pxPEuCMCkG https://t.co/s300qdVJ88",False,25188,
1320850190325194754,2020-10-26 22:10:00+00:00,"I couldn't be more excited to have my friend @BarackObama hitting the campaign trail to talk about what's at stake in this election.

As he said in Philadelphia, we can't just imagine a better future — we have to fight for it and vote like never before: https://t.co/eoxT07d7QB https://t.co/vxQ9eE9k9k",False,33022,
1320836600805416961,2020-10-26 21:16:00+00:00,We can’t let President Trump tear down Obamacare.,False,161340,
1320822759933550592,2020-10-26 20:21:00+00:00,More than 60 million Americans have already voted. They deserve to have their voices heard on who replaces Justice Ginsburg.,False,153254,
1320812441551343616,2020-10-26 19:40:00+00:00,"Don't wake up on November 4th wishing you had done more.

If you're able, chip in $8 to help secure a victory in 8 days: https://t.co/1EvFg66TYW",False,12163,
1320800754228170756,2020-10-26 18:53:33+00:00,"Maine — there are only five days left to vote early in-person for @SaraGideon and Democrats up and down the ballot.

Sara has been a relentless champion for Mainers, and electing her is key to flipping the Senate — but we can’t do it without you.

Vote: https://t.co/qZghvTPJyp",False,19843,
1320787278147403776,2020-10-26 18:00:00+00:00,"No president whose lies and failures have cost 225,000 American lives should keep his job. Period.",False,195013,
1320784852266999808,2020-10-26 17:50:22+00:00,"RT @KamalaHarris: With only eight days to go until Election Day, this is your reminder to vote early.",False,0,
1320775951781744641,2020-10-26 17:15:00+00:00,"It didn’t have to be this bad — and as @MichelleObama said, “Our commander in chief, sadly, has been missing in action.”

It’s unforgivable. https://t.co/RIWEck8d3m",False,35967,
1320757084225495042,2020-10-26 16:00:02+00:00,"Character is on the ballot.

Vote: https://t.co/eoxT07d7QB https://t.co/PYq3FZTEia",False,37203,
1320743992275980288,2020-10-26 15:08:00+00:00,"RT @DrBiden: I remember what it was like when Beau was deployed in Iraq. It was a mix of pride and fear, a longing for that empty seat at t…",False,0,
1320741987973099525,2020-10-26 15:00:02+00:00,"In 8 days, we’re going to take our democracy back.",False,289461,
1320739460842180610,2020-10-26 14:50:00+00:00,Maryland –– today's the first day of early voting across the state. Head to https://t.co/7dn5jZ6sX8 to learn more. Cast your ballot today.,False,13021,
1320736944238809099,2020-10-26 14:40:00+00:00,"If you live in Colorado, you must register today to receive a ballot in the mail. You can still same-day register in person before you vote early or on Election Day, but don't wait! Head to https://t.co/DRA021mNET to learn more.",False,10375,
1320734430881697793,2020-10-26 14:30:01+00:00,"If you live in:

Montana
Washington

Today is your last day to register to vote. After today, you can still same-day register in person when you vote early or on Election Day. Head to https://t.co/eoxT07uII9 to learn more.",False,11117,
1320716067111653378,2020-10-26 13:17:02+00:00,"This is the most important election of our lifetimes. Don't wait to make your voice heard.

Vote early today: https://t.co/eoxT07d7QB",False,82871,
1320516150988451841,2020-10-26 00:02:39+00:00,"Folks, the I Will Vote concert is finally here. Tune in as an incredible lineup of stars comes together to get out the vote. https://t.co/dYEGfmgEqj",False,18597,
1320507935756328960,2020-10-25 23:30:00+00:00,"It's clear Donald Trump will stop at nothing to tear down Obamacare.

We can't let him. https://t.co/ytaqBBd8DW",False,34960,
1320500637352693761,2020-10-25 23:01:00+00:00,I will never give up on the American people. https://t.co/uCUACJvwZh,False,58228,
1320485537782878208,2020-10-25 22:01:00+00:00,"Jacquelyn — I was honored to meet you in December, and I’m honored to have you on my team now. With the help of folks like you, we’re going to overcome the obstacles we face and restore decency in this country. https://t.co/zwtDfNswVY",False,29952,
1320477737249722369,2020-10-25 21:30:00+00:00,"Thank you @iamwill and @IAMJHUD for this powerful video.

Hate has no place in the United States — and on November 3rd we will prove that. https://t.co/OiFuRpyCNS",False,79260,
1320463895295893505,2020-10-25 20:35:00+00:00,"There is a real human toll to President Trump's failed leadership.

We can't forget that. https://t.co/03ajrVUQh1",False,40434,
1320458106757926927,2020-10-25 20:12:00+00:00,President Trump and his administration may have quit on the American people — but I can promise you I never will. https://t.co/kQgFDSSrVu,False,75275,
1320449802094714880,2020-10-25 19:39:00+00:00,"Folks, with just nine days until Election Day, your support is more important than ever.

Every dollar counts during this final stretch.

If you're able, please chip in today: https://t.co/zsgPxXrflF",False,11426,
1320426649410625536,2020-10-25 18:07:00+00:00,.@BarackObama was a president our kids could look up to. https://t.co/oI592mg3xQ,False,212719,
1320417890911330304,2020-10-25 17:32:12+00:00,RT @KamalaHarris: Tune in now to GOTV L!VE: A Soul of the Nation Gospel Concert Special with special messages from celebrity and faith lead…,False,0,
1320417338026491904,2020-10-25 17:30:00+00:00,"The fact is Secretary Betsy DeVos and President Trump don't care about our students or our teachers.

You deserve better. https://t.co/fMaCvYMu6u",False,34984,
1320401735534268416,2020-10-25 16:28:00+00:00,The hard truth is it didn't have to be this bad. But Donald Trump's shortsighted actions weakened our ability to respond to a pandemic long before COVID-19 reached our shores. https://t.co/qTdtIQgmZU,False,71427,
1320394690789855233,2020-10-25 16:00:00+00:00,"It’s voting season, folks. Watch as @StaceyAbrams breaks down the importance of your vote — and then head to https://t.co/eoxT07d7QB to make your voice heard today. https://t.co/C6sfg5oI9Y",False,13571,
1320385240171511809,2020-10-25 15:22:27+00:00,"Your vote can change the course of history — don’t wait to cast it.

Vote early today: https://t.co/eoxT07d7QB",False,65882,
1320372291486662656,2020-10-25 14:31:00+00:00,"After months of competing against each other in the primary, @EWarren, @PeteButtigieg, @CoryBooker, @JulianCastro, @AmyKlobuchar, and I know each other pretty well. Watch them break down the latest presidential debate: https://t.co/lCrIBEgQfk",False,28433,
1320362476714795009,2020-10-25 13:52:00+00:00,9 days. Let’s go.,False,242117,
1320349894050156544,2020-10-25 13:02:00+00:00,"Be like @BarackObama.

Vote early: https://t.co/uoiVh9HPb8 https://t.co/YA39ZGNoXk",False,76088,
1320164924803383298,2020-10-25 00:47:00+00:00,"You deserve a president who will get up every single day and work to make your life better.

If you elect me, that’s exactly what I’ll do. https://t.co/afFAorq0KQ",False,106424,
1320154858654056449,2020-10-25 00:07:00+00:00,"Folks, I've got some big news: We officially reached our goal of talking to 10 million voters on this #VoteEarlyDay.

But we're not done yet — we set a new goal of 15 million and can't reach it without you.

Sign up to help: https://t.co/u4eKL40TRy https://t.co/Y6mkN6Fl29",False,22821,
1320151335199756288,2020-10-24 23:53:00+00:00,It’s become painfully clear that the only senior that Donald Trump cares about is Donald Trump. https://t.co/TGWsZHOvbV,False,36504,
1320137745696649216,2020-10-24 22:59:00+00:00,"Folks, it’s go-time. There are just 10 days left until Election Day, and we need your help. 

Chip in $10 to help bring this across the finish line: https://t.co/4fWXlKUSRl",False,11721,
1320130447649636352,2020-10-24 22:30:00+00:00,President Trump continues to prove just how unfit he is to lead our nation through a global pandemic.,False,166342,
1320122899655634944,2020-10-24 22:00:00+00:00,"Imagine a day in the not too distant future when you can enjoy a dinner out with your friends, a night at the movies, or when you can celebrate your birthday, wedding, or graduation surrounded by your nearest and dearest.

We can get there — together. https://t.co/uVRpnIrirz",False,40339,
1320114298878939136,2020-10-24 21:25:50+00:00,"Make your plan to vote early, folks. #VoteEarlyDay

https://t.co/uoiVh9ZqzI",False,46841,
1320102491157983232,2020-10-24 20:38:54+00:00,".@DrBiden and I are in Luzerne County, Pennsylvania, to encourage folks to vote early. Tune in — and then head to https://t.co/uoiVh9HPb8 to make your plan to vote. https://t.co/WJOAGpLNcM",False,14834,
1320084095679057922,2020-10-24 19:25:49+00:00,"RT @BarackObama: Hello, Florida! It's #VoteEarlyDay and we’re just 10 days away from this election. I want to see you make a plan today for…",False,0,
1320081374448025600,2020-10-24 19:15:00+00:00,"President Trump called India ""filthy.""

It's not how you talk about friends—and it's not how you solve global challenges like climate change.

@KamalaHarris and I deeply value our partnership—and will put respect back at the center of our foreign policy. https://t.co/TKcyZiNwY6",False,46509,
1320075586442809344,2020-10-24 18:52:00+00:00,"Iowa — today is your last day to register to vote online or pre-register in person. 

After today, you can register when you vote early in-person or at the polls on Election Day.

Head to https://t.co/Ald791vRME to get registered.",False,8946,
1320071308193918978,2020-10-24 18:35:00+00:00,"New York — you can vote early in-person starting today.

Be among the first in your state to make your voice heard in this year's election. https://t.co/3Fgni5jMab",False,13817,
1320062504068911105,2020-10-24 18:00:01+00:00,Rick — thank you for sharing your talent with me. I was so blown away by your art that I asked my team to add it to our online store: https://t.co/dVYZJVceoq https://t.co/lh3keVBoSB,False,112631,
1320058976885760003,2020-10-24 17:46:00+00:00,"Massachusetts — today is the last day to register to vote.

Head to https://t.co/5vTG2RzkDl and get registered before it’s too late.",False,10204,
1320055705416523778,2020-10-24 17:33:00+00:00,"Folks, you don’t have to wait until November 3rd to cast your ballot. You can vote now in most states across the country.

Head to https://t.co/eoxT07uII9 and make your voice heard today. #VoteEarlyDay",False,17936,
1320041360771051522,2020-10-24 16:36:00+00:00,"On Thursday, President Trump said we're ""rounding the turn"" when it comes to COVID-19.

On Friday, we set a new record for daily cases. 

We're paying the price for his failures every single day. https://t.co/j12Yv9uYOH",False,78186,
1320034854575181824,2020-10-24 16:10:09+00:00,"Today marks the first-ever #VoteEarlyDay — and our campaign has set a big goal of talking to ten million people about voting early.

We can’t do it without you — sign up to help: https://t.co/u4eKL4ivg8",False,25222,
1320020154936295425,2020-10-24 15:11:44+00:00,"With just ten days until Election Day, @DrBiden and I are in Bucks County, Pennsylvania, to encourage folks to vote early. Tune in. https://t.co/RwgAiyjFef",False,14980,
1319997068765581312,2020-10-24 13:40:00+00:00,10 days.,False,222342,
1319988764249305089,2020-10-24 13:07:00+00:00,Shamar –– thank you for your continued support and words of wisdom. I can’t wait to see what you accomplish. https://t.co/3wajKF1Aui,False,64075,
1319811093422800897,2020-10-24 01:21:00+00:00,"Folks, tomorrow marks the first-ever #VoteEarlyDay.

Make your plan to vote early: https://t.co/uoiVh9ZqzI

And then sign up to help get people across the country to vote early as well: https://t.co/u4eKL4ivg8 https://t.co/58mbf1xhmP",False,19127,
1319796141567819776,2020-10-24 00:21:35+00:00,"RT @BernieSanders: The future of health care, our climate, our education system and so much more is at stake in this election. That's why i…",False,0,
1319790457560379393,2020-10-23 23:59:00+00:00,Wearing a mask is not a political statement. https://t.co/HStwvMX95O,False,57255,
1319786992125751302,2020-10-23 23:45:14+00:00,RT @BarackObama: One election won't make everything perfect—but it could make things better. And that's why it’s worth taking a few minutes…,False,0,
1319784648227065859,2020-10-23 23:35:55+00:00,"More than 50 million Americans have already voted. We are making history.

Join us: https://t.co/eoxT07d7QB",False,118762,
1319757238593048577,2020-10-23 21:47:00+00:00,"There is nothing more powerful than folks coming together and using their voices to inspire change. We're hosting a grassroots concert to get people to the polls across the country, and I hope you’ll join us.

Chip in any amount to reserve your spot: https://t.co/Di1AIiRjHa https://t.co/v5wd2lR1wO",False,16759,
1319740377486688257,2020-10-23 20:40:00+00:00,"A slight change of tone from the president for one night doesn’t cover up the lies he told. It doesn’t change the fact that over 220,000 Americans have died from COVID-19 on his watch.

We can’t take another four years of Donald Trump’s failed leadership.",False,129816,
1319732324616077315,2020-10-23 20:08:00+00:00,"64 years ago today, freedom-loving Hungarians revolted against communist rule. Their spirit inspired the Prague Spring, Poland's Solidarity movement, and the fall of the Berlin Wall. As president, I'll always stand in defense of democracy and freedom at home and around the world.",False,58327,
1319723264927649792,2020-10-23 19:32:00+00:00,"After eight months of this pandemic, we finally found President Trump's plan to beat COVID-19. https://t.co/KO4g328Uvr",False,191829,
1319714530507825154,2020-10-23 18:57:17+00:00,"RT @KamalaHarris: More than 223,000 people have died from coronavirus. Trump still doesn’t have a plan. We need a real leader in the White…",False,0,
1319698853830983682,2020-10-23 17:55:00+00:00,You deserve a president who tells you the truth. https://t.co/wz20ghT2fu,False,79861,
1319686774441058306,2020-10-23 17:07:00+00:00,.@BarackObama is right: President Trump wants full credit for the economy he inherited and zero blame for the pandemic he ignored. https://t.co/tCD5UST32J,False,64059,
1319674946482819073,2020-10-23 16:20:00+00:00,"The character of our country is on the ballot.

Last night’s debate showed once and for all that the choice is as clear as ever, and the stakes are as high as ever.

Vote: https://t.co/eoxT07d7QB https://t.co/8oyMQzR2iM",False,27687,
1319666310133985282,2020-10-23 15:45:41+00:00,"Return your ballots, folks.

https://t.co/eoxT07d7QB",False,113971,
1319655065708355585,2020-10-23 15:01:00+00:00,"Utah — today is the last day to register to vote online.

After today, you can register when you vote early in-person or at the polls on Election Day.

Head to https://t.co/Ukm319OHjo to get registered.",False,10354,
1319643992523296769,2020-10-23 14:17:00+00:00,Nebraska –– It’s your last day to register to vote in-person. Head to https://t.co/K5rrtCjL7O to find all the information you need.,False,15259,
1319480014857998338,2020-10-23 03:25:24+00:00,"Let’s go win this, folks.

https://t.co/eoxT07d7QB",False,136664,
1319473619941031937,2020-10-23 03:00:00+00:00,"Folks, I just stepped off the debate stage, and I’ve never been more fired up and ready to win this election.

Now, I need your help — chip in to keep tonight’s momentum going through Election Day: https://t.co/9lrG3uFUIx",False,40248,
1319472613035528192,2020-10-23 02:56:00+00:00,"I'm running as a proud Democrat, but I will govern as an American president. I will represent you — whether you vote for me or against me.",False,185374,
1319471858027122688,2020-10-23 02:53:00+00:00,"Decency, honor, respect, treating people with dignity, making sure that everyone has an even chance.

I'm going to make sure you get that. You haven't been getting it the last four years. https://t.co/KhQIGGZHIH",False,45901,
1319469844920627201,2020-10-23 02:45:00+00:00,Donald Trump is the most racist president in modern history. https://t.co/6GyKSbRoHA,False,87916,
1319468838195396608,2020-10-23 02:41:00+00:00,"You know who I am. You know who Donald Trump is. 

The character of the country is on the ballot. https://t.co/LdiIAOhHLj",False,58299,
1319468334845513729,2020-10-23 02:39:00+00:00,"There is institutional racism in America.

We have to give everyone a fair shot. https://t.co/rB8qzFT8rR",False,28394,
1319465818300690433,2020-10-23 02:29:00+00:00,"Kids were ripped from their parents’ arms, and now they can't find their parents.

Those kids are alone. With nowhere to go.

It’s criminal. https://t.co/HsfQayx3ZV",False,42964,
1319464056621813765,2020-10-23 02:22:00+00:00,Donald Trump has a dog whistle about as big as a foghorn.,False,174228,
1319463301995266048,2020-10-23 02:19:00+00:00,"You know who I am. You know who he is.

The character of the country is on the ballot. Look at us closely.",False,109754,
1319461625427099651,2020-10-23 02:12:20+00:00,"Equality and justice — the American creed. We have never lived up to it, but we’ve never stopped trying — until this President.",False,41203,
1319460281936793600,2020-10-23 02:07:00+00:00,Call it Bidencare. https://t.co/Ng3Fvk4fpY,False,69757,
1319459778989469696,2020-10-23 02:05:00+00:00,"This isn’t about Donald Trump’s family or my family. This is about your family.

Families across America are hurting — but that’s the last thing Donald Trump wants to talk about. https://t.co/qWMgnLHxKY",False,21034,
1319458523177156610,2020-10-23 02:00:00+00:00,"All Donald Trump can see from Park Avenue is Wall Street.

He thinks the economy is doing well if the Dow Jones is doing well.

Believe it or not, Mr. President, most Americans don't live off the stock market.",False,62633,
1319458227160076292,2020-10-23 01:58:50+00:00,He’s a confused guy. He doesn’t know who he’s running against. He’s running against Joe Biden.,False,189752,
1319457010312675333,2020-10-23 01:54:00+00:00,"We’ve been waiting years for President Trump to reveal his grand plan for health care, and he still has nothing to show.

I’ve laid out exactly what I’ll do. Take a look: https://t.co/34NCSYhO2C",False,18360,
1319456758734225414,2020-10-23 01:53:00+00:00,"I have released all of my tax returns. 22 years. Go look at them.

What is Donald Trump hiding? https://t.co/2TNt0z1QMw",False,37794,
1319455248868663296,2020-10-23 01:47:00+00:00,"It’s not about his family or my family. It’s about your family.

If you’re a middle-class family right now, you’re hurting badly.",False,70603,
1319454865286926336,2020-10-23 01:45:28+00:00,Malarkey!,False,201799,
1319453990325661698,2020-10-23 01:42:00+00:00,I don’t see our country in terms of blue states and red states. We are the United States. https://t.co/7G5IXGA9fu,False,31400,
1319452732114259970,2020-10-23 01:37:00+00:00,Donald Trump should release his tax returns or shut up about corruption.,False,264197,
1319452480451694593,2020-10-23 01:36:00+00:00,"I am proud that the average contribution to my campaign is $43.

Chip in to power our grassroots movement through this final stretch: https://t.co/foyJuIKiYo",False,11985,
1319450467265433601,2020-10-23 01:28:00+00:00,I don’t look at this the way Donald Trump does — blue states or red states. They’re all the United States.,False,143615,
1319448963443982337,2020-10-23 01:22:01+00:00,"I’m going to shut down the virus, not the country.",False,261776,
1319448453911441408,2020-10-23 01:20:00+00:00,"Learning to live with it? Come on. People are dying with it, Mr. President.",False,161238,
1319446692236791814,2020-10-23 01:13:00+00:00,"220,000 deaths.

If you hear nothing else I say tonight, hear this: Anyone who is responsible for that many deaths should not remain President of the United States.",False,110422,
1319435367653593088,2020-10-23 00:28:00+00:00,Ready. https://t.co/RYbnSpEsKB,False,79908,
1319432096172081154,2020-10-23 00:15:00+00:00,I need you in my corner tonight. Can you chip in before I take the debate stage and help power this campaign through the final 12 days? https://t.co/RAUkSHc6ce,False,14015,
1319420772469727232,2020-10-22 23:30:00+00:00,"Folks, the final debate is here. Tune in at 9 PM ET as I go head-to-head with Donald Trump for the last time before Election Day.",False,92048,
1319410705364373505,2020-10-22 22:50:00+00:00,"Donald Trump sees the world from Park Avenue.

I see it from where I came from: Scranton, Pennsylvania. 

It's why I'll fight every day as president to make this country work for the middle class — not the wealthy and well-connected.",False,67454,
1319392082436476930,2020-10-22 21:36:00+00:00,I’m running as a proud Democrat. But I will be an American president.,False,230690,
1319367926483476481,2020-10-22 20:00:01+00:00,"I’m always talking about my plans to build back better for all Americans. But what does that really mean for you and your family? 

Watch as @ewarren helps explain: https://t.co/ti7QJCU7j0",False,14968,
1319349804099653633,2020-10-22 18:48:00+00:00,"On this International Stuttering Awareness Day, I want everyone to remember that the barriers you face don't define who you are. They didn't for me –– as a young boy who stuttered –– and they certainly don't for Brayden.

What defines you is your heart and your courage. https://t.co/zoVPzmroJh",False,91403,
1319346532584288256,2020-10-22 18:35:00+00:00,"Folks, it's go-time. This is the most important election of our lifetimes — and you can make all the difference.

Vote. https://t.co/eoxT07uII9",False,25454,
1319328916499124224,2020-10-22 17:25:00+00:00,"Vote like your health care is on the ballot — because it is.

https://t.co/eoxT07uII9 https://t.co/93UPvti02N",False,56720,
1319322877062049792,2020-10-22 17:01:00+00:00,Thank you to each and every person who has gotten involved in our campaign so far. Whether you chipped in a few dollars or dedicated a few hours of your time — I’m incredibly grateful. Let’s keep our foot on the pedal these final 12 days and finish strong. https://t.co/Rh7jn4HODX,False,14401,
1319294943110729730,2020-10-22 15:10:00+00:00,"I’ve spent my entire career fighting for the middle class and standing up to the abuse of power.

Donald Trump has spent his entire career looking out for himself and abusing his power. https://t.co/Vie5CP9wq7",False,63219,
1319286134564933633,2020-10-22 14:35:00+00:00,"Indiana — today is the last day to request your absentee-by-mail ballot. 

You need a valid excuse to vote absentee-by-mail. If you are eligible, head to https://t.co/oGZw9Kg8SH and request yours before it’s too late.",False,12542,
1319247631089094657,2020-10-22 12:02:00+00:00,"Folks, you heard @BarackObama: Make a plan, vote early, and make sure your friends and family do as well.

https://t.co/eoxT07d7QB https://t.co/deCh7bW9IS",False,74241,
1319117774916997121,2020-10-22 03:26:00+00:00,"“If we pour all our efforts into these 13 days, if we vote up and down the ticket like never before, then we will not only elect Joe Biden and Kamala Harris, we will also leave no doubt about what this country that we love stands for.” — @BarackObama

https://t.co/eoxT07uII9 https://t.co/EOmHJ4wrnD",False,77480,
1319105386666930176,2020-10-22 02:36:46+00:00,"RT @KamalaHarris: Why​ would an incumbent president who has been in office ​for four years​ try to discourage people from voting?

It’s bec…",False,0,
1319090595814670336,2020-10-22 01:38:00+00:00,"America was an idea. We've never lived up to it but we've never walked away from it before.

https://t.co/VRCnKI0rfQ https://t.co/xLuhhGyJVp",False,31498,
1319073483943407617,2020-10-22 00:30:00+00:00,"Folks, if you plan to vote by mail and haven’t requested your ballot yet, it’s important that you do so as soon as possible. Deadlines are quickly approaching in states across the country. Head to https://t.co/eoxT07uII9 to find all the information you need. https://t.co/ye5sObBK1z",False,14170,
1319063416787619844,2020-10-21 23:50:00+00:00,"Vote early.

Vote by mail.

Vote on Election Day.

Just make sure you vote. https://t.co/eoxT07d7QB",False,43450,
1319054608916901891,2020-10-21 23:15:00+00:00,"President Trump didn't take the necessary precautions to protect himself and others.

How can we trust him to protect the country?",False,197262,
1319032499456987136,2020-10-21 21:47:08+00:00,I couldn’t be more excited to have my friend @BarackObama hitting the campaign trail. Tune in for his first drive-in rally live from Philadelphia. https://t.co/NJyChqivOt,False,35069,
1319021893446492162,2020-10-21 21:05:00+00:00,"It’s time we replace Secretary Betsy DeVos with an actual public school educator — one who values our public schools and is capable of guiding all of our schools through this pandemic.

Vote: https://t.co/eoxT07d7QB https://t.co/CWf3H5BqOH",False,116753,
1319010458414665728,2020-10-21 20:19:33+00:00,Tune in as @BarackObama sits down with community leaders in Philadelphia to talk about what’s at stake in this election. https://t.co/Xzmy0Cs3sw,False,26145,
1319006793931100162,2020-10-21 20:05:00+00:00,"Hay muchos asuntos que son complicados, pero algunas cosas son visiblemente claras. Las familias deben permanecer unidas. https://t.co/rLC69J5rHI",False,8053,
1319003018956886020,2020-10-21 19:50:00+00:00,"There are many issues that are complicated, but some things are just black and white. Families belong together. https://t.co/TgIkhAMAtZ",False,17456,
1318998087176802304,2020-10-21 19:30:24+00:00,Cada día parece que descubrimos nuevos horrores cometidos por el presidente Trump y su administración. https://t.co/eefL58X7R8,False,29097,
1318984450328399873,2020-10-21 18:36:13+00:00,Every day it seems we uncover new horrors perpetrated by President Trump and his administration. https://t.co/eefL58X7R8,False,94206,
1318960740657672193,2020-10-21 17:02:00+00:00,"The Build Back Better Express Tour was about more than my love for trains — it was about meeting folks along the way and discussing how we can make their lives better.

They are the backbone of America — and I’ll fight for them every day in the White House. https://t.co/HhJHo35DvD",False,21667,
1318937589097717760,2020-10-21 15:30:00+00:00,"Justice is on the ballot.

https://t.co/eoxT07uII9 https://t.co/0dg9Cg1f2i",False,22899,
1318919971653578752,2020-10-21 14:20:00+00:00,"West Virginia — in-person early voting is now open across the state. 

Make a plan to vote at https://t.co/3lR0146LYv.",False,17378,
1318915442153562115,2020-10-21 14:02:00+00:00,"Missouri — today is the last day to request a mail-in ballot.

Head to https://t.co/lDI7PzhWha and request yours today.",False,13883,
1318753877076881408,2020-10-21 03:20:00+00:00,It’s time we see each other as fellow Americans who live in — and love — the United States of America. https://t.co/xawem14X61,False,108309,
1318714870024540160,2020-10-21 00:45:00+00:00,"I’ve always believed we’re at our best when we’re one America. If we come together, there’s not a single thing we cannot overcome.",False,120406,
1318701028997517314,2020-10-20 23:50:00+00:00,"If I’m elected president, I won’t waste a minute getting this virus under control. Here’s how I’ll do it: https://t.co/NoPsQ0FDV8",False,57011,
1318691465959268353,2020-10-20 23:12:00+00:00,"Whether it’s your first time voting or you’re an old pro, voting is better with friends and family. So message a few folks and make your plan to vote together today.

https://t.co/uoiVh9ZqzI https://t.co/clVe9wpOMi",False,18282,
1318674605192761350,2020-10-20 22:05:00+00:00,"Listening to scientists is not a bad thing.

I can’t believe that has to be said.",False,411165,
1318654724057518080,2020-10-20 20:46:00+00:00,"America is a nation that values immigrants. It is and has always been one of our greatest strengths.

We need a president who understands that. https://t.co/fIuNJUrfY3",False,25390,
1318646240956108808,2020-10-20 20:12:17+00:00,RT @KamalaHarris: My birthday wish this year? For everyone to go vote: https://t.co/MykJL0X5gt.,False,0,
1318638114429173767,2020-10-20 19:40:00+00:00,"A few weeks ago, I spoke to Mr. Rogers’ wife Joanne when I was in her neighborhood in Pittsburgh. It was a great conversation.

Friendship, empathy, kindness, and compassion — I think we could all learn a thing or two from her and her husband’s example. https://t.co/lRX9jt7FXS",False,70325,
1318627796365856768,2020-10-20 18:59:00+00:00,"Tonight, the Avengers are assembling with real-life superhero @KamalaHarris for a grassroots fundraiser.

Time is running out to join them. Chip in to reserve your spot: https://t.co/kLqUKmDCjK https://t.co/3wL1zcFFd6",False,18670,
1318618886674186241,2020-10-20 18:23:35+00:00,"RT @TeamJoe: When @katieporteroc breaks out her whiteboard, you know she means business.

Watch as she explains how a Biden-Harris administ…",False,0,
1318609173727281155,2020-10-20 17:45:00+00:00,"Two weeks from today, we’re going to beat President Trump.",False,536019,
1318598926262480898,2020-10-20 17:04:17+00:00,"Mr. President, the people are tired. They’re tired of your lies about this virus. They’re tired of watching more Americans die, and more people lose their jobs because you refuse to take this pandemic seriously. https://t.co/pdxdo3FadB",False,29258,JoeBiden
1318598925075566592,2020-10-20 17:04:16+00:00,"Waving a white flag and saying, “it is what it is” is unacceptable when thousands are dying each week, when businesses are closing, and when schools remain shuttered. The American people have never backed down from a challenge, but they need a leader to show the way.",False,38192,JoeBiden
1318598924131860481,2020-10-20 17:04:16+00:00,"Yesterday, @realDonaldTrump decided to attack Dr. Fauci once again, calling him a ‘disaster’ and public health experts ‘idiots.’ Meanwhile, he still has no plan to beat this virus.",False,101830,
1318585266542538754,2020-10-20 16:10:00+00:00,"Happy Birthday, @KamalaHarris. Next year, let’s celebrate with some ice cream at the White House. https://t.co/SWhS32AaIE",False,266325,
1318582246320738304,2020-10-20 15:58:00+00:00,"If you live in Hawaii, Utah, or Wisconsin, in-person early voting is now underway.

Millions of Americans across the country have already voted. Join them and cast your ballot today. https://t.co/eoxT07uII9",False,12149,
1318578975216750599,2020-10-20 15:45:00+00:00,"Maryland and New Mexico — if you plan to vote by mail, today is the last day to request your absentee ballot.

Head to https://t.co/eoxT07d7QB before it's too late.",False,11722,
1318561610235981824,2020-10-20 14:36:00+00:00,"The simple, sad truth is that this president is not in office to serve the American people. He’s in it to serve himself.

@KamalaHarris and I are in this for you and your families. https://t.co/mV9ONHhn1b",False,57787,
1318361290306392064,2020-10-20 01:20:00+00:00,Pennsylvania — there are just a few hours left to register to vote online. Don’t miss your chance to make your voice heard in this election. Head to https://t.co/U1KkwCfDCV and register before 11:59 PM.,False,17448,
1318357515680116737,2020-10-20 01:05:00+00:00,"For once, Donald Trump is correct: I will listen to scientists. https://t.co/jmxoDn1Ezp",False,202738,
1318352230458609664,2020-10-20 00:44:00+00:00,I will be a president who pushes towards the future. Not one who clings to the past.,False,326010,
1318342919305166850,2020-10-20 00:07:00+00:00,".@realDonaldTrump — if you had listened to the scientists, it wouldn't be this bad. https://t.co/0eNuV4pAMK",False,74577,
1318328574881918976,2020-10-19 23:10:00+00:00,"Folks, the Avengers are coming back together for their biggest battle yet. Join them and @KamalaHarris tomorrow night for a grassroots fundraiser you won’t want to miss: https://t.co/D4fn4nxv9i https://t.co/3sGQRBW7yu",False,35303,
1318322534937395200,2020-10-19 22:46:00+00:00,"We are in a battle for the soul of this nation — and it’s a battle we can and must win.

Vote. https://t.co/eoxT07d7QB",False,34480,
1318286327721480194,2020-10-19 20:22:07+00:00,...yes https://t.co/LZyAQugqoW,False,450255,
1318275726752256000,2020-10-19 19:40:00+00:00,"Early voting starts today in:

Alaska
Arkansas
Colorado
Florida (in most counties)
Idaho (in some counties)
North Dakota

Don't wait until November 3rd to cast your ballot — vote early today: https://t.co/eoxT07d7QB https://t.co/X5ylgiW5Ss",False,18014,
1318266163726487558,2020-10-19 19:02:00+00:00,"This election is about so much more than policies. The soul of America is on the ballot. 

@KamalaHarris and I will work every day to bind up our wounds and bring this country back together. https://t.co/hsy8JIIAqk",False,28630,
1318237222764642304,2020-10-19 17:07:00+00:00,It’s long past time we build an economy that rewards work — not wealth. https://t.co/rm9AK6rBxW,False,23901,
1318216587212582913,2020-10-19 15:45:00+00:00,"Together, we can put an end to the last four years of darkness, division, and chaos.

We can unite, mend our wounds, and begin to heal.

It starts at the ballot box: https://t.co/eoxT07uII9 https://t.co/bmpMpedpdQ",False,31863,
1318211701435736070,2020-10-19 15:25:35+00:00,RT @KamalaHarris: We the people have the power: https://t.co/MykJL0X5gt. https://t.co/5kzLNoHoBO,False,0,
1318182614570692608,2020-10-19 13:30:00+00:00,15 days. Let’s finish strong.,False,390949,
1318170176660135936,2020-10-19 12:40:35+00:00,...yes https://t.co/RzZ3j3zoAL,False,1200639,
1317993870257389568,2020-10-19 01:00:00+00:00,"You have the power to own the outcome of this election — but only if you vote.

Head to https://t.co/eoxT07uII9 and make your plan to cast your ballot today.",False,20590,
1317978773707345920,2020-10-19 00:00:01+00:00,Wear a mask. Wash your hands. Vote out Donald Trump.,False,1233558,
1317966186907226113,2020-10-18 23:10:00+00:00,"I’ve had a rule my entire life: No matter what’s happening, no matter how important the meeting, I’ll always answer a call from my grandchildren. https://t.co/mmsB1GOxAu",False,127290,
1317952345544794112,2020-10-18 22:15:00+00:00,"We are in a battle for the soul of the nation. 

The forces of darkness, the forces of division, the forces of yesterday are pulling us apart, holding us down, and holding us back.

We must free ourselves of all of them.",False,109727,
1317945733958537218,2020-10-18 21:48:43+00:00,"RT @TheDemocrats: If you live in any of these states and you plan to vote by mail, your ballot must be requested by sometime this week. Fin…",False,0,
1317942279353454592,2020-10-18 21:35:00+00:00,I believe there is not a single thing we cannot accomplish as a country if we do it together. https://t.co/suxrTITkTm,False,36399,
1317934981432430592,2020-10-18 21:06:00+00:00,The truth is things in life are easier when you have a plan — and that includes voting. So my team set up a tool to help you make your plan to vote. Check it out: https://t.co/uoiVh9ZqzI,False,13752,
1317918374341476353,2020-10-18 20:00:00+00:00,"From tackling climate change to making community college free for all — I've got big plans for the country.

And I'll pay for them by making sure the super-wealthy, like President Trump, pay more than $750 in federal income taxes.",False,83424,
1317907047099191297,2020-10-18 19:15:00+00:00,"I’ve spent my entire career fighting for a more just, safe, and prosperous America — and I’m not finished yet. https://t.co/cS3LPT7afX",False,24805,
1317895724105895939,2020-10-18 18:30:00+00:00,"COVID-19 cases are on the rise across the nation.

But instead of leading by example, Donald Trump continues to put others in danger with his campaign events that ignore expert-recommended precautions.

Every day he proves just how unfit he is to lead America through this crisis.",False,54679,
1317881721111539719,2020-10-18 17:34:22+00:00,"I’m in Durham, North Carolina, encouraging folks to make their plan to vote early. Tune in — and then head to https://t.co/uoiVh9HPb8 to make yours. https://t.co/lNw7Jxuh65",False,11612,
1317873073345921024,2020-10-18 17:00:00+00:00,"Folks, if you live in Illinois, today is your last day to register to vote online. Don’t wait, head to https://t.co/MNWeBHjGLh and register before it’s too late.",False,14554,
1317865525012131841,2020-10-18 16:30:00+00:00,Chip in to help us make Donald Trump a one-term president: https://t.co/JR9S8cVokb,False,9181,
1317844887614771200,2020-10-18 15:08:00+00:00,Turns out Twitter isn’t so bad when you read tweets that aren’t from President Trump. https://t.co/ZKA2dwZQks,False,170504,
1317832808254083072,2020-10-18 14:20:00+00:00,"I often think about what it takes for a Black person to love America. That is a deep love for this country that, for far too long, has not been recognized.

It’s time we fulfilled our nation’s founding promise: equality for all. 

Here’s how we’ll do it: https://t.co/wH2hVq7UL2",False,25528,
1317623931914813444,2020-10-18 00:30:00+00:00,"A job is about a lot more than a paycheck.

It's about dignity. It's about respect. It's about being able to look your kid in the eye and say everything will be okay.

Too many people today can't do that — and it's got to change.",False,95494,
1317605057215500289,2020-10-17 23:15:00+00:00,"Every day we're reminded just how much is at stake in this election. We can't afford to have anyone sit on the sidelines.

Vote. https://t.co/eoxT07d7QB",False,22587,
1317589957704355843,2020-10-17 22:15:00+00:00,"In the middle of a pandemic, President Trump is trying to eliminate Obamacare and increase health care costs for millions.

Now, he’s rushing through a U.S. Supreme Court justice to help him get it done. It’s unconscionable. 

Make no mistake: Health care is on the ballot.",False,67968,
1317574858302128129,2020-10-17 21:15:00+00:00,"If we do our part, if we stand together, if we keep faith with the past and with each other — then the divisions of our time can give way to the dreams of a brighter, better future. 

That is our work. That is our pledge. That is our mission.",False,55215,
1317554725596942336,2020-10-17 19:55:00+00:00,Promise? https://t.co/Wbl86i8uYo,False,170288,
1317545917776564224,2020-10-17 19:20:00+00:00,"This election is bigger than any one candidate. 

It's about the future of our economy, our health care, our climate, our commitment to racial justice, our democracy –– and so much more.

We have to vote. https://t.co/eoxT07d7QB",False,16526,
1317525784836382721,2020-10-17 18:00:00+00:00,"As president, I’ll protect and build on Obamacare by:

- Giving Americans the choice to buy a new public option
- Lowering premiums, deductibles, and co-pays
- Standing up to prescription drug corporations

We’re going to make sure every American has access to the care they need.",False,48522,
1317510433851412482,2020-10-17 16:59:00+00:00,You deserve a president who will actually tell you the truth. https://t.co/I9XzZ0ADmT,False,38647,
1317501610923261956,2020-10-17 16:23:56+00:00,"RT @KamalaHarris: My mother raised me to see what could be, unburdened by what has been. https://t.co/5sNj8MmjvZ",False,0,
1317499360947654658,2020-10-17 16:15:00+00:00,Nevada — early voting has officially started. Join the over 20 million people across the country who have already voted early and cast your ballot today. https://t.co/ajJjiHhlLu,False,13228,
1317488036851089410,2020-10-17 15:30:00+00:00,"Voting is your opportunity to be in the room where it happens.

Don't throw away your shot: https://t.co/eoxT07d7QB https://t.co/uU5mRDGsXE",False,67810,
1317472937159610373,2020-10-17 14:30:00+00:00,"As the Hindu festival of Navratri begins, Jill and I send our best wishes to all those celebrating in the U.S. and around the world. May good once again triumph over evil — and usher in new beginnings and opportunity for all.",False,130957,
1317465638953168899,2020-10-17 14:01:00+00:00,"We’ve got to come together to defeat Donald Trump –– Democrats, Independents, Republicans, and yes, even Demo-cats. https://t.co/LtsTWy7MmI",False,198342,
1317262047420190720,2020-10-17 00:32:00+00:00,"Folks, millions of you have already requested absentee ballots. It’s essential to return your ballots as soon as you can. You can return your ballot by mail or, in most states, at locations designated by your clerk. Head to https://t.co/eoxT07uII9 to learn more. https://t.co/ULvjzpb8PZ",False,16712,
1317252484071624708,2020-10-16 23:54:00+00:00,"Violence against transgender and gender non-conforming people — particularly Black and Brown transgender women — is an epidemic that needs national leadership. But Donald Trump has done nothing but fan the flames of transphobia.

It has to end. https://t.co/v2DAbcIcCv",False,33749,
1317243927817113600,2020-10-16 23:20:00+00:00,Let’s be clear: The emergency aid should have never been denied in the first place. https://t.co/GZuhSNSY7y,False,86603,
1317230581994811392,2020-10-16 22:26:58+00:00,"The election is underway across the country, and millions of Americans have already cast their ballots. I’m in Detroit, Michigan, to encourage folks to join them and vote early. Tune in. https://t.co/8QXlDNjKzi",False,9775,
1317226311669014528,2020-10-16 22:10:00+00:00,"Not only does President Trump refuse to grant Temporary Protected Status to Venezuelans, but he also apparently used stealth deportations to send them back to the oppressive Maduro regime.

It’s abundantly clear he has no regard for the suffering of the Venezuelan people. https://t.co/wJnQ5EDT7M",False,19613,
1317216245679378432,2020-10-16 21:30:00+00:00,"You have the power to prevent 2016 from happening again — but only if you vote.

https://t.co/eoxT07d7QB https://t.co/ujWChoXpYK",False,49358,
1317202907444334592,2020-10-16 20:37:00+00:00,We need a president who will expand access to health care — not one who does everything he can to tear it away.,False,144449,
1317200207629733889,2020-10-16 20:26:16+00:00,RT @TeamJoe: Join our Campaign Manager @jomalleydillon as she gives grassroots supporters like you an update on the state of the race: http…,False,0,
1317187255019077632,2020-10-16 19:34:48+00:00,We can’t let President Trump tear down Obamacare — we have to protect and build on it. Tune in as I speak live from Michigan about my plans to give more Americans access to affordable health care. https://t.co/RZ8hakbLbe,False,12740,
1317162642142875654,2020-10-16 17:57:00+00:00,"I know times are tough, but I promise our best days still lie ahead. Together, we're going to overcome these crises, unite the country, and build a better future for all.",False,127783,
1317151066035802112,2020-10-16 17:11:00+00:00,"The cast of Hamilton knows we're engaged in a battle for this nation's very soul — and this election is too important to sit out. So they're coming together for a grassroots fundraiser tonight that you won't want to miss.

Chip in to reserve your spot: https://t.co/3ScSFrEMSr",False,18563,
1317118107882803203,2020-10-16 15:00:02+00:00,".@JLo and @AROD –– Jill and I are deeply grateful to have your support.

Thank you for stepping up and speaking out. As Jennifer said: The Latino community has the power to determine the outcome of this election. 

Vote: https://t.co/eoxT07d7QB https://t.co/Nf08ln8XVj",False,32186,
1317113065544929282,2020-10-16 14:40:00+00:00,Louisiana –– early voting begins today across the state. Head to https://t.co/2NyiL42it7 to find all the info you need to cast your ballot.,False,12336,
1317108032317267968,2020-10-16 14:20:00+00:00,Nebraska — today is your last day to register to vote online and by mail. Head to https://t.co/K5rrtCjL7O to get registered before it’s too late.,False,11540,
1316923063649226752,2020-10-16 02:05:00+00:00,"I just stepped off the stage at tonight’s town hall, where I laid out what’s at stake in this election.

Now, I need your help. Chip in to power our campaign through this final stretch. https://t.co/OcFsE3oMHq",False,21115,
1316920798406451205,2020-10-16 01:56:00+00:00,"If I'm elected president, you won't hear me race-baiting, you won't hear me dividing — you'll hear me trying to unify. https://t.co/PNsBW8OQmX",False,51788,
1316920043553378305,2020-10-16 01:53:00+00:00,"How will I ensure the rights of LGBTQ+ people are protected under U.S. law?

I’ll change the law.",False,217764,
1316917275354669061,2020-10-16 01:42:00+00:00,We have to heal this nation. https://t.co/wD45ZGcKO2,False,49690,
1316915010606514176,2020-10-16 01:33:00+00:00,"I'm running as a proud Democrat, but I'm going to be an American president. 

I'm going to take care of those who voted against me as well as those who voted for me. 

That's what presidents do.",False,165601,
1316914003646517249,2020-10-16 01:29:00+00:00,"We're a diverse country — and unless we are able to treat people equally, we're just never going to meet our potential.",False,144549,
1316907209465290752,2020-10-16 01:02:00+00:00,"Folks, I hope I’m making you proud during tonight’s town hall.

If you’re with us, please chip in to help power our campaign over these final 19 days. https://t.co/rA9WmMPRxs",False,28952,
1316903434168172551,2020-10-16 00:47:00+00:00,"Two of the things I've cared about throughout my whole career:

1. Improving the criminal justice system.
2. Putting Black Americans in a position to gain generational wealth.

And as president, I will continue that fight every day.",False,26731,
1316899408315772928,2020-10-16 00:31:00+00:00,The words of a president matter. https://t.co/ABrbg5xTkg,False,29964,
1316896639416561666,2020-10-16 00:20:00+00:00,"Let me be very clear: If you make under $400,000 you won’t pay a penny more in taxes under my administration.",False,342775,
1316896136116891649,2020-10-16 00:18:00+00:00,"The words of a president matter. And when a president doesn't wear a mask or makes fun of folks who do, it has consequences.",False,112560,
1316894877649653761,2020-10-16 00:13:00+00:00,"Over 215,000 Americans have died from COVID-19, and what is President Trump doing?

Nothing.",False,29499,
1316894374500962305,2020-10-16 00:11:00+00:00,"We're eight months into this pandemic, and Donald Trump still doesn't have a plan to get this virus under control.

I do.",False,70836,
1316888334594007040,2020-10-15 23:47:00+00:00,"I’m about to step on stage for tonight’s town hall in Philadelphia, Pennsylvania. Tune in to @ABC to watch live.",False,82573,
1316881791425212417,2020-10-15 23:21:00+00:00,"This is not a moment — it's a movement.

Rise up and be a part of it with the original cast of Hamilton.

Chip in to join: https://t.co/YtCDSeBN01",False,17561,
1316854109270503426,2020-10-15 21:31:00+00:00,"Well, folks, @KamalaHarris and I watched some of President Trump’s remarks from the campaign trail — and it went just as you’d imagine. We wanted to take a moment to clear up some of the lies he’s been saying about us. https://t.co/QWqXp3qdSD",False,94730,
1316840806502760448,2020-10-15 20:38:08+00:00,"Our campaign’s contact tracing remains ongoing, and my team will continue to share any significant developments with the American people. If anything, let this serve as an example of the importance of wearing masks and keeping a safe, social distance.",False,36821,JoeBiden
1316840627817066496,2020-10-15 20:37:26+00:00,"Not only was the individual 50+ feet away and wearing a mask, but I was wearing an N-95 mask. No members of my staff were in contact with this crew member either.  My doctors have advised that there is no need for me to quarantine.",False,33794,JoeBiden
1316840452235186178,2020-10-15 20:36:44+00:00,"During our contact tracing, we discovered around noon today that a member of the company that charters my airplane has also tested positive for COVID. This crew member was on the plane with me, but was more than 50 feet away. 

My COVID test from last night came back negative.",False,79124,
1316831214821548033,2020-10-15 20:00:01+00:00,"Donald Trump is rushing through Justice Ginsburg's replacement because he's laser-focused on destroying the Affordable Care Act. 

Here's what's at stake: https://t.co/W7kluAVe2l",False,11822,
1316819884081393667,2020-10-15 19:15:00+00:00,President Obama and I left Donald Trump a booming economy — and he caused a recession. He squandered it just like he has everything else he’s inherited in his life.,False,308879,
1316808561435967488,2020-10-15 18:30:00+00:00,Nevada — today is the last day to register to vote online to automatically receive a ballot in the mail. Head to https://t.co/ajJjiHyWD2 for all the information you need to make your voice heard.,False,8183,
1316801009184722945,2020-10-15 18:00:00+00:00,"Donald Trump can lie about the economy all he wants, but the truth is he’s the worst jobs president since 1929. https://t.co/lShe254BEG",False,80940,
1316792201213407232,2020-10-15 17:25:00+00:00,"This #SpiritDay — and every day — we must stand up to hate and intolerance. It’s up to all of us to ensure every young person is affirmed and accepted just as they are — regardless of sexual orientation, gender identity or expression.",False,33904,
1316782889808228352,2020-10-15 16:48:00+00:00,Arizona — ¡la fecha límite para registrarte para votar en Arizona ha sido extendida! Visita https://t.co/nApec6sbPe para registrarte en linea antes de las 11:59PM el jueves 15 de octubre.,False,7295,
1316768797110546432,2020-10-15 15:52:00+00:00,"Arizona — your voter registration deadline has been extended! Head to https://t.co/2fKBLS6oXu to get registered online before 11:59 PM on Thursday, October 15.",False,11355,
