id_str,created_at,text,retweeted,favorite_count,in_reply_to_screen_name
1586703490650284032,2022-10-30 12:56:06+00:00,RT @Tesla: 20k Model Y built at Giga Texas to date! https://t.co/8Rl5ZqgqQq,False,0,
1586698051606880258,2022-10-30 12:34:29+00:00,@KingJames https://t.co/ZdI2nTqlqw,False,20460,KingJames
1586690742151307264,2022-10-30 12:05:26+00:00,@Neuro_Skeptic https://t.co/gSjeJniK4u,False,41100,Neuro_Skeptic
1586689827721736192,2022-10-30 12:01:48+00:00,"@itsALLrisky @spideycyp_155 @WholeMarsBlog Tweeps will be twits going forward, as the latter has vastly more gravitas",False,9372,itsALLrisky
1586688122628108288,2022-10-30 11:55:02+00:00,@TonyadeVitti @spideycyp_155 @WholeMarsBlog Pretty much,False,9301,TonyadeVitti
1586686935518498816,2022-10-30 11:50:19+00:00,@spideycyp_155 @WholeMarsBlog There seem to be 10 people “managing” for every one person coding,False,32853,spideycyp_155
1586686368033345539,2022-10-30 11:48:04+00:00,But Management 201 is such a tantalizing carrot …,False,121695,elonmusk
1586685737591709696,2022-10-30 11:45:33+00:00,@WholeMarsBlog My title is Chief Twit right there in the bio. No idea who the CEO is.,False,64271,WholeMarsBlog
1586685433965989888,2022-10-30 11:44:21+00:00,@kerrikgray 💯,False,20075,kerrikgray
1586685077680889856,2022-10-30 11:42:56+00:00,So demanding to allow a mere 30 days to learn this priceless information!,False,129374,elonmusk
1586680643831836677,2022-10-30 11:25:19+00:00,"Just received this email from Twitter. This is an actual, real email that was autogenerated 🤣🤣 https://t.co/7DQp4sNINX",False,379147,
1586655439587942400,2022-10-30 09:45:10+00:00,@waitbutwhy 🤣💯,False,36263,waitbutwhy
1586571496020811778,2022-10-30 04:11:36+00:00,"@TomFitton @Twitter @JustTheNews I will look into this. Twitter should be even-handed, favoring neither side.",False,149264,TomFitton
1586563362544144384,2022-10-30 03:39:17+00:00,@danzwku @ID_AA_Carmack Absolutely,False,4801,danzwku
1586562604524347392,2022-10-30 03:36:16+00:00,@ID_AA_Carmack d(he)ll,False,1843,ID_AA_Carmack
1586532684620214274,2022-10-30 01:37:23+00:00,@WholeMarsBlog @karpathy Andrej will always be welcome at Tesla,False,28020,WholeMarsBlog
1586421295658385410,2022-10-29 18:14:45+00:00,@lexfridman 🤣,False,27610,lexfridman
1586411673056817152,2022-10-29 17:36:31+00:00,#SoBrave,False,134298,elonmusk
1586411481574166528,2022-10-29 17:35:45+00:00,"Finally, the truth that carbs are amazing can be said on this platform! 
#FreeSpeech",False,633681,
1586410852646674432,2022-10-29 17:33:16+00:00,Fresh baked bread &amp; pastries are some of the great joys of life,False,483461,
1586253675583852544,2022-10-29 07:08:42+00:00,"@amasad Good point. 

Being able to select which version of Twitter you want is probably better, much as it would be for a movie maturity rating. 

The rating of the tweet itself could be self-selected, then modified by user feedback.",False,45467,amasad
1586238966788857856,2022-10-29 06:10:15+00:00,@BillyM2k 🎯,False,63038,BillyM2k
1586214927605256192,2022-10-29 04:34:43+00:00,@WholeMarsBlog One of the best trolls ever 🤣🤣,False,120080,WholeMarsBlog
1586180999364284416,2022-10-29 02:19:54+00:00,@cosminDZS Something like this makes sense,False,45238,cosminDZS
1586151281571246086,2022-10-29 00:21:49+00:00,@greg16676935420 Ace reporting by @cnbc 🤣🤣,False,65934,greg16676935420
1586149451348910081,2022-10-29 00:14:33+00:00,"To be super clear, we have not yet made any changes to Twitter’s content moderation policies https://t.co/k4guTsXOIu",False,236280,
1586148739059548160,2022-10-29 00:11:43+00:00,@BillyM2k 🤣💯,False,7119,BillyM2k
1586134045313728512,2022-10-28 23:13:20+00:00,@Rainmaker1973 Sorry about that. Fixing as fast as possible!,False,10524,Rainmaker1973
1586132338005577728,2022-10-28 23:06:32+00:00,@westcoastbill 🤣,False,20332,westcoastbill
1586127974167769088,2022-10-28 22:49:12+00:00,@EvaFoxU 🤣🤣,False,19743,EvaFoxU
1586108809772089345,2022-10-28 21:33:03+00:00,Ligma Johnson had it coming 🍆 💦 https://t.co/CgjrOV5eM2,False,641462,
1586105918143406080,2022-10-28 21:21:33+00:00,@MikhailaFuller @jordanbpeterson Anyone suspended for minor &amp; dubious reasons will be freed from Twitter jail,False,126247,MikhailaFuller
1586104694421659648,2022-10-28 21:16:42+00:00,Comedy is now legal on Twitter,False,2267294,
1586101267981426689,2022-10-28 21:03:05+00:00,"RT @Tesla: Solar + Powerwall ensures you never lose power, even if the grid goes down

🎥 @jeremyjudkins_ https://t.co/rZXpyTtnmb",False,0,
1586073042534297601,2022-10-28 19:10:55+00:00,@RpsAgainstTrump Ye’s account was restored by Twitter before the acquisition. They did not consult with or inform me.,False,44145,RpsAgainstTrump
1586059953311137792,2022-10-28 18:18:55+00:00,"Twitter will be forming a content moderation council with widely diverse viewpoints. 

No major content decisions or account reinstatements will happen before that council convenes.",False,603470,
1586057952678465537,2022-10-28 18:10:58+00:00,@slashdot !,False,31580,slashdot
1586057687782998017,2022-10-28 18:09:54+00:00,@skorusARK Cool!,False,21083,skorusARK
1585981766229143552,2022-10-28 13:08:13+00:00,@WeAreCanProud First I’ve heard,False,77673,WeAreCanProud
1585966869122457600,2022-10-28 12:09:02+00:00,🎶 let the good times roll 🎶,False,980173,
1585959864454459393,2022-10-28 11:41:12+00:00,@catturd2 I will be digging in more today,False,197838,catturd2
1585841080431321088,2022-10-28 03:49:11+00:00,the bird is freed,False,2437258,
1585811291851018241,2022-10-28 01:50:49+00:00,Falcon rockets to orbit as seen from LA https://t.co/r8L2SbLC3p,False,436181,
1585804896841846785,2022-10-28 01:25:24+00:00,RT @SpaceX: Falcon 9’s first stage has landed on the Of Course I Still Love You droneship https://t.co/bIFlERy14S,False,0,
1585804876851789824,2022-10-28 01:25:20+00:00,RT @SpaceX: Liftoff! https://t.co/B0Il6HsYBS,False,0,
1585804859776782336,2022-10-28 01:25:16+00:00,RT @SpaceX: Watch Falcon 9 launch 53 Starlink satellites → https://t.co/8tB1syjlld https://t.co/94NWd45BqP,False,0,
1585749627365515266,2022-10-27 21:45:47+00:00,@Gfilche @Twitter 🤣,False,10690,Gfilche
1585669811442286597,2022-10-27 16:28:38+00:00,"RT @WalterIsaacson: At Twitter headquarters’ coffee bar, ⁦@elonmusk⁩ https://t.co/vy5Cw7zttf",False,0,
1585667048020901888,2022-10-27 16:17:39+00:00,@PeterSchiff 🤣 thanks,False,23238,PeterSchiff
1585622194696044544,2022-10-27 13:19:25+00:00,@ZubyMusic Absolutely,False,51585,ZubyMusic
1585619322239561728,2022-10-27 13:08:00+00:00,Dear Twitter Advertisers https://t.co/GMwHmInPAS,False,744984,
1585459469781127168,2022-10-27 02:32:48+00:00,@BillyM2k 👻,False,25793,BillyM2k
1585385664606269440,2022-10-26 21:39:32+00:00,Meeting a lot of cool people at Twitter today!,False,290888,elonmusk
1585341984679469056,2022-10-26 18:45:58+00:00,Entering Twitter HQ – let that sink in! https://t.co/D68z4K2wq7,False,1373050,
1585319975761326081,2022-10-26 17:18:30+00:00,@dogeofficialceo @mtaibbi 🤣💪,False,4898,dogeofficialceo
1585318870528643072,2022-10-26 17:14:07+00:00,@mtaibbi 🤣,False,2978,mtaibbi
1585316645194452997,2022-10-26 17:05:16+00:00,@ARodTV Definitely closer to citizen journalism – local news orgs are under-appreciated &amp; should get way more prominence on Twitter,False,12901,ARodTV
1585295897528741890,2022-10-26 15:42:50+00:00,@sandyleevincent Nobody bats 1000 🤷‍♂️,False,3496,sandyleevincent
1585292083610279936,2022-10-26 15:27:40+00:00,A beautiful thing about Twitter is how it empowers citizen journalism – people are able to disseminate news without an establishment bias,False,375443,
1585290835456761856,2022-10-26 15:22:43+00:00,@teslaownersSV I’m a big fan of citizen journalism!,False,6672,teslaownersSV
1585282847547396096,2022-10-26 14:50:58+00:00,“According to unnamed sources close to the matter who wish to remain anonymous” 🤣🤣,False,88866,elonmusk
1585282193999265793,2022-10-26 14:48:22+00:00,"“The New York Times has emerged as a new, chaotic actor in global politics. The paper’s interventions in some of the world’s most combustible conflicts have sometimes been a boon, but their messaging has also caused problems.”",False,129405,
1585280449802182656,2022-10-26 14:41:26+00:00,@dontreadonmeow @nytimes 🤣🔥,False,4104,dontreadonmeow
1585171321960685573,2022-10-26 07:27:48+00:00,@PPathole @Twitter Yes!,False,15282,PPathole
1585157522700525571,2022-10-26 06:32:58+00:00,@westcoastbill 30% is a lot,False,3358,westcoastbill
1585156413365850113,2022-10-26 06:28:34+00:00,@eldsjal Concerning,False,18351,eldsjal
1585050236120027137,2022-10-25 23:26:39+00:00,Works on any moving land object https://t.co/Xu4qKJW4D9,False,54332,
1584906280082219009,2022-10-25 13:54:37+00:00,@chazman @lexfridman Fasting rocks,False,5675,chazman
1584898685736869888,2022-10-25 13:24:27+00:00,@VitalikButerin @balajis @zengjiajun_eth Had to do a double-take. This is the first non-fake Vitalik tweet I’ve seen in a while.,False,11852,VitalikButerin
1584836233586348033,2022-10-25 09:16:17+00:00,@dogeofficialceo @DirtyTesLa @rocobasilisk @SwipeWright 💯,False,3921,dogeofficialceo
1584824812345888768,2022-10-25 08:30:54+00:00,@garyblack00 @SawyerMerritt One man’s hedge is another man’s shrub,False,5010,garyblack00
1584822061926866944,2022-10-25 08:19:58+00:00,@muskQu0tes Yup,False,9613,muskQu0tes
1584819851226669057,2022-10-25 08:11:11+00:00,@emollick True,False,4878,emollick
1584817409651007488,2022-10-25 08:01:29+00:00,@elon_wisdom Too much respect for authority inhibits innovation,False,41098,elon_wisdom
1584815858878017536,2022-10-25 07:55:19+00:00,@DirtyTesLa @rocobasilisk @SwipeWright 💪,False,1609,DirtyTesLa
1584765530883633152,2022-10-25 04:35:20+00:00,@stevenmarkryan @EmmetPeppers @heydave7 @TwitterSpaces @YouTube 😉,False,5451,stevenmarkryan
1584764977457397760,2022-10-25 04:33:08+00:00,What lesson took you the longest to unlearn?,False,161437,
1584717774261489665,2022-10-25 01:25:34+00:00,διαλεκτική,False,104451,
1584715136547573762,2022-10-25 01:15:05+00:00,"@SwipeWright Twitter should be as broadly inclusive as possible, serving as a fair forum for lively, even if occasionally rancorous, debate between widely divergent beliefs.",False,26090,SwipeWright
1584677519965687810,2022-10-24 22:45:37+00:00,@MuskUniversity Absolutely necessary,False,2361,MuskUniversity
1584660916942954497,2022-10-24 21:39:38+00:00,@DavidSacks @MarcBodnick !,False,2377,DavidSacks
1584660690970681344,2022-10-24 21:38:44+00:00,@realchrisrufo @MaxBoot 🤣🤣,False,13403,realchrisrufo
1584648259217547265,2022-10-24 20:49:20+00:00,@MuskUniversity Important,False,9658,MuskUniversity
1584647527969980417,2022-10-24 20:46:26+00:00,@MuskUniversity Yup,False,1649,MuskUniversity
1584646223109423106,2022-10-24 20:41:15+00:00,@DavidSacks Exactly!,False,2560,DavidSacks
1584645966292189184,2022-10-24 20:40:14+00:00,@SawyerMerritt 🤣,False,12551,SawyerMerritt
1584616967788384256,2022-10-24 18:45:00+00:00,"@VinnyLingham Yeah, doesn’t make sense",False,26268,VinnyLingham
1584608031777902593,2022-10-24 18:09:30+00:00,RT @SpaceX: Starlink is now available in Jamaica → https://t.co/slZbTmHdml,False,0,
1584542487083122689,2022-10-24 13:49:02+00:00,@MuskUniversity Good thread,False,2706,MuskUniversity
1584540916421103616,2022-10-24 13:42:48+00:00,@RenataKonkoly @spideycyp_155 @SquawkCNBC @Kasparov63 I only play crazy 9’s,False,1986,RenataKonkoly
1584540160959860738,2022-10-24 13:39:48+00:00,"@MarcusHouse @LordofEa @kerrikgray @chicago_glenn @Tesla @teslaownersSV @dvorahfr @TonyadeVitti @SpaceX @SirineAti That’s the plan, unless it is damaged in testing. What really matters is that ship &amp; booster production line is spooling up. Also, each new ship &amp; booster has incremental design improvements.",False,3893,MarcusHouse
1584539176997122048,2022-10-24 13:35:53+00:00,"@ChananBos @SquawkCNBC @Kasparov63 Yeah, I’m back to spare bedroom /couch surfing at friend’s houses in Silicon Valley, which I did for about a decade.

Frankly, I like it this way, as I get to see my friends, who I love, more often.",False,5999,ChananBos
1584537377837490177,2022-10-24 13:28:44+00:00,"@spideycyp_155 @SquawkCNBC @Kasparov63 I did as a child, but found it to be too simple to be useful in real life: a mere 8 by 8 grid, no fog of war, no technology tree, no random map or spawn position, only 2 players, both sides exact same pieces, etc.

Polytopia addresses these limitations.",False,3724,spideycyp_155
1584535161521463296,2022-10-24 13:19:56+00:00,"@SquawkCNBC @Kasparov63 And I don’t even own a house, let alone a “mansion”, you douche",False,8784,elonmusk
1584533444444332033,2022-10-24 13:13:07+00:00,"@SquawkCNBC @Kasparov63 While it’s true that Kasparov is almost as good at playing chess as my iPhone, he is otherwise an idiot",False,15632,SquawkCNBC
1584529700558290944,2022-10-24 12:58:14+00:00,@spideycyp_155 @Teslarati @Writer_01001101 @FedorovMykhailo Yes,False,1729,spideycyp_155
1584528026943250432,2022-10-24 12:51:35+00:00,@dogeofficialceo @gunsnrosesgirl3 @DolphinDroneDom 🤣,False,1593,dogeofficialceo
1584527241400442886,2022-10-24 12:48:28+00:00,"@gunsnrosesgirl3 @DolphinDroneDom How exciting to be alive at the same time as the largest animal ever! 

Wild that Blue whales are bigger than the biggest dinosaur.",False,47250,gunsnrosesgirl3
1584419363297595392,2022-10-24 05:39:47+00:00,@FedorovMykhailo @Teslarati @Writer_01001101 You’re most welcome,False,5242,FedorovMykhailo
1584373364327866369,2022-10-24 02:37:00+00:00,"@Teslarati @Writer_01001101 Before DoD even came back with an answer, I told @FedorovMykhailo that SpaceX would not turn off Starlink even if DoD refused to provide funding",False,11675,Teslarati
1584319362294775808,2022-10-23 23:02:25+00:00,RT @SpaceX: Falcon Heavy in the hangar at Launch Complex 39A https://t.co/Ul1Ti8e8qH,False,0,
1584312886066749441,2022-10-23 22:36:41+00:00,@LordofEa @kerrikgray @chicago_glenn @Tesla @teslaownersSV @dvorahfr @TonyadeVitti @SpaceX @SirineAti Absolutely!,False,10294,LordofEa
1584227656538939392,2022-10-23 16:58:01+00:00,@SKMorefield Interesting,False,10907,SKMorefield
1584175648146620421,2022-10-23 13:31:21+00:00,@pcgamer Great game,False,36045,pcgamer
1584175255425540096,2022-10-23 13:29:48+00:00,"Maybe it was a social media algorithm, not even people",False,61351,elonmusk
1584174386998697985,2022-10-23 13:26:21+00:00,Think about who might have decided “The Current Thing” before accepting it,False,122035,
1584173256415723521,2022-10-23 13:21:51+00:00,"Who decides “The Current Thing?”
Real question. I don’t know.",False,123581,
1584170458815303680,2022-10-23 13:10:44+00:00,@andst7 Exactly. WaPo are such hypocrites.,False,17263,andst7
1584157532209090560,2022-10-23 12:19:22+00:00,Neuralink show &amp; tell now on Nov 30,False,66070,
1584155478229102593,2022-10-23 12:11:12+00:00,@muskQu0tes @SpaceX Had to be done,False,11654,muskQu0tes
1583996892530511872,2022-10-23 01:41:03+00:00,@Gfilche @MartinViecha We’ve come a long way,False,11000,Gfilche
1583978878305173505,2022-10-23 00:29:28+00:00,"i know
|nothing|
is forever",False,217979,
1583932665371062272,2022-10-22 21:25:50+00:00,@BillyM2k @sakitechonline @DavidSacks 🤣💪,False,4091,BillyM2k
1583927287690317824,2022-10-22 21:04:27+00:00,RT @historyinmemes: How the borders have changed over time https://t.co/Rs8RmTpRw1,False,0,
1583917276142923776,2022-10-22 20:24:41+00:00,@michaelmalice @washingtonpost Good point 🤔,False,36906,michaelmalice
1583909603250622464,2022-10-22 19:54:11+00:00,@MuskUniversity This needs to change. Manufacturing is awesome!,False,19435,MuskUniversity
1583871819240525824,2022-10-22 17:24:03+00:00,@muskQu0tes It will happen,False,23202,muskQu0tes
1583850705088978944,2022-10-22 16:00:09+00:00,@DavidSacks @TheAtlantic @davidfrum @EliotACohen Hear! Hear!,False,11624,DavidSacks
1583837212197601280,2022-10-22 15:06:32+00:00,"@ruthbenghiat Why are you perpetuating propaganda concocted by the oil &amp; gas industry to distract you from the 6 trillion dollars per *year* of subsidies those companies receive?
https://t.co/XZxDJAPE9a",False,24520,ruthbenghiat
1583715179086647296,2022-10-22 07:01:37+00:00,@xuanyiman @stillgray @DavidSacks 😋,False,1717,xuanyiman
1583714907807449089,2022-10-22 07:00:32+00:00,"@stillgray @DavidSacks Switzerland &amp; Belgium have great chocolate, but I do also love eccentric British &amp; Irish artisanal sweet shops",False,2027,stillgray
1583710517839138817,2022-10-22 06:43:06+00:00,@PhreshNic @MedvedevRussiaE @trussliz 🤣,False,1496,PhreshNic
1583619042883297280,2022-10-22 00:39:36+00:00,@DavidSacks Good thread,False,3783,DavidSacks
1583589856915034113,2022-10-21 22:43:38+00:00,"@teslaownersSV Next week. It’s actually a major release, so a lot more internal testing is needed before going to public beta.",False,8599,teslaownersSV
1583588379312422912,2022-10-21 22:37:45+00:00,@BillyM2k @DavidSacks 🤣💯,False,5579,BillyM2k
1583587687910453250,2022-10-21 22:35:01+00:00,RT @SpaceX: Launch and catch tower stacking Starship at Starbase https://t.co/KOpX8tZMHh,False,0,
1583587377510903809,2022-10-21 22:33:47+00:00,@ksadjadpour Cool,False,13923,ksadjadpour
1583584153928314880,2022-10-21 22:20:58+00:00,"@DavidSacks 🤣🤣 

Although there could be more R&amp;D in candy tbh. Feels like there hasn’t been much improvement in decades.",False,27074,DavidSacks
1583575374730244097,2022-10-21 21:46:05+00:00,RT @Tesla: Vote for new Supercharger locations → https://t.co/bjNaL3DErN,False,0,
1583575166655016960,2022-10-21 21:45:15+00:00,"RT @Tesla: Our most advanced paint system yet, allowing up to 13 layers for depth, dimension &amp; a hand-painted look https://t.co/UXoZwC281m",False,0,
1583528286667538432,2022-10-21 18:38:58+00:00,@justindross 🤣,False,32644,justindross
1583524820792188929,2022-10-21 18:25:12+00:00,"@WholeMarsBlog Headline is misleading. Starlink can obviously offer far more robust positioning than GPS, as it will have ~1000X more satellites over time. 

Not all will have line of sight to users, but still &gt;10X GPS &amp; far stronger signal.

Just not today’s problem.",False,9853,WholeMarsBlog
1583503854322130945,2022-10-21 17:01:53+00:00,@eigenrobot One of my favorite conspiracy theories is that the world is actually 80% men,False,2764,eigenrobot
1583448658150064128,2022-10-21 13:22:33+00:00,@ChessProblem un ass ailable logic!,False,2820,ChessProblem
1583358774449823744,2022-10-21 07:25:23+00:00,@teslaownersSV Yes,False,4922,teslaownersSV
1583347924683018241,2022-10-21 06:42:17+00:00,@LifeboatHQ https://t.co/j4ZHlazoPa,False,1312,elonmusk
1583347299182202880,2022-10-21 06:39:47+00:00,"@LifeboatHQ You’re right. Eventually, we all run out of time. https://t.co/GyXk9uZLIW",False,2159,LifeboatHQ
1583345981906571264,2022-10-21 06:34:33+00:00,"Only Giga Berlin can make these colors, as paint shop was specially built to apply many fine layers of paint, giving it complexity not otherwise possible https://t.co/Htis0LfRzV",False,45060,
1583340073319530497,2022-10-21 06:11:05+00:00,"@teslaownersSV @BillyM2k Varies a lot. Tesla &amp; SpaceX are in good positions, but many other companies are not. 

Recessions do have a silver lining in that companies that shouldn’t exist stop existing.",False,3643,teslaownersSV
1583337670075289600,2022-10-21 06:01:32+00:00,RT @Tesla: https://t.co/CqbkkORG70,False,0,
1583335870274605056,2022-10-21 05:54:23+00:00,"@RenataKonkoly @ThorstenBasch @spideycyp_155 @BillyM2k Those who want Putin removed are laboring under the misapprehension that whoever replaces him will be more amenable to peace or western philosophy, but I think this is unlikely – the Kremlin is not the Nice Guy Olympics",False,5428,RenataKonkoly
1583333560702111745,2022-10-21 05:45:12+00:00,"@ThorstenBasch @spideycyp_155 @BillyM2k Russia overrunning Ukraine would destabilize the entire region, perhaps the world",False,1483,4nzykxntryk
1583325359805562881,2022-10-21 05:12:37+00:00,"@spideycyp_155 @BillyM2k If Russia faced calamitous defeat in conventional warfare for something as strategically critical as Crimea, the probability of using nuclear weapons is high",False,1461,spideycyp_155
1583324670132375553,2022-10-21 05:09:52+00:00,@jamesplloyd @SpaceX I do. Yes.,False,2046,jamesplloyd
1583323816696037376,2022-10-21 05:06:29+00:00,"@spideycyp_155 @BillyM2k Still very unlikely, but this is the closest we’ve been since Cuba in ‘62",False,1579,spideycyp_155
1583320632174837760,2022-10-21 04:53:50+00:00,"@teslaownersSV @BillyM2k Just guessing, but probably until spring of ‘24",False,5047,teslaownersSV
1583320075591110657,2022-10-21 04:51:37+00:00,@BillyM2k It sure would be nice to have one year without a horrible global event,False,50047,BillyM2k
1583317665854083072,2022-10-21 04:42:02+00:00,@AndrewPerpetua “Brutal for both sides” will be a common phrase in the months to come,False,1573,AndrewPerpetua
1583299870370467840,2022-10-21 03:31:20+00:00,https://t.co/WqGm6InNTp,False,240410,
1583291332998574080,2022-10-21 02:57:24+00:00,@bgarlinghouse No way,False,20214,bgarlinghouse
1583276919910375425,2022-10-21 02:00:08+00:00,@SamitoFPS Maybe,False,3140,SamitoFPS
1583274597981761536,2022-10-21 01:50:54+00:00,@NewsfromScience Certainly warrants closer scrutiny,False,16219,NewsfromScience
1583264626053042176,2022-10-21 01:11:17+00:00,@NikLentz @JenniferJJacobs @SalehaMohsin @BloombergTV 💯🤣,False,3944,NikLentz
1583206592488448000,2022-10-20 21:20:40+00:00,"@MedvedevRussiaE @trussliz Btw, how’s it going in Bakhmut?",False,15376,elonmusk
1583204482082492416,2022-10-20 21:12:17+00:00,@MedvedevRussiaE @trussliz Pretty good troll tbh,False,39202,MedvedevRussiaE
1583203279559069698,2022-10-20 21:07:30+00:00,@Alan_McGuinness *humour,False,4792,elonmusk
1583195741001957376,2022-10-20 20:37:33+00:00,@ilyasut I couldn’t agree more 😜,False,2435,ilyasut
1583195563482222592,2022-10-20 20:36:51+00:00,@Alan_McGuinness British humor is the best,False,58480,Alan_McGuinness
1583151586486124546,2022-10-20 17:42:06+00:00,@PPathole @EvaFoxU @DavidSacks Compromise is overwhelmingly the most likely outcome – just a question of how much death &amp; destruction happens before then,False,4735,PPathole
1583150868794253312,2022-10-20 17:39:15+00:00,@gaborgurbacs @EvaFoxU @DavidSacks That should be the nature of the debate,False,1405,gaborgurbacs
1583149077792858112,2022-10-20 17:32:08+00:00,"@EvaFoxU @DavidSacks Most probable outcome by far is a horrible war of attrition that destroys Ukraine &amp; severely damages Russia, with massive body count on both sides.

And, in the end, the same outcome. 

So why?",False,3215,EvaFoxU
1583136883147538434,2022-10-20 16:43:40+00:00,@DavidSacks Exactly,False,26331,DavidSacks
1583133885696987136,2022-10-20 16:31:46+00:00,Congrats to @SpaceX team on 48th launch this year! Falcon 9 now holds record for most launches of a single vehicle type in a year.,False,78653,
1583127243844222979,2022-10-20 16:05:22+00:00,RT @SpaceX: Deployment of 54 Starlink satellites confirmed,False,0,
1583127037321314305,2022-10-20 16:04:33+00:00,@SpaceX 🎯,False,17097,SpaceX
1583056078195261442,2022-10-20 11:22:35+00:00,@romanhelmetguy 💪,False,8209,romanhelmetguy
1583026862816890882,2022-10-20 09:26:29+00:00,@Neuro_Skeptic Same,False,6631,Neuro_Skeptic
1583004448267255808,2022-10-20 07:57:25+00:00,@marenkahnert @jasondebolt Exactly,False,1974,marenkahnert
1582997766741327873,2022-10-20 07:30:52+00:00,"@Teslarati @13ericralph31 SpaceX has more active satellites in orbit than rest of Earth combined, tracking to double rest of Earth soon",False,16599,Teslarati
1582987988233256961,2022-10-20 06:52:01+00:00,"@jasondebolt The media reports with great fanfare my predictions that are late, but rarely those that come early",False,23650,jasondebolt
1582984673235697664,2022-10-20 06:38:51+00:00,@jakebrowatzke @andyjayhawk 🤣,False,2000,jakebrowatzke
1582902627745943552,2022-10-20 01:12:50+00:00,"RT @Tesla: 10 years of Supercharging.

46 countries.
35k+ stalls.
20 billion miles charged.

🚘⚡️ https://t.co/m3H2Hry719",False,0,
1582886876922249216,2022-10-20 00:10:14+00:00,@Teslarati @JohnnaCrider1 Accelerating sustainable energy is our primary mission,False,18545,Teslarati
1582862492111233024,2022-10-19 22:33:20+00:00,"@westcoastbill Will require truly exceptional execution, but it is possible",False,11049,westcoastbill
1582825479807340545,2022-10-19 20:06:16+00:00,RT @Tesla: Q3 Earnings Call → https://t.co/shRnZSNR4C,False,0,
1582825452556537857,2022-10-19 20:06:10+00:00,RT @Tesla: Tesla Semi deliveries are scheduled to begin in December 2022 https://t.co/vCgifQ0HED,False,0,
1582805523484680192,2022-10-19 18:46:58+00:00,"I will not let you down, no matter what it takes",False,404389,
1582797136839970817,2022-10-19 18:13:39+00:00,@DirtyTesLa Awesome,False,2400,DirtyTesLa
1582779309391228931,2022-10-19 17:02:48+00:00,"We even did a Starlink video call on one airplane aloft to Starlink on another, far away, airplane aloft and it worked perfectly with no lag!",False,39175,elonmusk
1582778449583693836,2022-10-19 16:59:23+00:00,Vox Populi Vox Dei,False,54973,
1582729657350180865,2022-10-19 13:45:30+00:00,"@chazman @aelluswamy Several major architectural upgrades in 10.69.3, so it’s much more than a point release, but we’re sticking with 10.69 just cause haha",False,7085,chazman
1582592031712432128,2022-10-19 04:38:38+00:00,@BillyM2k @atrupar Sounds fair,False,5361,BillyM2k
1582582264185049088,2022-10-19 03:59:49+00:00,@BillyM2k Definitely giving me kid naming ideas 🤣,False,43842,BillyM2k
1582582042063093760,2022-10-19 03:58:56+00:00,And … sold out!,False,59124,elonmusk
1582576552797081607,2022-10-19 03:37:07+00:00,Internet in airplanes will feel same as if you were accessing Internet at home! https://t.co/Mfl2ixYnJH,False,100954,
1582547658039623680,2022-10-19 01:42:18+00:00,"28,700 bottles of exquisite Burnt Hair perfume already sold! 

Only 1,300 left of this unique, limited edition, collector’s item. https://t.co/Gh2Zg7B5qX",False,47345,
1582523854181670912,2022-10-19 00:07:43+00:00,@cb_doge @alex_avoigt We’re working on it. Hope to release something next week.,False,2910,cb_doge
1582523481345835008,2022-10-19 00:06:14+00:00,"@alex_avoigt No money from DoD, but several other countries, orgs &amp; individuals are paying for ~11k/25k terminals (thanks!).

SpaceX is losing ~$20M/month due to unpaid service &amp; costs related to enhanced security measures for cyberwar defense, but we’ll keep doing it (sigh).",False,33323,alex_avoigt
1582519649081573377,2022-10-18 23:51:00+00:00,RT @SpaceX: SpaceX’s Rideshare program’s redesigned payload configuration offers more opportunities for smallsat providers to catch a ride…,False,0,
1582468440664641536,2022-10-18 20:27:31+00:00,"@atrupar Smart? Maybe. 
Does dumb stuff? Definitely!",False,12408,atrupar
1582449194014343168,2022-10-18 19:11:02+00:00,@balajis True,False,2676,balajis
1582398374787321859,2022-10-18 15:49:06+00:00,@HassanNatha https://t.co/jxA4stwf1d,False,4138,HassanNatha
1582397390715518977,2022-10-18 15:45:12+00:00,@TonyadeVitti 🤣,False,4072,TonyadeVitti
1582389037356023808,2022-10-18 15:12:00+00:00,@520AlRihla Exactly,False,1531,520AlRihla
1582387937660264448,2022-10-18 15:07:38+00:00,@tesla4k 🤣,False,1980,tesla4k
1582387823516487680,2022-10-18 15:07:11+00:00,"@larryronaldpar1 Should I make weapons? Ideally, not.",False,3871,larryronaldpar1
1582386890006593536,2022-10-18 15:03:28+00:00,@TeslaHype An easy prediction,False,4875,TeslaHype
1582379931983499264,2022-10-18 14:35:49+00:00,"Drone War I
https://t.co/erVME0CbbN",False,56577,
1582359018164850691,2022-10-18 13:12:43+00:00,@FLVoiceNews https://t.co/CCaYpontFG,False,13170,FLVoiceNews
1582252941050023937,2022-10-18 06:11:12+00:00,@teslaownersSV (Actually) Smart Summon is almost done,False,15873,teslaownersSV
1582194537069694978,2022-10-18 02:19:08+00:00,@Teslaconomics Yes,False,12226,Teslaconomics
1582187855723761664,2022-10-18 01:52:35+00:00,@stoolpresidente I have a plan,False,64800,stoolpresidente
1582166395345068034,2022-10-18 00:27:18+00:00,@TeslaAIBot @SpaceX @Tesla Thanks Optimus :),False,18692,TeslaAIBot
1582098412501364736,2022-10-17 19:57:10+00:00,"@SawyerMerritt @SpaceX To be precise, 25,300 terminals were sent to Ukraine, but, at present, only 10,630 are paying for service",False,9319,elonmusk
1582097354576265217,2022-10-17 19:52:57+00:00,@SawyerMerritt @SpaceX SpaceX has already withdrawn its request for funding,False,57301,SawyerMerritt
1582009338675154944,2022-10-17 14:03:13+00:00,"@starrski71 @RenataKonkoly @EvaFoxU @kadubai11 @spideycyp_155 Wrong analogy. America also had a humiliating withdrawal from Afghanistan. No one in America sees that country as part of America.

Crimea *is* seen as a crucial part of Russia by Russia, much as Hawaii is seen as a crucial part of America.",False,8700,starrski71
1582006549567807488,2022-10-17 13:52:08+00:00,@EnjoyerFive 🎯🤣,False,13799,EnjoyerFive
1582005725684899840,2022-10-17 13:48:51+00:00,@PPathole @spideycyp_155 Probably not,False,2297,PPathole
1582005487775539200,2022-10-17 13:47:55+00:00,@zerohedge Practice makes perfect …,False,45772,zerohedge
1582005061583978496,2022-10-17 13:46:13+00:00,"@RenataKonkoly @EvaFoxU @kadubai11 @spideycyp_155 Russia has been punched in the nose and forced to retreat many times by Ukraine. 

But what you don’t want to do is give Russia a choice of total, humiliating defeat or nukes – then the probability of them using nukes is high.",False,3433,RenataKonkoly
1582003887485382656,2022-10-17 13:41:33+00:00,"@kadubai11 @spideycyp_155 Obviously many disagree with this logic, but what do they think is their probability of being wrong about WW3. 

If they say 0%, they are utterly dangerous fools.",False,4945,elonmusk
1582000986432106499,2022-10-17 13:30:01+00:00,"@kadubai11 @spideycyp_155 But, hey, look on the bright side! At least Russia doesn’t get Crimea in that scenario, so you can be comforted by that thought, while watching the mushroom clouds rise.",False,11667,elonmusk
1581999825339699201,2022-10-17 13:25:25+00:00,"@kadubai11 @spideycyp_155 If Russia faces destruction of their army and utter defeat by NATO, they will use nukes, then NATO will respond with nukes and civilization is over",False,9826,kadubai11
1581997742821298176,2022-10-17 13:17:08+00:00,"@spideycyp_155 Whether one likes it or not, Crimea is absolutely seen as a core part of Russia by Russia. 

Crimea is also of critical national security importance to Russia, as it is their southern navy base.

From their standpoint losing Crimea is like USA losing Hawaii &amp; Pearl Harbor.",False,15853,elonmusk
1581991797038817280,2022-10-17 12:53:31+00:00,@hyiki22 @spideycyp_155 Exactly,False,3728,hyiki22
1581989915491172353,2022-10-17 12:46:02+00:00,"@spideycyp_155 If Russia is faced with the choice of losing Crimea or using battlefield nukes, they will choose the latter.

We’ve already sanctioned/cutoff Russia in every possible way, so what more do they have left to lose? 

If we nuke Russia back, they will nuke us and then we have WW3.",False,19745,spideycyp_155
1581986552246603776,2022-10-17 12:32:40+00:00,Exceptionally well-said https://t.co/UT8fXG0MeF,False,60074,
1581982054711193601,2022-10-17 12:14:48+00:00,"@rhensing @keith_dorschner @teslaownersSV Standard (non-performance) 3 &amp; Y suspension in production now has improved comfort, without affecting handling",False,2538,rhensing
1581976351073968128,2022-10-17 11:52:08+00:00,"@DrKnowItAll16 @pirate3Guy @HSerunjogi Yeah, RV version is lower priority than standard version. 

You should still see high speeds during off hours. Is that happening?

As we add more satellites &amp; upgrade satellite technology, speeds in high user density locations should see significant increases.",False,1705,DrKnowItAll16
1581903277347999744,2022-10-17 07:01:46+00:00,"Ok, we will add a donate option to Starlink",False,75066,elonmusk
1581903026348261377,2022-10-17 07:00:46+00:00,"@pirate3Guy @HSerunjogi That’s oddly low. Normally, much higher.",False,2329,pirate3Guy
1581901615552155648,2022-10-17 06:55:10+00:00,Are there others that want to donate Starlinks to places in need? https://t.co/M0ASMenMRD,False,64183,
1581886234896797696,2022-10-17 05:54:03+00:00,@HSerunjogi Ok,False,22092,HSerunjogi
1581885835926196224,2022-10-17 05:52:27+00:00,@DogecoinNorway @moxie @ID_AA_Carmack 🤣 that’s happened to me many times,False,1697,DogecoinNorway
1581884630063796224,2022-10-17 05:47:40+00:00,@moxie @ID_AA_Carmack A much quieter leaf blower is possible,False,1980,moxie
1581765733582716930,2022-10-16 21:55:13+00:00,"@teslaownersSV This is harder than it sounds, but ok",False,6974,teslaownersSV
1581764872702132224,2022-10-16 21:51:48+00:00,Deus X Machina,False,67741,
1581743346153771008,2022-10-16 20:26:15+00:00,"@ChrisG_NSF We are proceeding very carefully. If there is a RUD on the pad, Starship progress will be set back by ~6 months.",False,10708,ChrisG_NSF
1581671300984365056,2022-10-16 15:39:58+00:00,@Rainmaker1973 Game over when (not if) Earth gets hit by an object of that size,False,69069,Rainmaker1973
1581661713362919424,2022-10-16 15:01:52+00:00,@N_Schmid Ramen &gt;&gt; Lambos,False,3106,N_Schmid
1581661032405118978,2022-10-16 14:59:10+00:00,@Rainmaker1973 Used a lot in rocketry,False,6923,Rainmaker1973
1581652738768654338,2022-10-16 14:26:13+00:00,So true https://t.co/PwmxUVU2Fc,False,243020,
1581650420631367681,2022-10-16 14:17:00+00:00,@Rainmaker1973 Every millipede has its millennia,False,13333,Rainmaker1973
1581649798209290242,2022-10-16 14:14:32+00:00,@HardcoreHistory We should bring back their outfits,False,15509,HardcoreHistory
1581648878201208833,2022-10-16 14:10:52+00:00,@karpathy Good thread,False,6717,karpathy
1581514716890865664,2022-10-16 05:17:46+00:00,Fancy a game of meme tennis? https://t.co/d9tqIlg7nB,False,46130,
1581513703400570880,2022-10-16 05:13:44+00:00,Buy Burnt Hair from a company that digs holes!,False,34808,elonmusk
1581510840536399872,2022-10-16 05:02:22+00:00,@chicago_glenn I read this as goth clowns lonely,False,3737,chicago_glenn
1581508126595244032,2022-10-16 04:51:35+00:00,Did you hear about the dyslexic KBG agent – it’s pot secret!,False,95388,
1581507258235904000,2022-10-16 04:48:08+00:00,@utamadush 🤣,False,1323,utamadush
1581506733117431812,2022-10-16 04:46:02+00:00,"Venn diagram intersection of those two audiences is pretty small, I guess",False,15249,elonmusk
1581506444310249475,2022-10-16 04:44:53+00:00,Not as popular as I’d hoped (sigh),False,17208,elonmusk
1581490395149926404,2022-10-16 03:41:07+00:00,"Pitching my idea once again for a crossover of Das Boot &amp; Boss Baby.

“Das Baby” – Hijinks on the high seas! https://t.co/FieRmSthp2",False,32283,
1581488923209273344,2022-10-16 03:35:16+00:00,"@teslaownersSV @oldmordim Just a scratch, we can buff it out",False,4067,teslaownersSV
1581488036499496960,2022-10-16 03:31:45+00:00,@oldmordim Mostly accurate,False,2161,oldmordim
1581486187310899201,2022-10-16 03:24:24+00:00,The comments in this thread are a conspiracy theorist’s wet dream,False,63839,elonmusk
1581441473882443776,2022-10-16 00:26:43+00:00,@EvaFoxU Yup,False,7724,EvaFoxU
1581430699986296832,2022-10-15 23:43:55+00:00,@EvaFoxU 7 years ago,False,11369,EvaFoxU
1581379103902470144,2022-10-15 20:18:53+00:00,@FutureJurvetson @SpaceX Definitely one of the strangest meetings I’ve ever experienced. @adeoressi was there too.,False,8625,FutureJurvetson
1581378204841172992,2022-10-15 20:15:19+00:00,@KimDotcom @Twitter I’m trying my hardest to de-escalate this situation and obviously failing,False,23624,KimDotcom
1581372484762226690,2022-10-15 19:52:35+00:00,"@KimDotcom @Twitter Damned if you do, damned if you don’t, so … guess I’m just damned",False,18686,KimDotcom
1581371571230285825,2022-10-15 19:48:57+00:00,"@SawyerMerritt Starship &amp; next-gen Starlink satellites are key, but much risk lies ahead before those are working at scale",False,3742,SawyerMerritt
1581368246019584001,2022-10-15 19:35:44+00:00,@RaheemKassam The hilarious thing is you’re not wrong 🤣,False,8442,RaheemKassam
1581367292075470848,2022-10-15 19:31:57+00:00,@EvaFoxU So it goes …,False,13757,EvaFoxU
1581348928934785026,2022-10-15 18:18:59+00:00,@gainzy222 Fate loves irony,False,28692,gainzy222
1581347686992998403,2022-10-15 18:14:03+00:00,"@DavidSacks Even so, we should still do good deeds",False,66191,DavidSacks
1581345747777179651,2022-10-15 18:06:20+00:00,"The hell with it … even though Starlink is still losing money &amp; other companies are getting billions of taxpayer $, we’ll just keep funding Ukraine govt for free",False,516656,
1581340120774426625,2022-10-15 17:43:59+00:00,"@Brian_J_Berger That dude is not just a “condition of anonymity” spineless coward, he’s also an ignorant fool. Starlink was directly requested by the Ukraine government, as it was the only thing that worked.",False,7713,Brian_J_Berger
1581333422575714304,2022-10-15 17:17:22+00:00,"@spideycyp_155 @PPathole @ashleevance It has required a lot of our resources. Going into super lockdown mode slows down new development progress, as we have to resist attacks from a sophisticated adversary actively at war.",False,3225,spideycyp_155
1581331242389499906,2022-10-15 17:08:42+00:00,"@ashleevance DoD provided about 3% of the Falcon 1 development cost. Appreciated, certainly, but should be seen in context.",False,3322,ashleevance
1581328221466787841,2022-10-15 16:56:42+00:00,@PPathole @ashleevance Of course. And their signal jamming systems are also getting better.,False,3246,PPathole
1581323301304954881,2022-10-15 16:37:09+00:00,"@ashleevance The amount SpaceX is requesting for a major battlefield advantage is less than the cost of one new GPS satellite. Ironically, GPS doesn’t work on battlefields, as the signal is easy to jam, but Starlink does.",False,20137,ashleevance
1581322383452880896,2022-10-15 16:33:30+00:00,"@ajtourville Would be great if someday humanity stopped pointing nukes at itself that would destroy almost all life on Earth.

In any given year, there is a chance above zero that they will be launched. We are now at the highest risk in 60 years.

https://t.co/hSqNeYHNX1",False,5475,elonmusk
1581172066832699392,2022-10-15 06:36:12+00:00,"@WholeMarsBlog Curses, foiled again!",False,27361,WholeMarsBlog
1581165911196635136,2022-10-15 06:11:44+00:00,RT @SpaceX: Deployment of Eutelsat HOTBIRD 13F confirmed https://t.co/R2t3PuOl8e,False,0,
1581165896017797120,2022-10-15 06:11:40+00:00,RT @SpaceX: Falcon 9’s first stage has landed on the Just Read the Instructions droneship https://t.co/R4X0ClHlXk,False,0,
1581165882105270272,2022-10-15 06:11:37+00:00,RT @SpaceX: Liftoff! https://t.co/2aK8VZGm3l,False,0,
1581148611265449984,2022-10-15 05:02:59+00:00,@rich_teer @ajtourville 😉,False,2152,rich_teer
1581147578917261313,2022-10-15 04:58:53+00:00,@mtaibbi Accurate,False,17488,mtaibbi
1581095945131167744,2022-10-15 01:33:43+00:00,"@ajtourville Russia has the ability to destroy USA &amp; Europe utterly with nuclear missiles in less than 30 minutes &amp; vice versa.

A surprising number of people don’t know this.

Of course, it would be MAD to use them, but it is also MAD to be in this situation at all.",False,26632,elonmusk
1581092738669285376,2022-10-15 01:20:58+00:00,@nichegamer This has potential,False,7686,nichegamer
1581092314176331776,2022-10-15 01:19:17+00:00,"@rschmied @spideycyp_155 @SawyerMerritt @SpaceX Internet fiber, phone lines, cell towers &amp; other space-based comms in war areas have been destroyed. 

Starlink is all that’s left. For now.

https://t.co/CdjbOWgziz",False,3793,elonmusk
1581085593500405760,2022-10-15 00:52:35+00:00,@FedorovMykhailo Thank you for clarifying this 💙🇺🇦💛,False,50477,FedorovMykhailo
1581084888995725313,2022-10-15 00:49:47+00:00,"@StonksReddit @rschmied @spideycyp_155 @SawyerMerritt @SpaceX Starlink is the primary communications system of the Ukrainian army on the war front. If anyone else wants this job, please be my guest …",False,8778,StonksReddit
1581075601049669634,2022-10-15 00:12:52+00:00,"@rschmied @spideycyp_155 @SawyerMerritt @SpaceX Big difference between peace comms vs warfront comms. 

Starlink is only comms system still working at warfront – others all dead. 

Russia is actively trying to kill Starlink. To safeguard, SpaceX has diverted massive resources towards defense.

Even so, Starlink may still die.",False,6397,rschmied
1581060777574039558,2022-10-14 23:13:58+00:00,@EvaFoxU @Nobody_Really7 @EvaKBartlett Concerning,False,4417,elonmusk
1581060292955734016,2022-10-14 23:12:03+00:00,@EvaFoxU @Nobody_Really7 @EvaKBartlett https://t.co/XTWjF4lv9o,False,2477,EvaFoxU
1581039776651542528,2022-10-14 21:50:31+00:00,@stillgray Are there citizens of nations who are helping Ukraine on this list?,False,4745,stillgray
1581036916597657601,2022-10-14 21:39:09+00:00,"@ajtourville But surely no reasonable person would launch nuclear war?

The problem with that logic is if we were dealing with reasonable people, we wouldn’t have war in the first place.",False,17799,ajtourville
1581027630819979264,2022-10-14 21:02:15+00:00,@EvaKBartlett Is this list real? What’s the URL?,False,14559,EvaKBartlett
1581026283303362560,2022-10-14 20:56:54+00:00,Yay!! https://t.co/lviRHDJZRB,False,25500,
1581026134103556096,2022-10-14 20:56:19+00:00,RT @SpaceX: Main parachutes have deployed https://t.co/VctlKDAraT,False,0,
1580957505408372736,2022-10-14 16:23:36+00:00,RT @SpaceX: Dragon separation confirmed! https://t.co/ruXyCerM07,False,0,
1580957341200941064,2022-10-14 16:22:57+00:00,@Rainmaker1973 People should never fear turbulence. Commercial airliner wings can handle insane amounts of bending.,False,87558,Rainmaker1973
1580932431661608966,2022-10-14 14:43:58+00:00,@mtaibbi The right question to ask,False,50024,mtaibbi
1580819437824839681,2022-10-14 07:14:58+00:00,@officejjsmart @MelnykAndrij We’re just following his recommendation 🤷‍♂️,False,233137,officejjsmart
1580812701869101057,2022-10-14 06:48:12+00:00,"@narutium @SawyerMerritt Falcon can probably get Starlink past breakeven, but Starship is needed to fund Mars",False,3894,narutium
1580812045796093952,2022-10-14 06:45:36+00:00,@TeslaOwnersEBay @SawyerMerritt @SpaceX Yes,False,2731,TeslaOwnersEBay
1580811694225653760,2022-10-14 06:44:12+00:00,"@spideycyp_155 @SawyerMerritt @SpaceX In addition to terminals, we have to create, launch, maintain &amp; replenish satellites &amp; ground stations &amp; pay telcos for access to Internet via gateways. 

We’ve also had to defend against cyberattacks &amp; jamming, which are getting harder.

Burn is approaching ~$20M/month.",False,8132,spideycyp_155
1580809382958227458,2022-10-14 06:35:01+00:00,"@SawyerMerritt Also, Starlink is still losing money! It is insanely difficult for a LEO communications constellation to avoid bankruptcy – that was the fate of every company that tried this before.

When asked what the goal of Starlink was at a space conference, I said “not go bankrupt”.",False,5469,elonmusk
1580807902570246145,2022-10-14 06:29:08+00:00,@BogusThought @SawyerMerritt @rfdctr Maybe the 🐈 got their 👅,False,4639,BogusThought
1580807628350836738,2022-10-14 06:28:03+00:00,@spideycyp_155 @SawyerMerritt @rfdctr @SpaceX Very few in Iran so far,False,2497,spideycyp_155
1580806048050343936,2022-10-14 06:21:46+00:00,"@SawyerMerritt Strange that nothing was leaked about our competitors in space launch &amp; communications, Lockheed &amp; Boeing, who get over $60B …

Wouldn’t be surprised to find this particular individual working there when he retires from DoD. Corruption at its finest.",False,8423,SawyerMerritt
1580802376973230080,2022-10-14 06:07:11+00:00,"@SawyerMerritt @rfdctr SpaceX is not asking to recoup past expenses, but also cannot fund the existing system indefinitely *and* send several thousand more terminals that have data usage up to 100X greater than typical households. This is unreasonable.",False,6308,SawyerMerritt
1580641303721037824,2022-10-13 19:27:08+00:00,@MuskUniversity Vital to the future of consciousness,False,12954,MuskUniversity
1580630560765943808,2022-10-13 18:44:27+00:00,@andst7 🤣,False,11854,andst7
1580612226129760257,2022-10-13 17:31:35+00:00,@BogusThought srsly,False,6026,BogusThought
1580602654966788096,2022-10-13 16:53:33+00:00,@teslaownersSV @JohnnaCrider1 Next week,False,3962,teslaownersSV
1580601578310230016,2022-10-13 16:49:17+00:00,@JohnnaCrider1 Envy has driven him to madness,False,26986,JohnnaCrider1
1580600379074523136,2022-10-13 16:44:31+00:00,"@leehumerian Starlink requires nothing except ~50 Watt power source. With a small solar system plus battery or a generator, you will have connectivity anywhere.",False,3276,leehumerian
1580597894205145106,2022-10-13 16:34:38+00:00,@OwenSparks_ @spideycyp_155 @FedorovMykhailo @SpaceX True,False,2201,OwenSparks_
1580597356184993801,2022-10-13 16:32:30+00:00,@spideycyp_155 @FedorovMykhailo @SpaceX There are some active terminals,False,4575,spideycyp_155
1580596920103206915,2022-10-13 16:30:46+00:00,"@spideycyp_155 @FedorovMykhailo @SpaceX Of course, this happens almost every day. They successfully destroyed Viasat in Ukraine several months ago. https://t.co/xrrAMqfsZY",False,1325,spideycyp_155
1580594379751686149,2022-10-13 16:20:40+00:00,"@spideycyp_155 @FedorovMykhailo @SpaceX Starlink has faced relentless jamming attacks &amp; SpaceX relentless cyberwar. So far, their success has been limited.",False,3309,spideycyp_155
1580573359603322881,2022-10-13 14:57:09+00:00,@KoguanLeo Noted,False,5324,KoguanLeo
1580572380535001088,2022-10-13 14:53:15+00:00,@FedorovMykhailo Starlink data usage growth in Ukraine https://t.co/c4IWNwKwLR,False,6284,elonmusk
1580557095232950273,2022-10-13 13:52:31+00:00,@RobLockwood @JeffBezos https://t.co/1EwWyqvwkr,False,5216,RobLockwood
1580390454130266112,2022-10-13 02:50:21+00:00,"20,000!!",False,196458,
1580362294734639104,2022-10-13 00:58:27+00:00,@RGVaerialphotos Cool,False,6496,RGVaerialphotos
1580361856442830848,2022-10-13 00:56:42+00:00,@ByeonChansoo @garyblack00 Maybe with .3,False,1620,ByeonChansoo
1580350253454487552,2022-10-13 00:10:36+00:00,This is real,False,96796,elonmusk
1580350143445942272,2022-10-13 00:10:10+00:00,https://t.co/WLVh5zBiO5,False,306302,
1580342478875791360,2022-10-12 23:39:42+00:00,RT @SpaceX: Dennis and Akiko Tito are the first two crewmembers on Starship’s second commercial spaceflight around the Moon → https://t.co/…,False,0,
1580331940800258048,2022-10-12 22:57:50+00:00,"@Teslarati @JohnnaCrider1 🎯 “My opinion is Burnt Hair is just Elon saying, chill out, have a laugh, and share a laugh.”",False,15528,Teslarati
1580329800161714177,2022-10-12 22:49:20+00:00,@WholeMarsBlog Oh the irony 🤣🤣,False,13883,WholeMarsBlog
1580312743563104256,2022-10-12 21:41:33+00:00,"We might need a different name, as this is basically just Starlink with roaming capability, so you can take your terminal anywhere. https://t.co/gnH0YPPVOS",False,26986,
1580307136952692737,2022-10-12 21:19:16+00:00,@teslaownersSV The counter-intuitive thing is that it’s actually gonna be a sick product!,False,16141,teslaownersSV
1580304724082843648,2022-10-12 21:09:41+00:00,"Please buy my perfume, so I can buy Twitter",False,588734,
1580293787292954624,2022-10-12 20:26:13+00:00,And right on cue 🤣🤣 … https://t.co/RysKrHeJfi,False,34657,elonmusk
1580275534696951809,2022-10-12 19:13:42+00:00,@FedorovMykhailo You’re most welcome. Glad to support Ukraine.,False,54810,FedorovMykhailo
1580065450637262850,2022-10-12 05:18:54+00:00,RT @SpaceX: Starship 24 and Booster 7 fully stacked on the orbital launch pad at Starbase https://t.co/1VKn6juQor,False,0,
1580060154720321536,2022-10-12 04:57:51+00:00,Doesn’t get more lit than this!,False,28941,elonmusk
1580058973461680128,2022-10-12 04:53:10+00:00,BE the change you want in the world!,False,38996,elonmusk
1580057266795212801,2022-10-12 04:46:23+00:00,Can’t wait for media stories tomorrow about $1M of Burnt Hair sold 🤣,False,54406,elonmusk
1580056291082280960,2022-10-12 04:42:30+00:00,"10,000 bottles of Burnt Hair sold!",False,80589,
1580024893131100160,2022-10-12 02:37:44+00:00,RT @SpaceX: View from the droneship of Falcon 9’s launch and landing https://t.co/5yYvT9bNcL,False,0,
1580009548852899840,2022-10-12 01:36:46+00:00,@Kristennetten 💯🎯,False,4998,Kristennetten
1579994860802932736,2022-10-12 00:38:24+00:00,Over 5000 bottles of Burnt Hair sold!,False,67110,
1579975550919413761,2022-10-11 23:21:40+00:00,An omnigender product,False,23626,elonmusk
1579974961267060738,2022-10-11 23:19:19+00:00,https://t.co/WDtHXqgUPx,False,242546,
1579974298156306432,2022-10-11 23:16:41+00:00,"With a name like mine, getting into the fragrance business was inevitable – why did I even fight it for so long!?",False,232636,
1579972303647301632,2022-10-11 23:08:46+00:00,And you can pay with Doge!,False,38242,elonmusk
1579971705447256064,2022-10-11 23:06:23+00:00,"The finest fragrance on Earth!
https://t.co/ohjWxNX5ZC https://t.co/0J1lmREOBS",False,130811,
1579946607151546368,2022-10-11 21:26:39+00:00,@ianbremmer Nobody should trust Bremmer,False,130850,ianbremmer
1579938196095655936,2022-10-11 20:53:14+00:00,Maybe one day we can finally achieve https://t.co/jKBu2wJIDA,False,156903,
1579935931850973184,2022-10-11 20:44:14+00:00,"The next question one is typically asked is “Have you tried ayahuasca?”
https://t.co/zo3Lw6nlxw",False,17952,elonmusk
1579934616429158400,2022-10-11 20:39:00+00:00,https://t.co/Q31B9x4RCH,False,68755,
1579895855871823877,2022-10-11 18:04:59+00:00,@JoshuaPGallaway @Susiecmd @CYBERTRCK @LindseyGrahamSC Not subtle,False,1563,JoshuaPGallaway
1579890075475005440,2022-10-11 17:42:01+00:00,"@SamHarrisOrg @tegmark Sam, there is a such a thing as meditating too much",False,11395,SamHarrisOrg
1579887332647665664,2022-10-11 17:31:07+00:00,"@teslaownersSV @PPathole @NorthmanTrader Yes, back to regularly scheduled programming",False,6649,teslaownersSV
1579886978484822016,2022-10-11 17:29:43+00:00,"@PPathole @NorthmanTrader Pointless, as there is currently no overlap between Russian and Ukrainian demands – it’s not even close",False,9637,PPathole
1579879154463690752,2022-10-11 16:58:37+00:00,"@NorthmanTrader No, it is not. I have spoken to Putin only once and that was about 18 months ago. The subject matter was space.",False,124676,NorthmanTrader
1579627776231247874,2022-10-11 00:19:44+00:00,"@kanyewest Talked to ye today &amp; expressed my concerns about his recent tweet, which I think he took to heart",False,59886,elonmusk
1579600228826591233,2022-10-10 22:30:16+00:00,@Teslarati @JohnnaCrider1 It was built &amp; paid for at my request. Hunter &amp; team did great work.,False,13437,Teslarati
1579587742325149696,2022-10-10 21:40:39+00:00,RT @SpaceX: Starlink が日本でのサービスを開始しました － アジアでは初めてのサービス国です → https://t.co/slZbTmHdml,False,0,
1579299680491823104,2022-10-10 02:36:00+00:00,@CathieDWood 💯,False,12313,CathieDWood
1579263949945835521,2022-10-10 00:14:01+00:00,@WholeMarsBlog It will,False,3359,WholeMarsBlog
1579262341904203777,2022-10-10 00:07:38+00:00,@chicago_glenn @neiltyson Strange @Twitter,False,3323,chicago_glenn
1579258883977416705,2022-10-09 23:53:53+00:00,"@WholeMarsBlog I have no desire to become involved in wars, but it is safe to say that all bets are off if the nukes start flying",False,96322,WholeMarsBlog
1579235577492574209,2022-10-09 22:21:17+00:00,@Teslarati Strong candidate to win most counter-intuitive product of the year!,False,13500,Teslarati
1579234398871769088,2022-10-09 22:16:36+00:00,@MuskUniversity Important to bear in mind when reading anything,False,24169,MuskUniversity
1579233321631985664,2022-10-09 22:12:19+00:00,"@neiltyson Indeed, that kinetic energy scales with the square of velocity is not well-appreciated!

A sealed escape pod with a heat shield would probably work.",False,22916,neiltyson
1579231853789450240,2022-10-09 22:06:29+00:00,@lexfridman So many blind spots,False,47039,lexfridman
1579117097011281922,2022-10-09 14:30:29+00:00,@EPavlic @boringcompany 🎯,False,4903,EPavlic
1579116633947525122,2022-10-09 14:28:38+00:00,"@spideycyp_155 @EvaFoxU There are ~25k terminals in Ukraine, but each terminal can be used to provide an Internet uplink to a cell phone tower, so potentially several thousand people can be served by a single terminal",False,4140,spideycyp_155
1579114131155623936,2022-10-09 14:18:42+00:00,Coming soon from The @BoringCompany https://t.co/cNIbFRRXyt,False,66909,
1579109369190682624,2022-10-09 13:59:46+00:00,"@Scobleizer Yup, it will float",False,4369,Scobleizer
1579107405161705473,2022-10-09 13:51:58+00:00,@spideycyp_155 @MirrorinSpace @NASAEarthMars Too busy trying to survive at the time,False,2597,spideycyp_155
1579106891422400512,2022-10-09 13:49:55+00:00,@MirrorinSpace @NASAEarthMars They were invited to further their career elsewhere,False,2209,MirrorinSpace
1579106049247674368,2022-10-09 13:46:35+00:00,@ace_constantine @NASAEarthMars There is a giant 30ft (literal) fork in the road outside the Autopilot office in Palo Alto,False,2474,elonmusk
1579105206004252677,2022-10-09 13:43:14+00:00,@SirineAti @NASAEarthMars Mine,False,2430,SirineAti
1579103991161843712,2022-10-09 13:38:24+00:00,@ace_constantine @NASAEarthMars I love the inverse poetry of making metaphors literal,False,3082,ace_constantine
1579101966453858305,2022-10-09 13:30:21+00:00,"@NASAEarthMars That is quite an interesting story. We sent what appeared to be identical emails to all, but each was actually coded with either one or two spaces between sentences, forming a binary signature that identified the leaker.",False,5010,NASAEarthMars
1579100345472782337,2022-10-09 13:23:55+00:00,Because it runs recursively,False,38377,elonmusk
1579099787864903680,2022-10-09 13:21:42+00:00,@tegmark Nuclear war probability is rising rapidly,False,87014,tegmark
1579099265401778176,2022-10-09 13:19:37+00:00,An eye for an eye leaves everyone blind https://t.co/pQztPvR4uI,False,97244,
1579098607516798977,2022-10-09 13:17:00+00:00,@EvaFoxU Perhaps we can talk again today?,False,2891,EvaFoxU
1579096952981327875,2022-10-09 13:10:26+00:00,"@spideycyp_155 @EvaFoxU True, Starlink provided a decisive battlefield advantage",False,5321,spideycyp_155
1579094238998171648,2022-10-09 12:59:39+00:00,@EvaFoxU I’ve been up all night trying to think of any possible way to de-escalate this war,False,24545,elonmusk
1579092771356516355,2022-10-09 12:53:49+00:00,@EvaFoxU Feels so long ago. A pleasant memory :),False,15616,EvaFoxU
1579067179659845633,2022-10-09 11:12:07+00:00,https://t.co/VvGa39qAyE,False,103289,
1578896527229321216,2022-10-08 23:54:01+00:00,@NASASpaceflight Double-header,False,11589,NASASpaceflight
1578892408787734530,2022-10-08 23:37:39+00:00,RT @SpaceX: Falcon 9’s first stage has landed on the A Shortfall of Gravitas droneship - the 14th launch and landing of this booster! https…,False,0,
1578815879445217280,2022-10-08 18:33:33+00:00,@davidmarcus @PayPal Agreed,False,33478,davidmarcus
1578815793776979968,2022-10-08 18:33:12+00:00,@Rainmaker1973 Beautiful,False,26982,Rainmaker1973
1578803070963658753,2022-10-08 17:42:39+00:00,@andst7 💯,False,25997,andst7
1578769394536452097,2022-10-08 15:28:50+00:00,"@kanyewest Welcome back to Twitter, my friend!",False,535139,kanyewest
1578604673178947585,2022-10-08 04:34:17+00:00,@muskQu0tes 💯,False,23661,muskQu0tes
1578564011859533824,2022-10-08 01:52:43+00:00,"@wintonARK Dojo uses bf16, so actual performance difference vs 64 bit is much less than it would seem, since you truncate so many useless zeroes &amp; round from there",False,5689,wintonARK
1578562473984393217,2022-10-08 01:46:36+00:00,@sashayanshin 🤣,False,78111,sashayanshin
1578561669466398720,2022-10-08 01:43:24+00:00,@SirineAti @SpaceX Two Dragons on @Space_Station,False,16480,SirineAti
1578503339968696320,2022-10-07 21:51:38+00:00,@Teslarati @ajtourville @JohnnaCrider1 Can’t wait to see this beast in action!,False,15102,Teslarati
1578478096314880000,2022-10-07 20:11:19+00:00,@WholeMarsBlog Even better build coming next week,False,14932,WholeMarsBlog
1578440049594880002,2022-10-07 17:40:08+00:00,"@dogeofficialceo @spideycyp_155 @SawyerMerritt @ChristopherJM @FT @MehulAtLarge @felschwartz Quite a few. Trying to do the right thing, which is not always clear.",False,5799,dogeofficialceo
1578438980743200768,2022-10-07 17:35:53+00:00,@spideycyp_155 @SawyerMerritt @ChristopherJM @FT @MehulAtLarge @felschwartz I am in regular contact with Fedorov,False,4043,spideycyp_155
1578433482757271552,2022-10-07 17:14:02+00:00,"@ChristopherJM @FT @MehulAtLarge @felschwartz Bad reporting by FT. This article falsely claims that Starlink terminals &amp; service were paid for, when only a small percentage have been. 

This operation has cost SpaceX $80M &amp; will exceed $100M by end of year.

As for what’s happening on the battlefield, that’s classified.",False,37130,ChristopherJM
1578409767793561601,2022-10-07 15:39:48+00:00,@skorusARK Starlink will provide the vast majority of bandwidth from space,False,2859,skorusARK
1578407554136276992,2022-10-07 15:31:00+00:00,"@RGVaerialphotos You’d need an electric propeller mounted on the tow hitch to go faster than a few knots. 

There might a creative wheel hub design that can generate meaningful thrust.",False,3309,RGVaerialphotos
1578392575257546752,2022-10-07 14:31:29+00:00,@EvaFoxU Norway rocks! ♥️♥️ 🇳🇴 🇳🇴,False,21690,EvaFoxU
1578387441332928513,2022-10-07 14:11:05+00:00,"In case you missed Tesla AI Day 2022
https://t.co/Sbu0peXpY1",False,42553,
1578377847588143106,2022-10-07 13:32:58+00:00,@skorusARK Satellite constellation capability comes down to tonnage to orbit per year times capability per ton,False,4534,skorusARK
1578277238465712128,2022-10-07 06:53:11+00:00,SpaceX Dragon docking with @Space_Station (extended video) https://t.co/AFBDKHddgI,False,57263,
1578254096858943489,2022-10-07 05:21:13+00:00,@Teslaconomics Very intense 7 days indeed,False,29865,Teslaconomics
1578237770069200896,2022-10-07 04:16:21+00:00,@alifarhat79 @NotParagAgrawal 🤣,False,23520,alifarhat79
1578236843409162243,2022-10-07 04:12:40+00:00,@BillyM2k 🤣💯,False,15837,BillyM2k
1578189382812508160,2022-10-07 01:04:04+00:00,"@stevenmarkryan @nichegamer @Twitter Personally, I like the latter, but to each their own",False,4193,elonmusk
1578188951588073472,2022-10-07 01:02:22+00:00,@stevenmarkryan @nichegamer @Twitter I think being able to dial the content you see from “warm &amp; fuzzy” all the way to “bring it on mf!” is the way to go,False,7192,stevenmarkryan
1578184037776216064,2022-10-07 00:42:50+00:00,"@nichegamer @Twitter Software engineering, server operations &amp; design will rule the roost",False,3440,elonmusk
1578183522518413313,2022-10-07 00:40:47+00:00,@nichegamer @Twitter There will be very rapid product evolution,False,3476,nichegamer
1578171356482371585,2022-10-06 23:52:27+00:00,500 mile range &amp; super fun to drive,False,97603,elonmusk
1578170980283076608,2022-10-06 23:50:57+00:00,Excited to announce start of production of Tesla Semi Truck with deliveries to @Pepsi on Dec 1st! https://t.co/gq0l73iGRW,False,364315,
1578167067492388864,2022-10-06 23:35:24+00:00,"@NASASpaceflight Tiny helium leak (just barely triggered abort), but we take no risks with customer satellites. Standing down to investigate.",False,14243,NASASpaceflight
1578162273918803968,2022-10-06 23:16:21+00:00,RT @Space_Station: The station now has 11 crew members with the arrival of the four @SpaceX #Crew5 members today. They'll work in space con…,False,0,
1578155166032805888,2022-10-06 22:48:06+00:00,@KyivIndependent 🤔,False,35510,KyivIndependent
1578154139472707584,2022-10-06 22:44:02+00:00,@BillyM2k Agreed,False,12244,BillyM2k
1578153917955051520,2022-10-06 22:43:09+00:00,@POTUS 👍,False,62366,POTUS
1578152308411547648,2022-10-06 22:36:45+00:00,@Teslarati @JohnnaCrider1 Plot twist!,False,64032,Teslarati
1578145198580068353,2022-10-06 22:08:30+00:00,@cb_doge Elon liking his own tweets liking his own tweets …,False,171020,cb_doge
1578130215884259328,2022-10-06 21:08:58+00:00,@SpaceX Dragon is now docked to @Space_Station,False,24543,SpaceX
1578111446696828928,2022-10-06 19:54:23+00:00,Video https://t.co/9gUJv2V143,False,28305,elonmusk
1578055594573004800,2022-10-06 16:12:27+00:00,Starlink view of 2nd stage deorbit burn https://t.co/kbLv95bAK7,False,78497,
1578050963889393664,2022-10-06 15:54:03+00:00,@realAdrianDa32 @HuXijin_GT 👍🤣,False,5374,realAdrianDa32
1578049022102851584,2022-10-06 15:46:20+00:00,@HuXijin_GT 手整体插在口袋里的人过分自信,False,98103,HuXijin_GT
1578046964087898113,2022-10-06 15:38:09+00:00,@Xu0P5C4rMmMKUdu @stillgray @atrupar @LindseyGrahamSC I will try my best,False,3250,Xu0P5C4rMmMKUdu
1578041621093949440,2022-10-06 15:16:55+00:00,"@KyivPost I’m a big fan of Ukraine, but not of WW3",False,130751,KyivPost
1578025984003305475,2022-10-06 14:14:47+00:00,@spideycyp_155 @garyblack00 🤣,False,2575,spideycyp_155
1578021743532208129,2022-10-06 13:57:56+00:00,@garyblack00 https://t.co/FxgYMhTax6,False,7626,garyblack00
1578020826674184193,2022-10-06 13:54:17+00:00,@Rainmaker1973 Cute. You can get surprisingly close to a wild baby rhino &amp; Mom if you stay downwind.,False,10002,Rainmaker1973
1578002979927515137,2022-10-06 12:43:22+00:00,@stillgray @atrupar @LindseyGrahamSC There are no angels in war.,False,8511,stillgray
1577894684109717510,2022-10-06 05:33:03+00:00,@EliClifton @DavidSacks Accurate assessment,False,19057,EliClifton
1577890096090578944,2022-10-06 05:14:49+00:00,@garyblack00 Correct,False,3880,garyblack00
1577882249604857857,2022-10-06 04:43:38+00:00,"@stevenmarkryan So they’re saying that not buying Twitter is bad, but also buying Twitter is bad!?",False,38344,stevenmarkryan
1577881849426333697,2022-10-06 04:42:03+00:00,@LucidTrading_ @DavidSacks We talked via videoconference last year,False,2975,LucidTrading_
1577881057483018240,2022-10-06 04:38:54+00:00,@DavidSacks 🤣,False,3216,DavidSacks
1577880686282919937,2022-10-06 04:37:25+00:00,War is the ultimate Supreme Court,False,219715,
1577853138157158402,2022-10-06 02:47:57+00:00,@bdquinn @LindseyGrahamSC Kherson and Zaporizhzhia almost certainly do not want to join Russia – annexation of those regions was done to ensure a land bridge and water supply to Crimea,False,5270,bdquinn
1577842427897020417,2022-10-06 02:05:24+00:00,"@LindseyGrahamSC Obviously, not everyone who voted for the pro-Russia party wanted to join Russia, but it would also be inaccurate to say that none did.",False,13984,elonmusk
1577839258714476544,2022-10-06 01:52:48+00:00,@LindseyGrahamSC Below is the electoral map of 2012. Blue is the pro-Russia party. https://t.co/YkZ9hipyAV,False,35791,elonmusk
1577837817455149059,2022-10-06 01:47:05+00:00,"@LindseyGrahamSC Assuming you believe that the will of the people matters, we should, in any given conflict region, support the will of those who live there. 

Most of Ukraine unequivocally wants to be part of Ukraine, but some eastern portions have Russian majorities and prefer Russia.",False,75892,LindseyGrahamSC
1577832990490693632,2022-10-06 01:27:54+00:00,"@LindseyGrahamSC First of all, Tesla hasn’t had that consumer tax credit for years &amp; we didn’t ask for this one – GM &amp; Ford did",False,41367,LindseyGrahamSC
1577831732732215301,2022-10-06 01:22:54+00:00,@LangmanVince @LindseyGrahamSC 🤣,False,2462,LangmanVince
1577831304711774210,2022-10-06 01:21:12+00:00,"Another batch of Starlinks in orbit, 7 hours after the astronaut launch https://t.co/mQshEY16RP",False,42122,
1577747565533069312,2022-10-05 19:48:27+00:00,@ashleevance That wouldn’t be hard to do,False,36010,ashleevance
1577738200075964418,2022-10-05 19:11:14+00:00,@BillyM2k 🤣,False,16568,BillyM2k
1577737664689848326,2022-10-05 19:09:06+00:00,@TEDchris Twitter is an accelerant to fulfilling the original https://t.co/bOUOek5Cvy vision,False,12388,TEDchris
1577732106784051214,2022-10-05 18:47:01+00:00,"@KonstantinKisin I do not think it is simple at all, but I have yet to hear any realistic path to peace.

Ukraine has achieved many brilliant tactical victories, but should be wary of overconfidence leading to strategic defeat.

When Russia fully mobilizes, millions on both sides will die.",False,4796,KonstantinKisin
1577716440299442187,2022-10-05 17:44:46+00:00,@WholeMarsBlog 10.69.3 will actually be a major upgrade. We’re keeping .69 just because haha.,False,21181,WholeMarsBlog
1577660636208693251,2022-10-05 14:03:01+00:00,RT @SpaceX: Watch Falcon 9 launch Dragon and Crew-5 to the @space_station → https://t.co/k09m3qyfv5  https://t.co/qiQXitqNjn,False,0,
1577660561965387776,2022-10-05 14:02:44+00:00,RT @SpaceX: Meet Crew-5 https://t.co/k4nwgMAIuK,False,0,
1577428673971777536,2022-10-04 22:41:17+00:00,"@LarckeningXuruo Twitter probably accelerates X by 3 to 5 years, but I could be wrong",False,24335,LarckeningXuruo
1577428272056389633,2022-10-04 22:39:41+00:00,"Buying Twitter is an accelerant to creating X, the everything app",False,429532,
1577410658978525184,2022-10-04 21:29:42+00:00,@BillyM2k @unusual_whales 🤣,False,8588,BillyM2k
1577339522383241216,2022-10-04 16:47:02+00:00,"@SawyerMerritt Should be noted that Starlink is still far from cash flow positive. All LEO communications constellations to date have gone bankrupt, so any support is super helpful.",False,29241,SawyerMerritt
1577083578202361856,2022-10-03 23:50:00+00:00,"@FrenchyRagin @Kasparov63 A small number of terminals were paid for by the govt, vast majority were not. This is just another bs WaPo hit piece.",False,15705,FrenchyRagin
1577083012914651142,2022-10-03 23:47:45+00:00,"@ZelenskyyUa I still very much support Ukraine, but am convinced that massive escalation of the war will cause great harm to Ukraine and possibly the world.",False,107553,ZelenskyyUa
1577081450263769089,2022-10-03 23:41:33+00:00,"@Kasparov63 We gave Starlinks to Ukraine &amp; lost $80M+ in doing so, while putting SpaceX &amp; myself at serious risk of Russian cyberattack.

What have you done besides tweet?",False,83250,Kasparov63
1577077410863775744,2022-10-03 23:25:30+00:00,"@DavidSacks SpaceX’s out of pocket cost to enable &amp; support Starlink in Ukraine is ~$80M so far. Our support for Russia is $0. Obviously, we are pro Ukraine.

Trying to retake Crimea will cause massive death, probably fail &amp; risk nuclear war. This would be terrible for Ukraine &amp; Earth.",False,41840,DavidSacks
1577075264592351233,2022-10-03 23:16:58+00:00,"RT @Tesla: The brain of your Tesla: Neural networks with 1 billion parameters, completing 144 trillion operations per second https://t.co/R…",False,0,
1577027639096664065,2022-10-03 20:07:43+00:00,"@slashdot In other news, remote controlled anal beads sold out everywhere",False,22045,slashdot
1577018840290328576,2022-10-03 19:32:45+00:00,@micsolana 🤣,False,10717,micsolana
1577015863785361408,2022-10-03 19:20:56+00:00,"@spideycyp_155 @StonksReddit @Podolyak_M That referendum was questionable, which is why I suggested repeating it under UN (or other trusted entity) supervision",False,4760,spideycyp_155
1577013999782498305,2022-10-03 19:13:31+00:00,"@StonksReddit @Podolyak_M Great, offer a UN supervised vote and if Russia refuses, then war it is",False,2507,StonksReddit
1577012986115342336,2022-10-03 19:09:30+00:00,@Podolyak_M Maybe a similar approach to Kosovo https://t.co/cGPpaXAaA3,False,6851,elonmusk
1577012343497584641,2022-10-03 19:06:56+00:00,"@Podolyak_M No, I’m suggesting voting under UN (or pick your most trusted entity or country) supervision",False,25309,Podolyak_M
1576998577758666752,2022-10-03 18:12:14+00:00,"@RenataKonkoly Russia is doing partial mobilization. They go to full war mobilization if Crimea is at risk. Death on both sides will be devastating.

Russia has &gt;3 times population of Ukraine, so victory for Ukraine is unlikely in total war. If you care about the people of Ukraine, seek peace.",False,92371,elonmusk
1576995429094285313,2022-10-03 17:59:44+00:00,"@RenataKonkoly You are assuming that I wish to be popular. I don’t care.

I do care that millions of people may die needlessly for an essentially identical outcome.",False,30086,RenataKonkoly
1576994262226702336,2022-10-03 17:55:05+00:00,Let’s try this then: the will of the people who live in the Donbas &amp; Crimea should decide whether they’re part of Russia or Ukraine,False,99348,
1576990025215983616,2022-10-03 17:38:15+00:00,@PopMech Cheese is amazing,False,7716,PopMech
1576979962938081295,2022-10-03 16:58:16+00:00,@Nemli_mot Indeed. Biggest bot attack I’ve ever seen.,False,15773,Nemli_mot
1576976391597617153,2022-10-03 16:44:05+00:00,@raulsanchezuk The bot attack on this poll is strong!,False,7199,raulsanchezuk
1576975654779617289,2022-10-03 16:41:09+00:00,"@AkiKivirinta The will of the people should decide whether they are part of Russia or Ukraine, but Russia invaded areas that would unequivocally choose to be part of Ukraine",False,5476,AkiKivirinta
1576973049277992974,2022-10-03 16:30:48+00:00,"Also worth noting that a possible, albeit unlikely, outcome from this conflict is nuclear war",False,75723,elonmusk
1576970924968247297,2022-10-03 16:22:21+00:00,This is highly likely to be the outcome in the end – just a question of how many die before then,False,87864,elonmusk
1576969255031296000,2022-10-03 16:15:43+00:00,"Ukraine-Russia Peace:

- Redo elections of annexed regions under UN supervision. Russia leaves if that is will of the people.

- Crimea formally part of Russia, as it has been since 1783 (until Khrushchev’s mistake).

- Water supply to Crimea assured.

- Ukraine remains neutral.",False,101566,
1576850487814471681,2022-10-03 08:23:47+00:00,@jasondebolt Yes,False,5729,jasondebolt
1576850241948897280,2022-10-03 08:22:48+00:00,@jasondebolt That is my assessment too,False,8996,jasondebolt
1576848946848464896,2022-10-03 08:17:40+00:00,"@tim_zaman Well-said! Also, we try to operate the team as non-hierarchically as possible &amp; allow movement between project areas, so you don’t get pigeon-holed.",False,6853,tim_zaman
1576846397793787904,2022-10-03 08:07:32+00:00,"@PPathole @Tesla @SpaceX @neuralink @boringcompany I’m trying my hardest! Perhaps more people might consider loving humanity. 

Our collective light of consciousness is a tiny candle in a vast darkness. Please do not let it go out.",False,8268,PPathole
1576844919846883328,2022-10-03 08:01:39+00:00,@cb_doge @Tesla Optimus will be sickkk,False,31464,cb_doge
1576844786668929024,2022-10-03 08:01:08+00:00,@cb_doge @Tesla 👀,False,9564,cb_doge
1576844052250603520,2022-10-03 07:58:13+00:00,"@WholeMarsBlog Would be cool to make a game using Tesla Sim that’s literally your city &amp; neighborhood, down to skid marks on road &amp; then inject fantasy/sci-fi elements",False,6012,WholeMarsBlog
1576843126420840448,2022-10-03 07:54:32+00:00,@cb_doge @WholeMarsBlog Occasionally,False,2091,cb_doge
1576842909999321088,2022-10-03 07:53:40+00:00,@WholeMarsBlog And people wonder why I sometimes think we’re in a simulation …,False,15068,WholeMarsBlog
1576840676284960769,2022-10-03 07:44:48+00:00,https://t.co/cGHSTdb9gv,False,253637,
1576835680793432065,2022-10-03 07:24:57+00:00,@WholeMarsBlog 144 trillion operations per second,False,32685,WholeMarsBlog
1576720466584092673,2022-10-02 23:47:07+00:00,@DaltBrewer The embarrassing hose down photos were highly motivating tbh,False,6446,DaltBrewer
1576715982172667904,2022-10-02 23:29:18+00:00,https://t.co/inO8f1q38o,False,150365,
1576715522590527488,2022-10-02 23:27:29+00:00,@WholeMarsBlog Tunneled under the road from one property to another. This is to test the new machine.,False,6058,WholeMarsBlog
1576715247863242753,2022-10-02 23:26:23+00:00,"@PPathole Unfortunately, snail is still faster, but TBC might beat snail by end of 2024",False,5211,PPathole
1576709529219260419,2022-10-02 23:03:40+00:00,Prufrock II emerging from the ground https://t.co/csamCrmAZa,False,71371,
1576695744840740865,2022-10-02 22:08:53+00:00,"@OwenSparks_ @GerberKawasaki But between now and then, we do actually need to work hard",False,4297,OwenSparks_
1576695288454352896,2022-10-02 22:07:05+00:00,"@GerberKawasaki I don’t care about boosting the stock, but the economic implications are obvious",False,15959,GerberKawasaki
1576645588833415168,2022-10-02 18:49:35+00:00,Do not let ancient grudge break to new mutiny,False,101995,
1576641260617895936,2022-10-02 18:32:23+00:00,@chicago_glenn @Pontifex So many talented Russians in America,False,3679,chicago_glenn
1576638864068063232,2022-10-02 18:22:52+00:00,@WholeMarsBlog Customer experience suffers when there is an end of quarter rush. Steady as she goes is the right move.,False,5042,WholeMarsBlog
1576638490330116101,2022-10-02 18:21:23+00:00,@Pontifex War always gives ample reason for vengeance for all sides. Only by overcoming this instinct can there be peace.,False,37730,Pontifex
1576637623614918657,2022-10-02 18:17:56+00:00,"RT @SpaceX: Crew-5, SpaceX, and @NASA completed a full rehearsal of launch day activities https://t.co/NbcefjA7bL",False,0,
1576637452726702081,2022-10-02 18:17:15+00:00,@WholeMarsBlog Smoothing out crazy end of quarter delivery wave to reduce expedite costs &amp; relieve stress on Tesla team. Aiming for steadier deliveries intra-quarter.,False,3626,WholeMarsBlog
1576634558505963521,2022-10-02 18:05:45+00:00,"@WholeMarsBlog It’s funny reading simultaneous criticism that it’s already been done, but also it’s impossible 🤣",False,4590,WholeMarsBlog
1576633339405946880,2022-10-02 18:00:55+00:00,@streetpeopleLA @KitsonLA ??,False,23499,streetpeopleLA
1576614572639023105,2022-10-02 16:46:20+00:00,@DoctorJack16 Master Plan (mé·nage à) Trois is all about tonnage,False,6277,DoctorJack16
1576589037829509121,2022-10-02 15:04:52+00:00,"@OriolVinyalsML @Tesla @karpathy Thanks, we have a great team",False,7000,OriolVinyalsML
1576588662762246146,2022-10-02 15:03:23+00:00,@Rainmaker1973 Beautiful,False,15638,Rainmaker1973
1576537774332596224,2022-10-02 11:41:10+00:00,@wintonARK Exactly,False,7586,wintonARK
1576537245900996608,2022-10-02 11:39:04+00:00,RT @Tesla: 2k Model Y built at Giga Berlin this week 🤘 https://t.co/4u4I517wdV,False,0,
1576531246980956161,2022-10-02 11:15:14+00:00,https://t.co/HdUl0etoao,False,235544,
1576383741479768066,2022-10-02 01:29:06+00:00,"Recording of Tesla AI Day 2022 
https://t.co/7LR51x7pXa",False,23911,
1576382868062081024,2022-10-02 01:25:38+00:00,Join https://t.co/FgKC8Zt4k9,False,25179,elonmusk
1576368498775068673,2022-10-02 00:28:32+00:00,@chicago_glenn @EvasTeslaSPlaid A little,False,2059,chicago_glenn
1576368269560516608,2022-10-02 00:27:37+00:00,@WholeMarsBlog That and giving it a brain,False,8219,WholeMarsBlog
1576367983051489281,2022-10-02 00:26:29+00:00,@EvasTeslaSPlaid And Wegovy,False,1570,elonmusk
1576363003603472384,2022-10-02 00:06:42+00:00,@ICannot_Enough Yes,False,11500,ICannot_Enough
1576297211058880512,2022-10-01 19:45:15+00:00,"RT @SpaceX: Falcon 9 and Dragon vertical on Launch Complex 39A; targeting Wednesday, October 5 for launch of the Crew-5 mission → https://t…",False,0,
1576198504913199104,2022-10-01 13:13:02+00:00,@EvasTeslaSPlaid Fasting,False,97394,EvasTeslaSPlaid
1576198060484415488,2022-10-01 13:11:16+00:00,"@Don_lyall @Neuro_Skeptic Uh oh, mine must be tiny!",False,2004,Don_lyall
1576080952345837568,2022-10-01 05:25:55+00:00,@karpathy 🤣,False,8239,karpathy
1576079918806376449,2022-10-01 05:21:49+00:00,🤖 🖤 https://t.co/eNhVVztXHM,False,99458,
1576078617712349184,2022-10-01 05:16:39+00:00,RT @Tesla: https://t.co/EzxImHtqBP,False,0,
1576048595010080768,2022-10-01 03:17:21+00:00,https://t.co/NluTMRAQfa,False,64441,elonmusk
1576047170293145602,2022-10-01 03:11:41+00:00,@AstroJordy 🔥🔥,False,4598,AstroJordy
1576046787739103235,2022-10-01 03:10:10+00:00,@NASASpaceflight 💯,False,5195,NASASpaceflight
1576046445764825088,2022-10-01 03:08:48+00:00,https://t.co/PHa7kKhFoT,False,518752,
1576045629821702144,2022-10-01 03:05:34+00:00,"Naturally, there will be a catgirl version of our Optimus robot",False,109409,
1576038326364053504,2022-10-01 02:36:33+00:00,"The point of AI Day is to show the immense depth &amp; breadth of Tesla in AI, compute hardware &amp; robotics",False,52941,
1576034738820636673,2022-10-01 02:22:17+00:00,@cb_doge @Tesla 🤣,False,2196,cb_doge
1576032150914154497,2022-10-01 02:12:00+00:00,@teslaownersSV Yup,False,7595,teslaownersSV
1576027908086280193,2022-10-01 01:55:09+00:00,RT @teslaownersSV: Tesla Bot coming out and dancing 🤣 @elonmusk https://t.co/TKT1lSGyqa,False,0,
1576010373848649729,2022-10-01 00:45:28+00:00,"@RyanAFournier Should be according to greatest need, not race or anything else",False,50150,RyanAFournier
1575977700547710976,2022-09-30 22:35:38+00:00,@ValaAfshar !!,False,14501,ValaAfshar
1575972110945558528,2022-09-30 22:13:26+00:00,Webcast link https://t.co/TrtjKph4Mk,False,17166,
1575970770584379392,2022-09-30 22:08:06+00:00,Tesla AI Day 2022 starts at precisely 6:15pm California time,False,42406,
1575969637631565825,2022-09-30 22:03:36+00:00,"@teslaownersSV @Tesla Tesla team is awesome, such an honor to work with them!",False,12399,teslaownersSV
1575900359075065856,2022-09-30 17:28:19+00:00,@MuskUniversity Now,False,9991,MuskUniversity
1575899741476425731,2022-09-30 17:25:51+00:00,@WholeMarsBlog That is not cgi,False,6780,elonmusk
1575898052979609600,2022-09-30 17:19:09+00:00,@WholeMarsBlog The hands of Optimus,False,6954,WholeMarsBlog
1575897534018465794,2022-09-30 17:17:05+00:00,@engineers_feed I still love the 747. Epic plane.,False,32812,engineers_feed
1575887257747062792,2022-09-30 16:36:15+00:00,@SawyerMerritt Haha 💯,False,6701,SawyerMerritt
1575873151543652352,2022-09-30 15:40:12+00:00,@Rainmaker1973 Such an incredible engine!,False,10729,Rainmaker1973
1575858408284073984,2022-09-30 14:41:37+00:00,RT @Tesla: Powerwall FTW!,False,0,
1575722398350864384,2022-09-30 05:41:09+00:00,@ajtourville 🤣,False,2177,ajtourville
1575721477709582336,2022-09-30 05:37:30+00:00,RT @Tesla: AI Day tomorrow https://t.co/oVenZDbVMQ,False,0,
1575655556412342272,2022-09-30 01:15:33+00:00,@NASAHubble @NASA @SpaceX Yay,False,13492,NASAHubble
1575581872913907712,2022-09-29 20:22:46+00:00,@MuskUniversity True,False,14586,MuskUniversity
1575509494510993408,2022-09-29 15:35:09+00:00,"Needs be able to get from Starbase to South Padre Island, which requires crossing the channel",False,56451,elonmusk
1575508878300618752,2022-09-29 15:32:42+00:00,@WholeMarsBlog Off-label use 🤣,False,54374,WholeMarsBlog
1575508498430820352,2022-09-29 15:31:12+00:00,"Cybertruck will be waterproof enough to serve briefly as a boat, so it can cross rivers, lakes &amp; even seas that aren’t too choppy",False,210301,
1575507735298207744,2022-09-29 15:28:10+00:00,@phibetakitten Submarines use electric motors under water …,False,19519,phibetakitten
1575507004407226374,2022-09-29 15:25:16+00:00,Works on land too,False,23522,elonmusk
1575500596206936065,2022-09-29 14:59:48+00:00,As well as advanced chip &amp; supercomputer engineers for next-gen training &amp; inference,False,23045,elonmusk
1575499184764899328,2022-09-29 14:54:11+00:00,"Note, this event is meant for recruiting AI &amp; robotics engineers, so will be highly technical https://t.co/BcxAEv6qJd",False,51852,
1575380409616986112,2022-09-29 07:02:13+00:00,@stevenmarkryan Pretty much. AI/robotics engineers who understand what problems need to be solved will like what they see.,False,9937,stevenmarkryan
1575377995371454464,2022-09-29 06:52:37+00:00,@WholeMarsBlog @Gfilche There will be lots of technical detail &amp; cool hardware demos,False,5116,WholeMarsBlog
1575377597873070080,2022-09-29 06:51:03+00:00,@Gfilche Good analysis,False,8642,Gfilche
1575271078221357056,2022-09-28 23:47:46+00:00,Rated for 280+ kph (174+ mph) winds https://t.co/qJBdykpTT9,False,14757,elonmusk
1575270119881601024,2022-09-28 23:43:58+00:00,Starlink Maritime system enables high speed Internet connectivity even in heavy seas &amp; hurricane winds https://t.co/6R4p73UGOT,False,48386,
1575268810109505536,2022-09-28 23:38:46+00:00,Last coal shipment arrived in Hawaii at same time as Tesla Megapack batteries that will enable 24/7 sustainable energy https://t.co/zlqJHLsAQq,False,44529,
1575227124931530753,2022-09-28 20:53:07+00:00,@BryceSpaceTech @SpaceX Still very tiny potatoes compared to what’s needed to make life multiplanetary,False,3389,elonmusk
1575226816347852800,2022-09-28 20:51:53+00:00,@BryceSpaceTech @SpaceX SpaceX now delivering about twice as much payload to orbit as rest of world combined,False,15673,BryceSpaceTech
1575211053901746177,2022-09-28 19:49:15+00:00,@Reuters Extremely concerning,False,34712,Reuters
1575210561964384258,2022-09-28 19:47:18+00:00,"@Teslarati @KlenderJoey How ironic, that’s what Henrik Fisker did to Tesla in 2007! Karma is a …",False,5322,Teslarati
1575131662354026497,2022-09-28 14:33:47+00:00,@alex_avoigt They need to add a lot of batteries to the grid to buffer energy,False,18537,alex_avoigt
1575021541103874048,2022-09-28 07:16:12+00:00,https://t.co/mEBAgBCCkj,False,161365,
1574958348163612672,2022-09-28 03:05:06+00:00,I guess this joke is a slow burn … 🥁,False,27627,elonmusk
1574957722415398912,2022-09-28 03:02:36+00:00,@WholeMarsBlog Big improvement in high speed cross-traffic velocity NN coming next month,False,12044,WholeMarsBlog
1574956999938256896,2022-09-28 02:59:44+00:00,@chrispavlovski @dbongino @rustyrockets Maybe worth talking at some point,False,9302,chrispavlovski
1574901832622612480,2022-09-27 23:20:31+00:00,Make “hair on fire” not just a metaphor,False,54582,
1574897832095408128,2022-09-27 23:04:38+00:00,https://t.co/1hbMzueALi,False,48073,
1574897489005510656,2022-09-27 23:03:16+00:00,Stand out in a crowd! Get noticed as you walk through the airport!,False,18153,elonmusk
1574896997416374272,2022-09-27 23:01:19+00:00,"Coming soon from @BoringCompany, the same people that sold you a Flamethrower",False,19085,elonmusk
1574895951973449729,2022-09-27 22:57:09+00:00,“Burnt Hair” – Scent for Men by Singed,False,45138,
1574888044905185281,2022-09-27 22:25:44+00:00,@dbongino @rustyrockets I’m a little preoccupied rn,False,10360,dbongino
1574887915385016321,2022-09-27 22:25:13+00:00,@ID_AA_Carmack Batteries ftw,False,5105,ID_AA_Carmack
1574885241948319744,2022-09-27 22:14:36+00:00,@rustyrockets Good point,False,35342,rustyrockets
1574803555873345536,2022-09-27 16:50:00+00:00,"My son, Saxon, was amazed that so many paper newspapers are still produced every day. 

He said they probably just search the Internet &amp; print it out. Yup, with rare exception, that is *actually* what they do haha.",False,114297,
1574794308523380744,2022-09-27 16:13:16+00:00,https://t.co/RcKPRe8eiM,False,607540,
1574773851523022850,2022-09-27 14:51:58+00:00,"Falcon 9 fairing cam captures 2nd stage plume, booster entry burn &amp; Earth in twilight https://t.co/ga9MpZKvK2",False,90770,
1574625957926707200,2022-09-27 05:04:18+00:00,"@lacker @ilyasut Even then, Lenin would’ve gotten nowhere without Ludendorff’s train",False,1842,lacker
1574563734802300928,2022-09-27 00:57:03+00:00,"RT @NASA: IMPACT SUCCESS! Watch from #DARTMIssion’s DRACO Camera, as the vending machine-sized spacecraft successfully collides with astero…",False,0,
1574193494436069377,2022-09-26 00:25:50+00:00,@Tesmanian_com Charming …,False,38301,Tesmanian_com
1574126470049431558,2022-09-25 19:59:30+00:00,https://t.co/qeiDmU3sOg,False,59813,elonmusk
1574120217411604481,2022-09-25 19:34:40+00:00,https://t.co/2wpp3F31jA,False,241773,
1574112663864430593,2022-09-25 19:04:39+00:00,Starlink now over 1M user terminals manufactured,False,155933,
1573983419159048192,2022-09-25 10:31:04+00:00,RT @SpaceX: Falcon 9 launches 52 Starlink satellites to orbit https://t.co/A4eGu4lmz0,False,0,
1573624036957065217,2022-09-24 10:43:01+00:00,@Stephen_Geiger Siegel is obviously correct,False,29378,Stephen_Geiger
1573379244268437504,2022-09-23 18:30:18+00:00,@SecBlinken Activating Starlink …,False,188605,SecBlinken
1573165011484413952,2022-09-23 04:19:01+00:00,@teslaownersSV @stevenmarkryan Education is the path out of poverty and Internet access enables education,False,14443,teslaownersSV
1573164441084067842,2022-09-23 04:16:45+00:00,@stevenmarkryan Exactly,False,4433,stevenmarkryan
1573144936756965376,2022-09-23 02:59:15+00:00,Starlink connecting schools in the Amazon https://t.co/Xy70D0sk8N,False,133135,
1573047790577614848,2022-09-22 20:33:13+00:00,@jackfarrington @PopMech It is,False,3680,jackfarrington
1573026765295030273,2022-09-22 19:09:40+00:00,@PopMech Why is this a PopMech story?,False,32199,PopMech
1573007878042296320,2022-09-22 17:54:37+00:00,@BillyM2k https://t.co/vFVHaB1l4t https://t.co/PupzZNZcPE,False,8459,BillyM2k
1573004188791066627,2022-09-22 17:39:58+00:00,@ajtourville @Twitter @paraga Yup (sigh),False,14248,ajtourville
1572986371295289351,2022-09-22 16:29:10+00:00,@MuskUniversity Fully reusable orbital rockets are the fundamental breakthrough needed for humanity to become a multiplanet species,False,9606,MuskUniversity
1572985952683065345,2022-09-22 16:27:30+00:00,"@stocktalkweekly @WholeMarsBlog @SawyerMerritt The terminology is outdated &amp; inaccurate. This is a tiny over-the-air software update. To the best of our knowledge, there have been no injuries.",False,9347,stocktalkweekly
1572970174629691395,2022-09-22 15:24:48+00:00,"@JoeTegtmeyer @teslascope @johnkrausphotos Your car needs a camera upgrade, which is free of charge. There are a few thousand cars in a similar situation. Replacement cameras will be available early next month.",False,3084,JoeTegtmeyer
1572968110235455488,2022-09-22 15:16:36+00:00,@Rainmaker1973 @biolocousb While (!pheromone) {},False,18076,Rainmaker1973
1572729532532023299,2022-09-21 23:28:35+00:00,@BillyM2k 🤣👍,False,15857,BillyM2k
1572693484213272580,2022-09-21 21:05:20+00:00,@teslaownersSV @SawyerMerritt Shaded patio,False,6654,teslaownersSV
1572693048433479680,2022-09-21 21:03:36+00:00,"@SawyerMerritt Actually, I live in a little house on Weems St that cost ~$50k (but I’ve done a lot with the place!)",False,60811,SawyerMerritt
1572692745633808384,2022-09-21 21:02:24+00:00,@MuskUniversity Aka cogency,False,4356,MuskUniversity
1572632382561484800,2022-09-21 17:02:32+00:00,@BillyM2k Looks awesome 😎,False,29092,BillyM2k
1572620091396878338,2022-09-21 16:13:42+00:00,@teslaownersSV @Teslarati Maybe little electric Tesla boats with a retro-futuristic Victorian design,False,4927,teslaownersSV
1572619068347404288,2022-09-21 16:09:38+00:00,"@Teslarati Long-term goal is a boardwalk with amenities that goes all the way to downtown Austin, so you can walk, bike or kayak",False,4449,elonmusk
1572617803936727046,2022-09-21 16:04:36+00:00,@Teslarati Area from south Giga to river really will be next-level great &amp; open to public!,False,6469,Teslarati
1572616456071938049,2022-09-21 15:59:15+00:00,"@Teslarati @KlenderJoey Ecological paradise plans from south portion of Giga Texas to river look great, however we must first get the factory financially on its feet",False,6769,Teslarati
1572605894499729408,2022-09-21 15:17:17+00:00,"@enn_nafnlaus @treygahigh @TaraBull808 @theliamnissan @RBReich I was instrumental in creating OpenAI, which made DALL-E",False,2440,enn_nafnlaus
1572604058116173828,2022-09-21 15:09:59+00:00,"@enn_nafnlaus @treygahigh @TaraBull808 @theliamnissan @RBReich Although his methods of instruction very strongly favored stick over carrot, I did learn a tremendous amount of engineering from him &amp; appreciation of art (he is an extremely talented artist)",False,1415,elonmusk
1572601652347117572,2022-09-21 15:00:26+00:00,"@enn_nafnlaus @TaraBull808 @treygahigh @theliamnissan @RBReich Boys High was a good school, but it was government, not private. Brooklyn would be considered a middle income, not exclusive, neighborhood in America.",False,1283,enn_nafnlaus
1572600332592762887,2022-09-21 14:55:11+00:00,@enn_nafnlaus @TaraBull808 @treygahigh @theliamnissan @RBReich For sure,False,1170,enn_nafnlaus
1572595710528262160,2022-09-21 14:36:49+00:00,"@enn_nafnlaus @treygahigh @TaraBull808 @theliamnissan @RBReich Errol ran out of money in the 90’s. My brother &amp; I financially supported him &amp; his extended family in South Africa since then on condition that he not do bad things. Unfortunately, he did do bad things :(",False,2282,enn_nafnlaus
1572593059535228936,2022-09-21 14:26:17+00:00,@enn_nafnlaus @treygahigh @TaraBull808 @theliamnissan @RBReich This is true,False,1355,enn_nafnlaus
1572586993233829890,2022-09-21 14:02:11+00:00,"@Teslarati @ResidentSponge With some improvements, it will achieve 300 Mps",False,14327,Teslarati
1572585205231407104,2022-09-21 13:55:04+00:00,"@enn_nafnlaus @TaraBull808 @treygahigh @theliamnissan @RBReich Incorrect. There was tuition for students from outside the school district, which was a small part of the student body, incl black students, but not for students in district, which I was.

Also, I was there for 2.5 years, previously attending govt schools for 9 of 12 years.",False,1692,enn_nafnlaus
1572570349426085888,2022-09-21 12:56:02+00:00,"@enn_nafnlaus @treygahigh @TaraBull808 @theliamnissan @RBReich I went to government schools, not private, except for part of one year in third grade",False,1919,enn_nafnlaus
1572568337263243264,2022-09-21 12:48:03+00:00,"@NASASpaceflight @yasin_shafiei @thejackbeyer @BocaChicaGal @NicAnsuini Probably Q2 next year, with vehicles initially transferred by boat from Port of Brownsville to the Cape",False,4144,NASASpaceflight
1572567768607916033,2022-09-21 12:45:47+00:00,@cb_doge @PPathole @RBReich 🤣,False,1937,cb_doge
1572566201775329281,2022-09-21 12:39:34+00:00,@PPathole @RBReich https://t.co/82b0Msiktf,False,5462,PPathole
1572564908381999105,2022-09-21 12:34:25+00:00,"@BnOrdhaug @yasin_shafiei @thejackbeyer @NASASpaceflight @BocaChicaGal @NicAnsuini That’s the plan. We’re taking a little  risk there, as engine isolation was done as retrofit, so not as good as on Booster 9.",False,2267,BnOrdhaug
1572563987258290177,2022-09-21 12:30:46+00:00,"@yasin_shafiei @thejackbeyer @NASASpaceflight @BocaChicaGal @NicAnsuini Late next month maybe, but November seems highly likely. We will have two boosters &amp; ships ready for orbital flight by then, with full stack production at roughly one every two months.",False,4673,yasin_shafiei
1572561810129321984,2022-09-21 12:22:06+00:00,"@thejackbeyer @NASASpaceflight @BocaChicaGal @NicAnsuini Our focus is on reliability upgrades for flight on Booster 7 and completing Booster 9, which has many design changes, especially for full engine RUD isolation.",False,5547,thejackbeyer
1572560781220417536,2022-09-21 12:18:01+00:00,@enn_nafnlaus @theliamnissan @RBReich Exactly,False,3641,enn_nafnlaus
1572421645868105730,2022-09-21 03:05:09+00:00,@teslaownersSV @chicago_glenn @Twitter Seems that way @Twitter @paraga,False,2620,teslaownersSV
1572420037834690560,2022-09-21 02:58:45+00:00,@chicago_glenn .@Twitter what’s going on?,False,1474,chicago_glenn
1572419769940447232,2022-09-21 02:57:41+00:00,@TrungTPhan @McDonalds Such miracles are impossible,False,8086,TrungTPhan
1572417881983549441,2022-09-21 02:50:11+00:00,@ruffpast @stevenmarkryan @SawyerMerritt @mayemusk @RBReich @PenguinBooks That’s a real picture?,False,1985,ruffpast
1572417733865926660,2022-09-21 02:49:36+00:00,@stevenmarkryan @SawyerMerritt @mayemusk @RBReich @PenguinBooks Absolutely,False,2272,stevenmarkryan
1572416922360184832,2022-09-21 02:46:23+00:00,"@jhall @RBReich Unsurprisingly, Reich is also a hypocrite",False,2379,jhall
1572415723846406151,2022-09-21 02:41:37+00:00,@teslaownersSV @RBReich Reich is suicidally boring,False,12388,teslaownersSV
1572415147049623552,2022-09-21 02:39:19+00:00,@TrungTPhan 🤣,False,44027,TrungTPhan
1572414455681814528,2022-09-21 02:36:34+00:00,@RBReich You both an idiot and a liar,False,55111,RBReich
1572396931866918914,2022-09-21 01:26:56+00:00,@BillyM2k 🤣,False,7983,BillyM2k
1572396742267609090,2022-09-21 01:26:11+00:00,@ajtourville @parag @Twitter Curiouser and curiouser …,False,10064,ajtourville
1572264954727890949,2022-09-20 16:42:31+00:00,@BillyM2k @Austen Same,False,4573,BillyM2k
1572209914327736320,2022-09-20 13:03:48+00:00,@BLKMDL3 @teslascope @johnkrausphotos Yes,False,1955,BLKMDL3
1572206530614947840,2022-09-20 12:50:21+00:00,"@ToscaMusk @kimbal Happy birthday bro, love you",False,15149,ToscaMusk
1572091244796329987,2022-09-20 05:12:15+00:00,"@teslascope @johnkrausphotos Yes, all US &amp; Canada cars with safety scores above 80 should receive an invitation to download FSD Beta by tomorrow",False,3391,teslascope
1572090491050799107,2022-09-20 05:09:15+00:00,"@teslaownersSV @johnkrausphotos Note, Autopilot/AI team is also working on Optimus and (actually smart) summon/autopark, which have end of month deadlines",False,6014,elonmusk
1572090022156705792,2022-09-20 05:07:23+00:00,@teslaownersSV @johnkrausphotos Next month,False,2976,teslaownersSV
1572089202338045953,2022-09-20 05:04:08+00:00,@johnkrausphotos Yes,False,2504,johnkrausphotos
1572052753194811392,2022-09-20 02:39:18+00:00,@agusantonetti @erfan_kasraie Ok,False,12549,agusantonetti
1571988764947320832,2022-09-19 22:25:02+00:00,@erfan_kasraie Starlink will ask for an exemption to Iranian sanctions in this regard,False,55535,erfan_kasraie
1571988325053116418,2022-09-19 22:23:17+00:00,@JitoKayumba @SpaceX Looking forward to providing Starlink service to the people of Zambia!,False,28236,JitoKayumba
1571983721024086018,2022-09-19 22:04:59+00:00,@chazman @aelluswamy Car will move on tighter gaps as we enhance NN velocity predictions for crossing traffic. 10.69.3 next month has some step-change improvements.,False,7058,chazman
1571981937417326595,2022-09-19 21:57:54+00:00,*10.69.2.2,False,29631,elonmusk
1571966834659794947,2022-09-19 20:57:53+00:00,"FSD Beta 10.69.2.1 looks good, extending to 160k owners in US &amp; Canada",False,46175,
1571966300892856320,2022-09-19 20:55:46+00:00,@MuskUniversity Profoundly important concept,False,7694,MuskUniversity
1571945690867331072,2022-09-19 19:33:52+00:00,"Baltasar Gracián, Oráculo Manual y Arte de Prudencia",False,36065,
1571936169801179138,2022-09-19 18:56:02+00:00,Great for clearing dust!,False,60998,elonmusk
1571935414448963586,2022-09-19 18:53:02+00:00,"@Erdayastronaut @NASASpaceflight Booster 7 now returns to high bay for robustness upgrades &amp; booster 8 moves to pad for testing.

Next big test is probably full stack wet dress rehearsal, then 33 engine firing in a few weeks.",False,11113,Erdayastronaut
1571929797185667072,2022-09-19 18:30:43+00:00,7 engine static fire https://t.co/sOm8Jx8rJq,False,139706,
1571922160226271238,2022-09-19 18:00:22+00:00,@NASASpaceflight Chamber pressure looked good on all 7 engines,False,17495,NASASpaceflight
1571910631971758081,2022-09-19 17:14:34+00:00,"@SciGuySpace Yes, seven engine static fire",False,10108,SciGuySpace
1571910415801516033,2022-09-19 17:13:42+00:00,@RonMadison11 @CathieDWood @federalreserve There is too much latency in Fed decisions. Problematic in a fast-changing world.,False,3609,RonMadison11
1571898966731530240,2022-09-19 16:28:12+00:00,@PopMech Tunnels ftw,False,7727,PopMech
1571880816468439040,2022-09-19 15:16:05+00:00,"@CathieDWood Yes, the fundamental error is reasoning by analogy, rather than first principles",False,13410,CathieDWood
1571748448591814657,2022-09-19 06:30:06+00:00,"starry, starry night 
paint your palette
blue and gray https://t.co/iUm9pzfDGc",False,210915,
1571702286854004736,2022-09-19 03:26:40+00:00,"Starlink is now active on all continents, including Antarctica 
https://t.co/Q1VvqV5G0i",False,119007,
1571695462377263104,2022-09-19 02:59:33+00:00,@SpaceX Another batch with lasers reaches orbit,False,37091,SpaceX
1571550634326777856,2022-09-18 17:24:03+00:00,@PPathole @NewsfromScience @ScienceVisuals True,False,3240,PPathole
1571540353978859526,2022-09-18 16:43:12+00:00,"@NewsfromScience @ScienceVisuals Starship will be an incredible enabler for science. Full reusability &amp; high production rate drive several orders of magnitude improvement in $/kg to orbit &amp; beyond.

Next gen Starlink constellation is primary user of this rocket, so science doesn’t need to cover fixed cost.",False,17510,NewsfromScience
1571346394811711488,2022-09-18 03:52:29+00:00,"@Kristennetten Should be Alexander, the Greatest. After all, is there a better Alexander?",False,5609,Kristennetten
1571345862575460354,2022-09-18 03:50:22+00:00,@cb_doge 🤣,False,1774,cb_doge
1571337302416437252,2022-09-18 03:16:21+00:00,https://t.co/VDcpkjm56j,False,262285,
1571261750640525313,2022-09-17 22:16:08+00:00,@erikbryn @ericschmidt @CondoleezzaRice @scsp_ai @Ukraine Hyperloop could do that trip in less than half an hour,False,4134,erikbryn
1571223543110664199,2022-09-17 19:44:19+00:00,@Rainmaker1973 Looks like they’re fighting an actual fire demon!,False,55359,Rainmaker1973
1571154307759603718,2022-09-17 15:09:12+00:00,to help mend the fault in our stars,False,54479,elonmusk
1571148447444783105,2022-09-17 14:45:55+00:00,@LarckeningXuruo @cb_doge It will be later this year when laser links activate on polar constellation,False,2781,LarckeningXuruo
1570952805833379840,2022-09-17 01:48:30+00:00,Starlink is meant for peaceful use only,False,224938,
1570886951259238401,2022-09-16 21:26:49+00:00,@ExposingBiden @MUSCkids Is it really true that four-year-olds are receiving hormone treatment?,False,32681,ExposingBiden
1570886136930922496,2022-09-16 21:23:35+00:00,"@NaturePortfolio @NaturePhysics Technically true, but Earth’s economy is extremely far from physical limits. 

Energy is the foundation of the economy, but we’re using a very tiny amount of available energy, even if we only used PV.",False,10118,NaturePortfolio
1570441171431985152,2022-09-15 15:55:27+00:00,@GailAlfarATX @Tesla @aelluswamy Beta expanding to safety scores above 80 after 10.69.2.1 goes out,False,5285,elonmusk
1570439829732851713,2022-09-15 15:50:07+00:00,"@GailAlfarATX @Tesla @aelluswamy 10.69.2.1 coming out in a few days with additional polish, 10.69.3 comes out shortly after AI Day",False,13565,GailAlfarATX
1570206531005849601,2022-09-15 00:23:04+00:00,@ilyasut or their short shorts https://t.co/Ek4Xby92ga,False,36576,ilyasut
1569953613073764352,2022-09-14 07:38:04+00:00,"Salted butter is amazing, but should be stored at room temperature https://t.co/8RSr340JB8",False,132502,
1569951122231787521,2022-09-14 07:28:10+00:00,@corey_aronson @CathieDWood Drop 0.25%,False,3685,corey_aronson
1569948349549379585,2022-09-14 07:17:09+00:00,"@CathieDWood Exactly, this is neither subtle nor secret",False,12786,CathieDWood
1569900069943660545,2022-09-14 04:05:18+00:00,"@WholeMarsBlog Layers upon layers of neural nets, ever higher",False,9536,WholeMarsBlog
1569898054257639427,2022-09-14 03:57:18+00:00,https://t.co/xMoL9wdXh6,False,295188,
1569834935032356864,2022-09-13 23:46:29+00:00,@HuobiGlobal Subtle 🤣,False,2355,HuobiGlobal
1569833588996345856,2022-09-13 23:41:08+00:00,@HuobiGlobal 🤣,False,1952,HuobiGlobal
1569824665581006850,2022-09-13 23:05:40+00:00,"Note, we are working on making the whistle sound much louder",False,29813,elonmusk
1569824256388923393,2022-09-13 23:04:03+00:00,But u have to pay in Doge,False,41222,elonmusk
1569823898442829826,2022-09-13 23:02:37+00:00,"Blow the whistle!
https://t.co/RQLDti0ULZ",False,52391,
1569791511591813120,2022-09-13 20:53:56+00:00,@chrissyfarr True,False,2197,chrissyfarr
1569781068370219009,2022-09-13 20:12:26+00:00,@kimbal Could be worse,False,2674,kimbal
1569771032092856328,2022-09-13 19:32:33+00:00,@prasad_s7 @JGrupe @Tesla @SawyerMerritt @DirtyTesLa Fair point,False,1768,prasad_s7
1569770519070740480,2022-09-13 19:30:31+00:00,@spideycyp_155 🤣👍,False,1927,spideycyp_155
1569769614728646656,2022-09-13 19:26:55+00:00,@andst7 Good thread,False,3476,andst7
1569760174704926723,2022-09-13 18:49:25+00:00,https://t.co/qjjDVyOszp,False,39501,
1569759897176231937,2022-09-13 18:48:18+00:00,@TaraBull808 Sounds pretty bad,False,5892,TaraBull808
1569749569377812480,2022-09-13 18:07:16+00:00,"Please fix @twitter, @verified, @paraga",False,34397,elonmusk
1569749150555594753,2022-09-13 18:05:36+00:00,My tweets are being suppressed!,False,133261,
1569747502135480323,2022-09-13 17:59:03+00:00,@ajtourville 🤣,False,1518,ajtourville
1569746673794011138,2022-09-13 17:55:46+00:00,"This says it all:
“None of the members of the Stripe chat who spoke with me said that they accepted payment or agreed to speak to the firms about Zatko, and all said they wished to defend his credibility.”",False,11630,elonmusk
1569744148881866758,2022-09-13 17:45:44+00:00,Anyone know who the secret clients are? Let’s out them on Twitter rn haha. https://t.co/g8D1mQZLRv,False,19693,
1569735652731719680,2022-09-13 17:11:58+00:00,@JohnArnoldFndtn Absolutely,False,2243,JohnArnoldFndtn
1569731835239735296,2022-09-13 16:56:48+00:00,@JGrupe @Tesla @SawyerMerritt @DirtyTesLa True,False,10646,JGrupe
1569731699726221312,2022-09-13 16:56:16+00:00,@TeslaHype I’m testing it today in Palo Alto,False,2074,TeslaHype
1569730467322019842,2022-09-13 16:51:22+00:00,Rome show is underappreciated https://t.co/oqd3B6O5Mw,False,21577,
1569728315212038145,2022-09-13 16:42:49+00:00,"@Tesmanian_com This was harder than reaching volume production, which was insanely hard",False,6605,Tesmanian_com
1569699453786898432,2022-09-13 14:48:08+00:00,🍿,False,50678,
1569506041666375682,2022-09-13 01:59:35+00:00,@HardcoreHistory There is appetite for an infinite number of interesting tweets,False,7351,HardcoreHistory
1569505571820437506,2022-09-13 01:57:42+00:00,@BillyM2k 🤣,False,13276,BillyM2k
1569480022481567749,2022-09-13 00:16:11+00:00,Take a moment to … https://t.co/R3hK5u4UW6,False,375818,
1569450579633766402,2022-09-12 22:19:11+00:00,The residual value of gasoline cars bought today will be much lower than people think,False,38400,elonmusk
1569449256892891137,2022-09-12 22:13:56+00:00,@EvaFoxU Supercharger centers with solar &amp; batteries are the long-term vision,False,11791,EvaFoxU
1569417348179759107,2022-09-12 20:07:08+00:00,Won’t be long before we view gasoline cars the same way we view steam engines today,False,182638,
1569411918011449345,2022-09-12 19:45:34+00:00,@TrimontiumTrust @HardcoreHistory Socrates can be a little boring tbh,False,8060,TrimontiumTrust
1569382873198886918,2022-09-12 17:50:09+00:00,@ICannot_Enough @ilyasut Yes,False,2564,ICannot_Enough
1569381543184941060,2022-09-12 17:44:52+00:00,"@ilyasut Our view of reality is always wrong, just a question of how wrong",False,23053,ilyasut
1569200178254454785,2022-09-12 05:44:11+00:00,@teslaownersSV @cb_doge @Tesla @mayemusk I guess we could make Joe mode quieter,False,3777,teslaownersSV
1569199888885219330,2022-09-12 05:43:02+00:00,"@cb_doge @Tesla @mayemusk Still doing same thing, but bigger",False,58829,cb_doge
1569178980703502337,2022-09-12 04:19:57+00:00,Looks good to roll out to all Tesla owners with 10.12.2 (~100k cars)!,False,21299,elonmusk
1569165163093282816,2022-09-12 03:25:03+00:00,@Tesla__Mania @WholeMarsBlog That is probably the right order of magnitude,False,1973,Tesla__Mania
1569140947396575234,2022-09-12 01:48:49+00:00,@WholeMarsBlog Real-world validation &amp; billions of miles of real-world training are what will make FSD superhuman,False,5022,WholeMarsBlog
1569133939876413440,2022-09-12 01:20:59+00:00,@Teslarati @JohnnaCrider1 Yup,False,19515,Teslarati
1569076870838116352,2022-09-11 21:34:12+00:00,@cb_doge @paraga Sigh,False,2233,cb_doge
1569076207194365953,2022-09-11 21:31:34+00:00,"FSD Beta 10.69.2 rolling out now. Please note that top priority is safety, so expect it to be overly cautious, especially around pedestrians.",False,47736,
1568796529690902529,2022-09-11 03:00:14+00:00,Falcon arching to orbit https://t.co/m7grug8FV9,False,182748,
1568788727014752257,2022-09-11 02:29:13+00:00,No obvious limit to rocket reflight so far https://t.co/rBrcyjxJea,False,47178,
1568753942414168065,2022-09-11 00:11:00+00:00,@Austen Instagram is an envy amplifier,False,82404,Austen
1568708195601743872,2022-09-10 21:09:13+00:00,@DirtyTesLa @WholeMarsBlog Yes,False,2252,DirtyTesLa
1568702556809101313,2022-09-10 20:46:49+00:00,"@WholeMarsBlog Team found a bug causing an 8% delay in detecting pedestrians at &gt;50m. That’s been fixed, so rolling out tonight.",False,4879,elonmusk
1568650661029621760,2022-09-10 17:20:36+00:00,@EvaFoxU 🔥🤣,False,2769,EvaFoxU
1568647635904655361,2022-09-10 17:08:35+00:00,@chicago_glenn @stevenmarkryan @WholeMarsBlog That’s pretty accurate,False,2599,chicago_glenn
1568645932694274048,2022-09-10 17:01:49+00:00,@stevenmarkryan @WholeMarsBlog Haha,False,2520,stevenmarkryan
1568645533304233984,2022-09-10 17:00:13+00:00,Astronomy too,False,40021,elonmusk
1568416675950641152,2022-09-10 01:50:49+00:00,"@WholeMarsBlog Internal beta rollout tonight, wider tomorrow",False,4851,elonmusk
1568406310680412161,2022-09-10 01:09:38+00:00,@WholeMarsBlog It’s coming!,False,12935,WholeMarsBlog
1568386909793325060,2022-09-09 23:52:33+00:00,Take Materials Science 101. You won’t regret it.,False,143274,
1568383953370767365,2022-09-09 23:40:48+00:00,A major Fed rate hike risks deflation,False,85337,
1568366754191081473,2022-09-09 22:32:27+00:00,@_bennettm_ Please lmk when that happens,False,3238,_bennettm_
1568365909806387201,2022-09-09 22:29:06+00:00,"@TeslaGong Absolutely, the Tesla fleet in Australia is growing rapidly, so we do need to ramp up service in general",False,2685,TeslaGong
1568364238451740674,2022-09-09 22:22:27+00:00,Tesla North America aiming for &gt;50% same hour service,False,39756,
1568363393827962882,2022-09-09 22:19:06+00:00,@andst7 🤣,False,10377,andst7
1568355935336153088,2022-09-09 21:49:28+00:00,@EvaFoxU @cb_doge @BillyM2k @cz_binance Anubis,False,1761,EvaFoxU
1568345070767841282,2022-09-09 21:06:17+00:00,"@BillyM2k @cz_binance Nice. I’m dressing up as a sink &amp; knocking on random doors. Once they see me, they will have no choice but to let that sink in.",False,32029,BillyM2k
1568314201873186817,2022-09-09 19:03:38+00:00,@SpaceX One of our most complex missions,False,19960,SpaceX
1568090684829188102,2022-09-09 04:15:27+00:00,@EvasTeslaSPlaid @paraga Bot block party,False,24733,EvasTeslaSPlaid
1568018005652553736,2022-09-08 23:26:39+00:00,@CodingMark @Andy8671025 @WholeMarsBlog Assuming 25% efficient PV cells at 0.8 surface coverage,False,2172,elonmusk
1568017475325014016,2022-09-08 23:24:33+00:00,"@CodingMark @Andy8671025 @WholeMarsBlog Exactly. Ecosystem is almost entirely dependent on the sun already. 

Civilization’s energy needs are absurdly tiny compared to what the sun sends us for free (~1 GWh/day/km^2).",False,2939,CodingMark
1568012966989299712,2022-09-08 23:06:38+00:00,"@CSI_Starbase Yup, there’s a reason we do static fires! Much better to break things on the ground than en route to orbit.",False,19520,CSI_Starbase
1568012443233779712,2022-09-08 23:04:33+00:00,"@Andy8671025 @WholeMarsBlog Solar panels, ground mount &amp; rooftop, paired with stationary batteries, will be civilization’s primary source of energy, as sure as day follows night. 

Mark these words.",False,2969,Andy8671025
1567975849110171650,2022-09-08 20:39:08+00:00,@Tesla I love the graffiti art at Giga Berlin!,False,21410,Tesla
1567975631727501314,2022-09-08 20:38:16+00:00,@WholeMarsBlog So much empty land &amp; only a tiny percentage needed to power entire country!,False,33758,WholeMarsBlog
1567975438064189440,2022-09-08 20:37:30+00:00,@WholeMarsBlog It’s looking good so far,False,6978,WholeMarsBlog
1567975035243044876,2022-09-08 20:35:54+00:00,@EvaFoxU Indeed,False,45521,EvaFoxU
1567930757473091584,2022-09-08 17:39:57+00:00,"@BLKMDL3 @Apple @SpaceX We’ve had some promising conversations with Apple about Starlink connectivity. iPhone team is obv super smart.

For sure, closing link from space to phone will work best if phone software &amp; hardware adapt to space-based signals vs Starlink purely emulating cell tower.",False,9828,BLKMDL3
1567929834562625540,2022-09-08 17:36:17+00:00,"@austinhinson_ @Tesla Note, I am putting a lot of time personally into advancing Tesla service to make it awesome. Hopefully, this is starting to be felt by Tesla owners.",False,12895,elonmusk
1567915815273365509,2022-09-08 16:40:35+00:00,"@austinhinson_ You’re right, we should credit Tesla owners $100 if we change appointments with less than 24 hours notice. Should be reciprocal. @Tesla",False,80614,austinhinson_
1567806055463149568,2022-09-08 09:24:26+00:00,@teslaownersSV Lot of people still don’t realize Tesla makes uninterruptible power supplies for your whole home (Powerwall),False,5928,teslaownersSV
1567805472039747585,2022-09-08 09:22:07+00:00,And remember 💕 https://t.co/unsJK0CjM9,False,108976,
1567804695560716290,2022-09-08 09:19:02+00:00,@da5is This thread brings back a lot of memories,False,7850,da5is
1567789895669747712,2022-09-08 08:20:13+00:00,@ev_australia @Tesla @SawyerMerritt @EvaFoxU @miku919191 @tesla_adri @PPathole @TeslaHype @TeslaDiva99 @teslaownersau @techAU We have since improved it further,False,7291,ev_australia
1567789461899038721,2022-09-08 08:18:30+00:00,"@WholeMarsBlog The primary solution to a sustainable energy future is solar/wind with batteries for when sun doesn’t shine or wind doesn’t blow, interconnected with conventional high voltage lines. No unknown technology is needed!

Hydro+geothermal+fission will also be non-trivial contributors.",False,5847,elonmusk
1567783902273540100,2022-09-08 07:56:24+00:00,"@WholeMarsBlog Fusion would be expensive energy, given difficulty of obtaining and transporting source fuel, plus maintaining the reactor. 

Far better to use the Sun – thermonuclear reactor with no need to refuel or service.",False,19125,WholeMarsBlog
1567732942637617153,2022-09-08 04:33:55+00:00,@lexfridman 🤔,False,7089,lexfridman
1567732884856872962,2022-09-08 04:33:41+00:00,RT @Tesla: 🎨🏭 https://t.co/UKj6vWDX2v,False,0,
1567727610544721921,2022-09-08 04:12:43+00:00,"@chicago_glenn Only 64 squares, no fog of war, no tech tree, only a few different pieces,no random spawn. Chess is a simple game. I prefer Polytopia.",False,2253,chicago_glenn
1567703605460836352,2022-09-08 02:37:20+00:00,@Techmeme @pkafka Interesting …,False,40829,Techmeme
1567463396999561216,2022-09-07 10:42:50+00:00,RT @Tesla: Tesla Model Y receives highest safety score of any vehicle ever tested https://t.co/SJDXowtkGw,False,0,
1567367045435609089,2022-09-07 04:19:58+00:00,“That’s not punny!”,False,77169,
1567329298087804930,2022-09-07 01:49:58+00:00,RT @Tesla: Enter your destination &amp; your Tesla will automatically include Supercharging stops in your route,False,0,
1567267044692729856,2022-09-06 21:42:36+00:00,@WholeMarsBlog More solar + batteries needed. Batteries are great at dealing with peak demand.,False,22097,WholeMarsBlog
1567205139731124224,2022-09-06 17:36:37+00:00,@kerrikgray @lexfridman 👍,False,2269,kerrikgray
1567201841590550531,2022-09-06 17:23:30+00:00,"@lexfridman I accept 99% of cookies, but 💯 if choc chip",False,69701,lexfridman
1567194664008024071,2022-09-06 16:54:59+00:00,"@garyblack00 If Twitter put as much effort into bot/spam removal as they do into subpoenas, we wouldn’t have this problem in the first place!",False,10416,elonmusk
1567193406517960704,2022-09-06 16:49:59+00:00,@cb_doge @musicphantom69 🤣,False,4023,cb_doge
1567192839024435206,2022-09-06 16:47:44+00:00,"@garyblack00 We have advised all potential witnesses to provide full cooperation to the court, but we do not control their actions",False,3297,elonmusk
1567192288442388481,2022-09-06 16:45:33+00:00,@garyblack00 Read the actual ruling. We had zero to do with David Sack’s response. Zero.,False,4316,garyblack00
1567178433381240833,2022-09-06 15:50:29+00:00,@musicphantom69 Those who claim any criticism of Rings of Power means you’re racist are outing themselves as closet racists,False,12508,musicphantom69
1567139578166890506,2022-09-06 13:16:06+00:00,@joshcarlosjosh Peter Jackson did excellent work with Lord of the Rings. The Hobbit was stretched too long for a short book.,False,2405,joshcarlosjosh
1566950472015028225,2022-09-06 00:44:39+00:00,"@SawyerMerritt @Tesla For now, supply is too low, but ordering a Powerwall by itself should be possible end of year",False,5619,SawyerMerritt
1566937887735676928,2022-09-05 23:54:39+00:00,@Teslarati @JohnnaCrider1 Cool,False,9249,Teslarati
1566936909980614662,2022-09-05 23:50:46+00:00,Order a Tesla Powerwall battery for blackout protection! https://t.co/tEE4LDBD78,False,47427,
1566853171720470528,2022-09-05 18:18:01+00:00,And 90% of my comments are bots 🤖 https://t.co/A7RKyNJZoR,False,80651,elonmusk
1566852513235705856,2022-09-05 18:15:24+00:00,"Almost every male character so far is a coward, a jerk or both. Only Galadriel is brave, smart and nice.",False,134338,elonmusk
1566849487858982914,2022-09-05 18:03:23+00:00,@WholeMarsBlog Release of 10.69.2 probably end of week. Needs a bit more polish.,False,4224,elonmusk
1566849074762059777,2022-09-05 18:01:44+00:00,Tolkien is turning in his grave,False,290661,
1566848612092477451,2022-09-05 17:59:54+00:00,"@WholeMarsBlog 10.69.2 has a relatively small number of code changes, but their practical effect will be significant",False,8293,WholeMarsBlog
1566842660819804168,2022-09-05 17:36:15+00:00,@SpaceX More Starlinks reach orbit,False,30181,SpaceX
1566834137742417923,2022-09-05 17:02:23+00:00,@andst7 It will probably help proportionate to the cost of raising children,False,2073,andst7
1566822635056599043,2022-09-05 16:16:41+00:00,@andst7 Important. South Korea is currently tracking to lose about half its population roughly every generation. Long lifespan hides the dire nature of the problem.,False,21446,andst7
1566234349921374209,2022-09-04 01:19:02+00:00,@cb_doge .@Chrisrock invited me to open for one of his shows. Thanks Chris! I will try not to flounder too much.,False,47897,cb_doge
1566233616543125505,2022-09-04 01:16:08+00:00,"@sirxapex @SciGuySpace Yes, also very important",False,2739,sirxapex
1566233000458592256,2022-09-04 01:13:41+00:00,"@SciGuySpace Accurate assessment. Raptor design started out using H2, but switched to CH4. Latter is best combo of high efficiency &amp; ease of operation imo.

Delta-v difference between H2 &amp; CH4 is small for most missions, because CH4 tank is much smaller &amp; no insulation is needed.",False,10425,SciGuySpace
1565884647950626816,2022-09-03 02:09:27+00:00,@heydave7 Moody’s is irrelevant,False,35832,heydave7
1565883786847326209,2022-09-03 02:06:02+00:00,https://t.co/L8gLdGE74c,False,83610,
1565441825376243713,2022-09-01 20:49:50+00:00,@Michaelgr1011 @LAPDHQ @RickCarusoLA @ericgarcetti @MayorOfLA @lapdVanNuysDiv Hope Connor is ok!,False,8825,Michaelgr1011
1565413073615290368,2022-09-01 18:55:35+00:00,@VinceCoglianese !!,False,20545,VinceCoglianese
1565373527699689472,2022-09-01 16:18:26+00:00,@waitbutwhy @Kurz_Gesagt !,False,7663,waitbutwhy
1565190122924015616,2022-09-01 04:09:39+00:00,"On a $/bot basis, this deal is awesome",False,56777,elonmusk
1565189065158311937,2022-09-01 04:05:27+00:00,"Sure sounds higher than 5%!
 https://t.co/Va7TxxzoI6",False,94101,
1565001329033981954,2022-08-31 15:39:27+00:00,@ChrisZheng001 I intend to do so as soon as possible,False,11928,ChrisZheng001
1564995664408219648,2022-08-31 15:16:57+00:00,@teslaownersSV 🤣,False,48671,teslaownersSV
1564994769826172929,2022-08-31 15:13:23+00:00,"@SciGuySpace Yeah, aiming for up to 100 flights next year",False,15216,SciGuySpace
1564993132873146368,2022-08-31 15:06:53+00:00,Now launching every ~5 days https://t.co/KJYG5CKPYx,False,60719,
1564992284919099395,2022-08-31 15:03:31+00:00,RT @SpaceX: Falcon 9 launches Starlink to orbit for SpaceX’s sixth launch this month https://t.co/9YOCAZkIxJ,False,0,
1564749455588560900,2022-08-30 22:58:36+00:00,RT @Tesla: Extreme heat and durability testing in Dubai 🐫 https://t.co/xOmt7G9seh,False,0,
1564748039344082949,2022-08-30 22:52:58+00:00,@WholeMarsBlog @jonbbc @aelluswamy 10.69.2 goes out to 100k owners next week,False,5901,WholeMarsBlog
1564747543979892736,2022-08-30 22:51:00+00:00,@MuskUniversity SJM question,False,8742,MuskUniversity
1564747303646265346,2022-08-30 22:50:03+00:00,Spent the day walking entire Giga Berlin production line – team is doing excellent work!,False,116049,
1564746666414166028,2022-08-30 22:47:31+00:00,"@jonbbc @WholeMarsBlog @aelluswamy 10.69.1 is even better. We reduced latency &amp; jitter in hardware command loop, so time from object detection to brake actuation is 10% to 20% better.",False,7769,jonbbc
1564744331554131971,2022-08-30 22:38:14+00:00,Kickass Internet connection coming Royal Caribbean ships soon! https://t.co/8qJRiUuNah,False,66715,
1564532969175322624,2022-08-30 08:38:22+00:00,@MuskUniversity It’s true,False,16383,MuskUniversity
1564532904998289409,2022-08-30 08:38:06+00:00,@teslaownersSV @SpaceX Ancient times,False,26648,teslaownersSV
1564300172753915904,2022-08-29 17:13:19+00:00,@teslaownersSV It will grow by at least 5 to 10 meters over time,False,40515,teslaownersSV
1564075005691961345,2022-08-29 02:18:35+00:00,"@WholeMarsBlog First few days, just 1k owners, but going to 10k if no major issues. 

Note, 10.69.2, hopefully going out week after this, is the wide release beta.",False,8523,WholeMarsBlog
1564073223289028614,2022-08-29 02:11:30+00:00,@MuskUniversity Good to ask yourself this often,False,20388,MuskUniversity
1564073147636252674,2022-08-29 02:11:12+00:00,"@CSI_Starbase Agreed, we recently made this change &amp; many others.

An intense effort is underway to achieve robust engine containment in case of RUD to protect booster, other engines &amp; launch ring.",False,5466,CSI_Starbase
